solid auto-kdk-case
facet normal 0.0006212315631786625 -0.9999997994006916 -0.00012357152426073527
outer loop
vertex 53 -58.19999694824219 -9.949999809265137
vertex 52.88581848144531 -58.19999694824219 -10.524024963378906
vertex 73.35118865966797 -58.187042236328125 -12.474113464355469
endloop
endfacet
facet normal 0.0005637198691337896 -0.9999994852201423 -0.000843670172346163
outer loop
vertex 52.56066131591797 -58.19999694824219 -11.010660171508789
vertex 52.07402420043945 -58.19999694824219 -11.335819244384766
vertex 73.35118865966797 -58.187042236328125 -12.474113464355469
endloop
endfacet
facet normal -0.38805089063345305 0.9207169713926043 -0.04119180583822281
outer loop
vertex -101.79373168945312 55.53762435913086 -1
vertex -101.68363189697266 55.580787658691406 -1.0724207162857056
vertex -101.80160522460938 55.53036880493164 -1.0880024433135986
endloop
endfacet
facet normal 0 0 1
outer loop
vertex 100.43205261230469 52.84343338012695 0
vertex 102.09342956542969 51.18205642700195 0
vertex 100.85328674316406 54.842830657958984 0
endloop
endfacet
facet normal 0 0 1
outer loop
vertex 100.85328674316406 54.842830657958984 0
vertex 100.17477416992188 52.95000457763672 0
vertex 100.43205261230469 52.84343338012695 0
endloop
endfacet
facet normal 0 0 1
outer loop
vertex 100.85328674316406 54.842830657958984 0
vertex 104.19527435302734 51.3196907043457 0
vertex 103.92168426513672 52.00777053833008 0
endloop
endfacet
facet normal 0 0 1
outer loop
vertex 102.09342956542969 51.18205642700195 0
vertex 104.19527435302734 51.3196907043457 0
vertex 100.85328674316406 54.842830657958984 0
endloop
endfacet
facet normal 0 0 1
outer loop
vertex 102.09342956542969 51.18205642700195 0
vertex 102.19999694824219 50.924774169921875 0
vertex 104.19527435302734 51.3196907043457 0
endloop
endfacet
facet normal -0.36496727149367425 0.9310203482839362 0.00004265818520216819
outer loop
vertex -101.49359893798828 55.65528106689453 -1.0505800247192383
vertex -101.68363189697266 55.580787658691406 -1.0724207162857056
vertex -101.79373168945312 55.53762435913086 -1
endloop
endfacet
facet normal -0.3649834661779566 0.9310139981569496 -0.0000682094986117725
outer loop
vertex -101.79373168945312 55.53762435913086 -1
vertex -101.27638244628906 55.74043655395508 -1.0429209470748901
vertex -101.49359893798828 55.65528106689453 -1.0505800247192383
endloop
endfacet
facet normal 0.40213830247936794 0.9155789347011696 0.000003237873307204179
outer loop
vertex 101.7655258178711 55.534366607666016 -1.162280559539795
vertex 101.63970184326172 55.589630126953125 -1
vertex 102.2130126953125 55.33782196044922 -1
endloop
endfacet
facet normal 0.40213195535300583 0.9155817224086538 0.000008670104908109296
outer loop
vertex 101.06389617919922 55.842529296875 -1
vertex 101.63970184326172 55.589630126953125 -1
vertex 101.25232696533203 55.759769439697266 -1.0724207162857056
endloop
endfacet
facet normal 0.4021291619856071 0.9155829493174026 0
outer loop
vertex 101.06389617919922 55.842529296875 -1
vertex 101.25232696533203 55.759769439697266 -1.0724207162857056
vertex 101.06389617919922 55.842529296875 -1.0657023191452026
endloop
endfacet
facet normal -0.9317653849641161 -0.3630609516377853 -0.00011304219567017003
outer loop
vertex -114.2008056640625 -48.73653793334961 -11.984932899475098
vertex -113.82646179199219 -49.697242736816406 -12.040327072143555
vertex -113.78977966308594 -49.7913932800293 -12.011595726013184
endloop
endfacet
facet normal 0.0014091581378869145 0.9999990071361783 0
outer loop
vertex 101.06389617919922 55.842529296875 -1.0657023191452026
vertex 100.98809814453125 55.84263610839844 -1.057831883430481
vertex 101.06389617919922 55.842529296875 -1
endloop
endfacet
facet normal -0.4018634648568792 -0.915699599002437 0
outer loop
vertex -111.21269226074219 -52.58816146850586 -12.14774227142334
vertex -110.07347106933594 -53.08811950683594 -12.172348976135254
vertex -111.21269226074219 -52.58816146850586 -1
endloop
endfacet
facet normal -0.7353484669524716 -0.6776891850320786 0.000025322065172264963
outer loop
vertex -111.21269226074219 -52.58816146850586 -12.14774227142334
vertex -113.78977966308594 -49.7913932800293 -1
vertex -111.26260375976562 -52.53400421142578 -12.169734001159668
endloop
endfacet
facet normal -0.11198297801792005 0.5629302163314941 0.8188830100662825
outer loop
vertex 101.06389617919922 55.842529296875 -1
vertex 100.73971557617188 55.85127258300781 -1.0503424406051636
vertex 100.69841003417969 55.843055725097656 -1.0503424406051636
endloop
endfacet
facet normal -0.0008392297050397458 -0.999999413762019 -0.0006842288508553978
outer loop
vertex -105.2625732421875 -53.096927642822266 -5.199999809265137
vertex -110.07347106933594 -53.08811950683594 -12.172348976135254
vertex -104.8625717163086 -53.09726333618164 -5.199999809265137
endloop
endfacet
facet normal -0.0009513794217470444 -0.9999993633074499 -0.0006068458541178204
outer loop
vertex -110.07347106933594 -53.08811950683594 -12.172348976135254
vertex -105.2625732421875 -53.096927642822266 -5.199999809265137
vertex -105.37738037109375 -53.096832275390625 -5.177164077758789
endloop
endfacet
facet normal -0.0011427857445805974 -0.9999992326114219 -0.00047834852287840563
outer loop
vertex -105.37738037109375 -53.096832275390625 -5.177164077758789
vertex -105.47470092773438 -53.09675216674805 -5.1121320724487305
vertex -110.07347106933594 -53.08811950683594 -12.172348976135254
endloop
endfacet
facet normal -0.0013721584850561771 -0.999999004488259 -0.0003289431301127362
outer loop
vertex -105.47470092773438 -53.09675216674805 -5.1121320724487305
vertex -105.53973388671875 -53.09669494628906 -5.014804840087891
vertex -110.07347106933594 -53.08811950683594 -12.172348976135254
endloop
endfacet
facet normal -0.0016390712083604012 -0.9999986439419184 -0.00015987463301373616
outer loop
vertex -105.53973388671875 -53.09669494628906 -5.014804840087891
vertex -105.56256866455078 -53.096675872802734 -4.900000095367432
vertex -110.07347106933594 -53.08811950683594 -12.172348976135254
endloop
endfacet
facet normal 0.13216121400801223 0.6643126347301183 -0.7356780116666917
outer loop
vertex 101.06389617919922 55.842529296875 -1
vertex 100.78163146972656 55.842933654785156 -1.0503424406051636
vertex 100.73971557617188 55.85127258300781 -1.0503424406051636
endloop
endfacet
facet normal 0.0014396824444148615 0.999998962856407 -0.000040007121275794384
outer loop
vertex 101.06389617919922 55.842529296875 -1
vertex 100.98809814453125 55.84263610839844 -1.057831883430481
vertex 100.78163146972656 55.842933654785156 -1.0503424406051636
endloop
endfacet
facet normal -0.735399861372718 -0.6776334140912675 0
outer loop
vertex -113.78977966308594 -49.7913932800293 -12.011595726013184
vertex -111.26260375976562 -52.53400421142578 -12.169734001159668
vertex -113.78977966308594 -49.7913932800293 -1
endloop
endfacet
facet normal -0.9317644243302627 -0.3630634346123199 0
outer loop
vertex -114.2008056640625 -48.73653793334961 -11.984932899475098
vertex -113.78977966308594 -49.7913932800293 -12.011595726013184
vertex -114.2008056640625 -48.73653793334961 -1
endloop
endfacet
facet normal 0.0014328819537771608 0.9999989719546376 0.000054212308288615273
outer loop
vertex 101.06389617919922 55.842529296875 -1
vertex 100.69841003417969 55.843055725097656 -1.0503424406051636
vertex 100.49104309082031 55.843353271484375 -1.057974100112915
endloop
endfacet
facet normal 0.4021423402967758 0.9155771611610584 -0.000010044371498464904
outer loop
vertex 101.89288330078125 55.47842788696289 -1.2000000476837158
vertex 101.7655258178711 55.534366607666016 -1.162280559539795
vertex 102.2130126953125 55.33782196044922 -1
endloop
endfacet
facet normal 0.3301667152283724 0.9319904634931038 0.14961188493303745
outer loop
vertex 101.63970184326172 55.589630126953125 -1
vertex 101.63249969482422 55.612796783447266 -1.1284202337265015
vertex 101.45362091064453 55.671356201171875 -1.0984560251235962
endloop
endfacet
facet normal -0.0008780425738931336 -0.9999993998628981 -0.0006552213993569192
outer loop
vertex -110.07347106933594 -53.08811950683594 -12.172348976135254
vertex 13.130505561828613 -53.19629669189453 -12.174205780029297
vertex -104.8625717163086 -53.09726333618164 -5.199999809265137
endloop
endfacet
facet normal -0.0008449472429631144 -0.9999996384914654 -0.00009529477996411898
outer loop
vertex -104.8625717163086 -53.09726333618164 -5.199999809265137
vertex 13.130505561828613 -53.19629669189453 -12.174205780029297
vertex -104.74776458740234 -53.09736251831055 -5.177164077758789
endloop
endfacet
facet normal -0.0008379678893379854 -0.9999996486565216 0.00002228564513102359
outer loop
vertex -104.74776458740234 -53.09736251831055 -5.177164077758789
vertex 13.130505561828613 -53.19629669189453 -12.174205780029297
vertex -104.65043640136719 -53.097442626953125 -5.1121320724487305
endloop
endfacet
facet normal -0.0008396471521595221 -0.9999996474799026 -0.0000057210397929281155
outer loop
vertex -104.65043640136719 -53.097442626953125 -5.1121320724487305
vertex 13.130505561828613 -53.19629669189453 -12.174205780029297
vertex -97.2625732421875 -53.10364532470703 -5.199999809265137
endloop
endfacet
facet normal 0.0004798070774071871 -0.999996975649459 -0.0024121519652877395
outer loop
vertex 52.07402420043945 -58.19999694824219 -11.335819244384766
vertex 51.5 -58.19999694824219 -11.449999809265137
vertex 73.35118865966797 -58.187042236328125 -12.474113464355469
endloop
endfacet
facet normal -0.0008392299014902037 -0.9999996478461339 8.835285470396943e-7
outer loop
vertex -97.2625732421875 -53.10364532470703 -5.199999809265137
vertex 13.130505561828613 -53.19629669189453 -12.174205780029297
vertex -96.8625717163086 -53.103981018066406 -5.199999809265137
endloop
endfacet
facet normal -0.0008372044609367489 -0.9999996490054581 0.00003282760179009261
outer loop
vertex -96.8625717163086 -53.103981018066406 -5.199999809265137
vertex 13.130505561828613 -53.19629669189453 -12.174205780029297
vertex -96.74776458740234 -53.10407638549805 -5.177164077758789
endloop
endfacet
facet normal -0.0008378837872084205 -0.9999996487297901 0.000022159776129404058
outer loop
vertex -96.74776458740234 -53.10407638549805 -5.177164077758789
vertex 13.130505561828613 -53.19629669189453 -12.174205780029297
vertex -96.65043640136719 -53.104156494140625 -5.1121320724487305
endloop
endfacet
facet normal -0.0008385674556708123 -0.9999996483357552 0.000011532047333853068
outer loop
vertex -96.65043640136719 -53.104156494140625 -5.1121320724487305
vertex 13.130505561828613 -53.19629669189453 -12.174205780029297
vertex -96.58541107177734 -53.104209899902344 -5.014804840087891
endloop
endfacet
facet normal -0.0008414050839087556 -0.9999996455081541 -0.00003195388761905428
outer loop
vertex -96.58541107177734 -53.104209899902344 -5.014804840087891
vertex 13.130505561828613 -53.19629669189453 -12.174205780029297
vertex -96.56256866455078 -53.10423278808594 -4.900000095367432
endloop
endfacet
facet normal 0.4021394457521846 0.9155784317245791 -0.000039126539090634184
outer loop
vertex 101.63970184326172 55.589630126953125 -1
vertex 101.45362091064453 55.671356201171875 -1.0984560251235962
vertex 101.25232696533203 55.759769439697266 -1.0724207162857056
endloop
endfacet
facet normal -0.9999989681380098 0.0014336576473343756 -0.000091371033831253
outer loop
vertex -114.20063781738281 -48.62165832519531 -12.019391059875488
vertex -114.2008056640625 -48.73653793334961 -11.984932899475098
vertex -114.092529296875 27.063880920410156 -7.655391216278076
endloop
endfacet
facet normal 0.6212349306843298 -0.7836243746132585 0.00002023895742506588
outer loop
vertex 74.97245788574219 -56.9017448425293 -12.410319328308105
vertex 73.35118865966797 -58.187042236328125 -12.474113464355469
vertex 73.37701416015625 -58.166568756103516 -12.483247756958008
endloop
endfacet
facet normal 0.5269711317482657 0.8410563840531391 0.12217031205415893
outer loop
vertex 101.63249969482422 55.612796783447266 -1.1284202337265015
vertex 101.63970184326172 55.589630126953125 -1
vertex 101.7655258178711 55.534366607666016 -1.162280559539795
endloop
endfacet
facet normal 0.4021370799159783 0.9155794716771724 0
outer loop
vertex 102.2130126953125 55.33782196044922 -1
vertex 101.89288330078125 55.47842788696289 -2.4000000953674316
vertex 101.89288330078125 55.47842788696289 -1.2000000476837158
endloop
endfacet
facet normal -0.0008044456650431788 -0.9999996677300802 0.00013193521502526936
outer loop
vertex -13.262571334838867 -53.17414474487305 -5.199999809265137
vertex -13.377376556396484 -53.174049377441406 -5.177164077758789
vertex 13.130505561828613 -53.19629669189453 -12.174205780029297
endloop
endfacet
facet normal -0.0008392339032515086 -0.9999996478431258 2.830827946243099e-7
outer loop
vertex -13.262571334838867 -53.17414474487305 -5.199999809265137
vertex 13.130505561828613 -53.19629669189453 -12.174205780029297
vertex -12.862571716308594 -53.17448043823242 -5.199999809265137
endloop
endfacet
facet normal -0.0008534405728631367 -0.9999996344326922 -0.000052665647884313186
outer loop
vertex -12.862571716308594 -53.17448043823242 -5.199999809265137
vertex 13.130505561828613 -53.19629669189453 -12.174205780029297
vertex -12.747766494750977 -53.17457962036133 -5.177164077758789
endloop
endfacet
facet normal -0.0008389816743752703 -0.9999996480544849 8.10038049000789e-7
outer loop
vertex -12.747766494750977 -53.17457962036133 -5.177164077758789
vertex 13.130505561828613 -53.19629669189453 -12.174205780029297
vertex -5.377376556396484 -53.180763244628906 -5.177164077758789
endloop
endfacet
facet normal -0.36497333089318745 0.9310179710656228 0.0000727295217187948
outer loop
vertex -101.79373168945312 55.53762435913086 -1
vertex -100.74563598632812 55.94849395751953 -1
vertex -101.27638244628906 55.74043655395508 -1.0429209470748901
endloop
endfacet
facet normal -0.36930908487491937 0.8812295836990308 0.2950342702847966
outer loop
vertex -100.74563598632812 55.94849395751953 -1
vertex -101.06256866455078 55.83252716064453 -1.0503424406051636
vertex -101.27638244628906 55.74043655395508 -1.0429209470748901
endloop
endfacet
facet normal 0.6212354183447087 -0.7836239882712058 6.166091610249203e-8
outer loop
vertex 73.35118865966797 -58.187042236328125 -12.474113464355469
vertex 74.97245788574219 -56.9017448425293 -12.410319328308105
vertex 73.33484649658203 -58.19999694824219 -1
endloop
endfacet
facet normal 0.9736251345406758 -0.2281536705614247 0
outer loop
vertex 74.97245788574219 -56.9017448425293 -12.410319328308105
vertex 74.99436950683594 -56.8082389831543 -12.462165832519531
vertex 74.97245788574219 -56.9017448425293 -1
endloop
endfacet
facet normal -0.0012089920277529947 -0.9999991781556702 -0.00042664535768412794
outer loop
vertex -110.07347106933594 -53.08811950683594 -12.172348976135254
vertex -105.56256866455078 -53.096675872802734 -4.900000095367432
vertex -110.06256866455078 -53.092899322509766 -1
endloop
endfacet
facet normal 0.9736292591491267 -0.22813606845192078 1.5147898389194316e-7
outer loop
vertex 74.97245788574219 -56.9017448425293 -1
vertex 74.99436950683594 -56.8082389831543 -12.462165832519531
vertex 75.40232849121094 -55.067169189453125 -12.370304107666016
endloop
endfacet
facet normal 0.9736315880053263 -0.22812612922422798 0.0000018431990802117411
outer loop
vertex 74.97245788574219 -56.9017448425293 -1
vertex 75.40232849121094 -55.067169189453125 -12.370304107666016
vertex 75.47648620605469 -54.750667572021484 -12.372901916503906
endloop
endfacet
facet normal 0.9736246043233332 -0.22815593316719765 -0.000004103441301875315
outer loop
vertex 74.97245788574219 -56.9017448425293 -1
vertex 75.47648620605469 -54.750667572021484 -12.372901916503906
vertex 75.53563690185547 -54.49824905395508 -12.424015998840332
endloop
endfacet
facet normal 0 0 1
outer loop
vertex 102.19999694824219 50.924774169921875 0
vertex 102.19999694824219 35.38037872314453 0
vertex 104.19527435302734 51.3196907043457 0
endloop
endfacet
facet normal -0.33725165274871505 0.9404253288862665 -0.04314537643152008
outer loop
vertex -100.74563598632812 55.94849395751953 -1
vertex -100.84516906738281 55.90947723388672 -1.0724207162857056
vertex -101.06256866455078 55.83252716064453 -1.0503424406051636
endloop
endfacet
facet normal 0.6212610855102112 -0.7836036393679359 0
outer loop
vertex 75.53563690185547 -54.49824905395508 -12.424015998840332
vertex 75.65686798095703 -54.40213394165039 -12.35818099975586
vertex 75.53563690185547 -54.49824905395508 -1
endloop
endfacet
facet normal 0.40213738085749523 0.9155793394988044 -8.208948548225016e-8
outer loop
vertex 101.89288330078125 55.47842788696289 -2.4000000953674316
vertex 102.2130126953125 55.33782196044922 -1
vertex 102.14662170410156 55.366981506347656 -6.135180473327637
endloop
endfacet
facet normal 0.9292393036001368 0.36947843867366953 0
outer loop
vertex 105.19290924072266 51.517147064208984 -1
vertex 104.78252410888672 52.54926681518555 -6.229400634765625
vertex 104.78252410888672 52.54926681518555 -1
endloop
endfacet
facet normal 0.7353998267267545 0.6776334516907054 0
outer loop
vertex 104.78252410888672 52.54926681518555 -1
vertex 102.2130126953125 55.33782196044922 -6.1065449714660645
vertex 102.2130126953125 55.33782196044922 -1
endloop
endfacet
facet normal 0.6212290939203312 -0.7836290020581264 -5.560848853763221e-7
outer loop
vertex 75.53563690185547 -54.49824905395508 -1
vertex 75.65686798095703 -54.40213394165039 -12.35818099975586
vertex 75.96273803710938 -54.15965270996094 -12.264248847961426
endloop
endfacet
facet normal 0.6212338238538807 -0.7836252523367377 -2.6402795497041257e-7
outer loop
vertex 75.53563690185547 -54.49824905395508 -1
vertex 75.96273803710938 -54.15965270996094 -12.264248847961426
vertex 76.13461303710938 -54.02339553833008 -12.252988815307617
endloop
endfacet
facet normal 0.9999237144501316 0.012351731872565195 0
outer loop
vertex 105.3759536743164 36.698944091796875 -1
vertex 105.19290924072266 51.517147064208984 -6.246688365936279
vertex 105.19290924072266 51.517147064208984 -1
endloop
endfacet
facet normal 0 0 1
outer loop
vertex 102.19999694824219 35.38037872314453 0
vertex 104.37702941894531 36.686607360839844 0
vertex 104.19527435302734 51.3196907043457 0
endloop
endfacet
facet normal -0.3649382253522384 0.9310317344725744 -0.00003288994473555481
outer loop
vertex -100.74563598632812 55.94849395751953 -1
vertex -100.76586151123047 55.9405632019043 -1.0826389789581299
vertex -100.84516906738281 55.90947723388672 -1.0724207162857056
endloop
endfacet
facet normal 0 0 1
outer loop
vertex -104.0914077758789 51.608245849609375 0
vertex -102.19999694824219 50.924774169921875 0
vertex -102.09342956542969 51.18205642700195 0
endloop
endfacet
facet normal 0 0 1
outer loop
vertex -103.75506591796875 52.370548248291016 0
vertex -104.0914077758789 51.608245849609375 0
vertex -100.43205261230469 52.84343338012695 0
endloop
endfacet
facet normal 0 0 1
outer loop
vertex -104.0914077758789 51.608245849609375 0
vertex -102.09342956542969 51.18205642700195 0
vertex -100.43205261230469 52.84343338012695 0
endloop
endfacet
facet normal 0 0 1
outer loop
vertex -103.75506591796875 52.370548248291016 0
vertex -100.43205261230469 52.84343338012695 0
vertex -100.17477416992188 52.95000457763672 0
endloop
endfacet
facet normal 0 0 1
outer loop
vertex -101.25408172607422 54.67508316040039 0
vertex -103.75506591796875 52.370548248291016 0
vertex -100.17477416992188 52.95000457763672 0
endloop
endfacet
facet normal 0.621233721710578 -0.7836253333127229 -3.8459328271086454e-7
outer loop
vertex 76.80406188964844 -53.49267578125 -12.219947814941406
vertex 77.1103515625 -53.24985885620117 -12.273090362548828
vertex 75.53563690185547 -54.49824905395508 -1
endloop
endfacet
facet normal -0.6776262837791598 0.7354064315081168 -0.000005305013240086666
outer loop
vertex -101.79373168945312 55.53762435913086 -1
vertex -101.80160522460938 55.53036880493164 -1.0880024433135986
vertex -101.86030578613281 55.476280212402344 -1.0984560251235962
endloop
endfacet
facet normal -0.002663815801908371 0.9999964520362221 5.84294958993227e-7
outer loop
vertex -100.13208770751953 55.95012664794922 -1.2000000476837158
vertex -27.67095375061035 56.143150329589844 -1
vertex -100.07498168945312 55.950279235839844 -2
endloop
endfacet
facet normal -0.0026636544466154747 0.9999964507914713 -0.00005787442723757664
outer loop
vertex -100.13208770751953 55.95012664794922 -1.2000000476837158
vertex -100.26895904541016 55.949764251708984 -1.162280559539795
vertex -27.67095375061035 56.143150329589844 -1
endloop
endfacet
facet normal -0.0008380322289777553 -0.9999996403931032 0.000130060169038406
outer loop
vertex -97.2625732421875 -53.10364532470703 -5.199999809265137
vertex -97.37738037109375 -53.103546142578125 -5.177164077758789
vertex -104.65043640136719 -53.097442626953125 -5.1121320724487305
endloop
endfacet
facet normal -0.0008394128909406338 -0.9999996473964811 -0.000024349786825319837
outer loop
vertex -97.37738037109375 -53.103546142578125 -5.177164077758789
vertex -97.47470092773438 -53.10346603393555 -5.1121320724487305
vertex -104.65043640136719 -53.097442626953125 -5.1121320724487305
endloop
endfacet
facet normal -0.0008394128911273951 -0.9999996476189714 -0.00001216269271566241
outer loop
vertex -97.47470092773438 -53.10346603393555 -5.1121320724487305
vertex -97.53973388671875 -53.10341262817383 -5.014804840087891
vertex -104.65043640136719 -53.097442626953125 -5.1121320724487305
endloop
endfacet
facet normal 0 0 1
outer loop
vertex 109.35346221923828 30.097942352294922 0
vertex 110.62776947021484 29.747234344482422 0
vertex 109.88835144042969 30.082550048828125 0
endloop
endfacet
facet normal 0 0 1
outer loop
vertex 108.80754089355469 30.279508590698242 0
vertex 109.17477416992188 28.200002670288086 0
vertex 108.87865447998047 30.229713439941406 0
endloop
endfacet
facet normal 0 0 1
outer loop
vertex 109.20500183105469 30.110931396484375 0
vertex 109.03663635253906 30.15604591369629 0
vertex 109.17477416992188 28.200002670288086 0
endloop
endfacet
facet normal 0 0 1
outer loop
vertex 109.17477416992188 28.200002670288086 0
vertex 109.35346221923828 30.097942352294922 0
vertex 109.20500183105469 30.110931396484375 0
endloop
endfacet
facet normal 0 0 1
outer loop
vertex 109.03663635253906 30.15604591369629 0
vertex 108.87865447998047 30.229713439941406 0
vertex 109.17477416992188 28.200002670288086 0
endloop
endfacet
facet normal 0 0 1
outer loop
vertex 104.44999694824219 32.69977569580078 0
vertex 109.17477416992188 28.200002670288086 0
vertex 108.80754089355469 30.279508590698242 0
endloop
endfacet
facet normal -0.0026639445442169056 0.9999964491081951 0.00007190595302850144
outer loop
vertex -100.26895904541016 55.949764251708984 -1.162280559539795
vertex -100.33724212646484 55.949581146240234 -1.1455576419830322
vertex -27.67095375061035 56.143150329589844 -1
endloop
endfacet
facet normal -0.002663812670562893 0.9999964520263287 0.0000060671986916107494
outer loop
vertex -100.33724212646484 55.949581146240234 -1.1455576419830322
vertex -100.44174194335938 55.949302673339844 -1.1284202337265015
vertex -27.67095375061035 56.143150329589844 -1
endloop
endfacet
facet normal -0.0026639206032025207 0.9999964494971174 0.00006723227611879757
outer loop
vertex -100.44174194335938 55.949302673339844 -1.1284202337265015
vertex -100.65005493164062 55.94874572753906 -1.0984560251235962
vertex -27.67095375061035 56.143150329589844 -1
endloop
endfacet
facet normal -0.002663791006858253 0.9999964516867565 -0.000028833458660049427
outer loop
vertex -100.65005493164062 55.94874572753906 -1.0984560251235962
vertex -100.74563598632812 55.94849395751953 -1
vertex -27.67095375061035 56.143150329589844 -1
endloop
endfacet
facet normal 0 0 1
outer loop
vertex -101.25408172607422 54.67508316040039 0
vertex -100.17477416992188 52.95000457763672 0
vertex -26.355375289916992 52.95000457763672 0
endloop
endfacet
facet normal 0 0 1
outer loop
vertex -100.55535125732422 54.948997497558594 0
vertex -101.25408172607422 54.67508316040039 0
vertex -27.668289184570312 55.14338302612305 0
endloop
endfacet
facet normal 0.6212379641468799 -0.7836219700229384 9.485936045980551e-8
outer loop
vertex 75.53563690185547 -54.49824905395508 -1
vertex 76.13461303710938 -54.02339553833008 -12.252988815307617
vertex 76.68085479736328 -53.59034729003906 -12.228018760681152
endloop
endfacet
facet normal 0.6212212107509096 -0.7836352514441584 -0.0000026878679661163203
outer loop
vertex 75.53563690185547 -54.49824905395508 -1
vertex 76.68085479736328 -53.59034729003906 -12.228018760681152
vertex 76.80406188964844 -53.49267578125 -12.219947814941406
endloop
endfacet
facet normal -0.7354000015047938 -0.6776332620129882 -6.2155276657424e-7
outer loop
vertex -113.78977966308594 -49.7913932800293 -1
vertex -111.21269226074219 -52.58816146850586 -12.14774227142334
vertex -112.78419494628906 -50.8827018737793 -1
endloop
endfacet
facet normal -0.7353979768951155 -0.6776354592098699 0
outer loop
vertex -112.78419494628906 -50.8827018737793 -1
vertex -111.21269226074219 -52.58816146850586 -12.14774227142334
vertex -111.21269226074219 -52.58816146850586 -1
endloop
endfacet
facet normal -0.4018602549084974 -0.9157010077119742 3.9035093568283815e-7
outer loop
vertex -111.21269226074219 -52.58816146850586 -1
vertex -110.07347106933594 -53.08811950683594 -12.172348976135254
vertex -110.06256866455078 -53.092899322509766 -1
endloop
endfacet
facet normal 0.6212282990132034 -0.7836296322259282 -0.0000016181434198295592
outer loop
vertex 77.1103515625 -53.24985885620117 -12.273090362548828
vertex 77.17324829101562 -53.19999694824219 -12.298382759094238
vertex 75.53563690185547 -54.49824905395508 -1
endloop
endfacet
facet normal 0 -1 0
outer loop
vertex 77.49496459960938 -53.19999694824219 -12.20932388305664
vertex 77.17324829101562 -53.19999694824219 -1
vertex 77.17324829101562 -53.19999694824219 -12.298382759094238
endloop
endfacet
facet normal 0 -1 0
outer loop
vertex 77.17324829101562 -53.19999694824219 -1
vertex 77.49496459960938 -53.19999694824219 -12.20932388305664
vertex 77.8707504272461 -53.19999694824219 -12.174271583557129
endloop
endfacet
facet normal 0.0004966132004688068 -0.999999240123092 -0.0011283299904940082
outer loop
vertex 53 -58.19999694824219 -9.949999809265137
vertex 73.35118865966797 -58.187042236328125 -12.474113464355469
vertex 73.33484649658203 -58.19999694824219 -1
endloop
endfacet
facet normal 0 -1 0
outer loop
vertex 77.17324829101562 -53.19999694824219 -1
vertex 77.8707504272461 -53.19999694824219 -12.174271583557129
vertex 109.73971557617188 -53.19999694824219 -12.174271583557129
endloop
endfacet
facet normal -0.0008397480067578563 -0.9999996473356795 0.000012320786262109849
outer loop
vertex -104.58541107177734 -53.097496032714844 -5.014804840087891
vertex -104.65043640136719 -53.097442626953125 -5.1121320724487305
vertex -97.53973388671875 -53.10341262817383 -5.014804840087891
endloop
endfacet
facet normal -0.0008392331028959897 -0.9999996478434833 8.416436387242183e-7
outer loop
vertex -104.56256866455078 -53.09751510620117 -4.900000095367432
vertex -104.58541107177734 -53.097496032714844 -5.014804840087891
vertex -97.56256866455078 -53.103389739990234 -4.900000095367432
endloop
endfacet
facet normal -0.000839233102896287 -0.9999996478438374 0
outer loop
vertex -104.56256866455078 -53.09751510620117 -4.900000095367432
vertex -97.56256866455078 -53.103389739990234 -4.900000095367432
vertex -104.56256866455078 -53.09751510620117 -1.5824651718139648
endloop
endfacet
facet normal -0.9317644243302626 -0.3630634346123199 0
outer loop
vertex -114.2008056640625 -48.73653793334961 -1
vertex -113.78977966308594 -49.7913932800293 -12.011595726013184
vertex -113.78977966308594 -49.7913932800293 -1
endloop
endfacet
facet normal -0.0008397480063824743 -0.9999996468886622 0.00003233939816754177
outer loop
vertex -97.56256866455078 -53.103389739990234 -4.900000095367432
vertex -104.58541107177734 -53.097496032714844 -5.014804840087891
vertex -97.53973388671875 -53.10341262817383 -5.014804840087891
endloop
endfacet
facet normal -0.6776322015553231 0.7354009753614748 0.00006966116277195192
outer loop
vertex -104.58588409423828 52.96479797363281 -1
vertex -101.86030578613281 55.476280212402344 -1.0984560251235962
vertex -102.00537109375 55.342613220214844 -1.1284202337265015
endloop
endfacet
facet normal 0 0 1
outer loop
vertex 102.19999694824219 35.38037872314453 0
vertex 104.44772338867188 36.326934814453125 0
vertex 104.37702941894531 36.686607360839844 0
endloop
endfacet
facet normal 0 0 1
outer loop
vertex 102.19999694824219 35.38037872314453 0
vertex 104.8661880493164 35.288936614990234 0
vertex 104.44772338867188 36.326934814453125 0
endloop
endfacet
facet normal 0 0 1
outer loop
vertex 102.19999694824219 35.38037872314453 0
vertex 104.92626953125 35.160091400146484 0
vertex 104.8661880493164 35.288936614990234 0
endloop
endfacet
facet normal 0.36373106757234597 -0.9315040045446298 0
outer loop
vertex 109.73971557617188 -53.19999694824219 -1
vertex 109.73971557617188 -53.19999694824219 -12.174271583557129
vertex 110.7922134399414 -52.78902053833008 -12.15767765045166
endloop
endfacet
facet normal 0.6776087105171069 -0.7354226236874574 0
outer loop
vertex 110.7922134399414 -52.78902053833008 -12.15767765045166
vertex 110.83006286621094 -52.754146575927734 -12.173487663269043
vertex 110.7922134399414 -52.78902053833008 -1
endloop
endfacet
facet normal 0 0 1
outer loop
vertex 102.19999694824219 35.38037872314453 0
vertex 105.02625274658203 35.017303466796875 0
vertex 104.92626953125 35.160091400146484 0
endloop
endfacet
facet normal 0 0 1
outer loop
vertex 102.19999694824219 35.38037872314453 0
vertex 105.06292724609375 34.980628967285156 0
vertex 105.02625274658203 35.017303466796875 0
endloop
endfacet
facet normal -0.003011606895099911 -0.9999906184085968 -0.003113409497898675
outer loop
vertex -97.56256866455078 -53.103389739990234 -4.900000095367432
vertex -101.06256866455078 -53.102874755859375 -1.6798503398895264
vertex -102.1915283203125 -53.09950637817383 -1.6696889400482178
endloop
endfacet
facet normal -0.0008528122595549703 -0.9999996359450889 -0.000028652046987273033
outer loop
vertex -104.56256866455078 -53.09751510620117 -1.5824651718139648
vertex -97.56256866455078 -53.103389739990234 -4.900000095367432
vertex -104.31613159179688 -53.09772491455078 -1.5949000120162964
endloop
endfacet
facet normal -0.0008384434405330344 -0.9999996485059854 7.088776936364795e-7
outer loop
vertex -104.31613159179688 -53.09772491455078 -1.5949000120162964
vertex -97.56256866455078 -53.103389739990234 -4.900000095367432
vertex -103.39257049560547 -53.0984992980957 -1.6365569829940796
endloop
endfacet
facet normal -0.0008384874951604768 -0.9999996484690999 6.301759267606985e-7
outer loop
vertex -103.39257049560547 -53.0984992980957 -1.6365569829940796
vertex -97.56256866455078 -53.103389739990234 -4.900000095367432
vertex -102.1915283203125 -53.09950637817383 -1.6696889400482178
endloop
endfacet
facet normal -0.000839233102896287 -0.9999996478438375 0
outer loop
vertex -110.06256866455078 -53.092899322509766 -1
vertex -105.56256866455078 -53.096675872802734 -4.900000095367432
vertex -105.56256866455078 -53.096675872802734 -1
endloop
endfacet
facet normal -0.002661924907910247 0.9999964570716161 0
outer loop
vertex -28.049280166625977 56.14214324951172 -6.101468563079834
vertex -27.67095375061035 56.143150329589844 -1
vertex -27.67095375061035 56.143150329589844 -6.140530109405518
endloop
endfacet
facet normal 0.6776334556088476 -0.7353998231163698 1.5498596646087978e-7
outer loop
vertex 110.7922134399414 -52.78902053833008 -1
vertex 110.83006286621094 -52.754146575927734 -12.173487663269043
vertex 113.58782958984375 -50.21300506591797 -12.029755592346191
endloop
endfacet
facet normal 0 -1 0
outer loop
vertex 109.73971557617188 -53.19999694824219 -12.174271583557129
vertex 96.53971862792969 -53.19999694824219 -5.199999809265137
vertex 96.42491149902344 -53.19999694824219 -5.177164077758789
endloop
endfacet
facet normal 0 -1 0
outer loop
vertex 109.73971557617188 -53.19999694824219 -12.174271583557129
vertex 97.05451965332031 -53.19999694824219 -5.177164077758789
vertex 96.9397201538086 -53.19999694824219 -5.199999809265137
endloop
endfacet
facet normal 0 -1 0
outer loop
vertex 96.53971862792969 -53.19999694824219 -5.199999809265137
vertex 109.73971557617188 -53.19999694824219 -12.174271583557129
vertex 96.9397201538086 -53.19999694824219 -5.199999809265137
endloop
endfacet
facet normal -0.3674986864261008 0.9300240402646212 -0.0000022272762940599805
outer loop
vertex -27.635398864746094 56.15719985961914 -6.128483772277832
vertex -27.67095375061035 56.143150329589844 -6.140530109405518
vertex -26.616104125976562 56.55998611450195 -1
endloop
endfacet
facet normal -0.3675090577111663 0.9300199419906148 1.5590853848533494e-7
outer loop
vertex -27.277070999145508 56.298797607421875 -6.083322525024414
vertex -27.635398864746094 56.15719985961914 -6.128483772277832
vertex -26.616104125976562 56.55998611450195 -1
endloop
endfacet
facet normal 0 0 1
outer loop
vertex 106.17203521728516 33.785396575927734 0
vertex 104.44999694824219 32.69977569580078 0
vertex 106.9687728881836 31.766542434692383 0
endloop
endfacet
facet normal 0 0 1
outer loop
vertex 105.06292724609375 34.980628967285156 0
vertex 104.44999694824219 32.69977569580078 0
vertex 106.17203521728516 33.785396575927734 0
endloop
endfacet
facet normal 0.0012895583168730925 -0.9999979492923889 0.0015615538299978994
outer loop
vertex -101.06256866455078 -53.102874755859375 -1.6798503398895264
vertex -97.56256866455078 -53.103389739990234 -4.900000095367432
vertex -99.93328094482422 -53.101402282714844 -1.6694839000701904
endloop
endfacet
facet normal -0.0008377557369105645 -0.99999964908251 4.267938961938344e-7
outer loop
vertex -99.93328094482422 -53.101402282714844 -1.6694839000701904
vertex -97.56256866455078 -53.103389739990234 -4.900000095367432
vertex -98.73114776611328 -53.10240936279297 -1.6361135244369507
endloop
endfacet
facet normal -0.0008421223171274092 -0.9999996454142926 -0.0000011365870216310659
outer loop
vertex -98.73114776611328 -53.10240936279297 -1.6361135244369507
vertex -97.56256866455078 -53.103389739990234 -4.900000095367432
vertex -97.8207015991211 -53.10317611694336 -1.5949000120162964
endloop
endfacet
facet normal -0.0008275696167109349 -0.9999996575642062 0
outer loop
vertex -97.8207015991211 -53.10317611694336 -1.5949000120162964
vertex -97.56256866455078 -53.103389739990234 -4.900000095367432
vertex -97.56256866455078 -53.103389739990234 -1.581828236579895
endloop
endfacet
facet normal 0 0 1
outer loop
vertex 105.06292724609375 34.980628967285156 0
vertex 102.39791107177734 34.90257263183594 0
vertex 104.34342956542969 32.957054138183594 0
endloop
endfacet
facet normal 0 0 1
outer loop
vertex 104.34342956542969 32.957054138183594 0
vertex 104.44999694824219 32.69977569580078 0
vertex 105.06292724609375 34.980628967285156 0
endloop
endfacet
facet normal -0.0008391925607661825 -0.999999647877861 0
outer loop
vertex -96.56256866455078 -53.10423278808594 -1
vertex -96.56256866455078 -53.10423278808594 -4.900000095367432
vertex -69.63399505615234 -53.1268310546875 -1
endloop
endfacet
facet normal -0.36750521456129676 0.9300214606502785 -4.218339101324328e-7
outer loop
vertex -26.926027297973633 56.43751525878906 -6.078526973724365
vertex -27.277070999145508 56.298797607421875 -6.083322525024414
vertex -26.616104125976562 56.55998611450195 -1
endloop
endfacet
facet normal 0 0 1
outer loop
vertex 102.19999694824219 35.38037872314453 0
vertex 102.39791107177734 34.90257263183594 0
vertex 105.06292724609375 34.980628967285156 0
endloop
endfacet
facet normal -0.3675405746985654 0.9300074870375779 0.0000020730403467020437
outer loop
vertex -26.895023345947266 56.44976806640625 -6.074897289276123
vertex -26.926027297973633 56.43751525878906 -6.078526973724365
vertex -26.616104125976562 56.55998611450195 -1
endloop
endfacet
facet normal -0.36750795060306585 0.9300203794775331 0
outer loop
vertex -26.616104125976562 56.55998611450195 -6.104729652404785
vertex -26.895023345947266 56.44976806640625 -6.074897289276123
vertex -26.616104125976562 56.55998611450195 -1
endloop
endfacet
facet normal -0.6816312321106682 0.7316958817782784 0
outer loop
vertex -26.52776527404785 56.64228057861328 -6.067043304443359
vertex -26.616104125976562 56.55998611450195 -6.104729652404785
vertex -26.616104125976562 56.55998611450195 -1
endloop
endfacet
facet normal -0.6816286817913594 0.7316982575863032 -0.0000021311206280604435
outer loop
vertex -26.27910614013672 56.873924255371094 -6.030911445617676
vertex -26.52776527404785 56.64228057861328 -6.067043304443359
vertex -25.30193328857422 57.784244537353516 -1
endloop
endfacet
facet normal -0.6816345559084237 0.7316927853898288 0
outer loop
vertex -25.30193328857422 57.784244537353516 -5.972291946411133
vertex -26.27910614013672 56.873924255371094 -6.030911445617676
vertex -25.30193328857422 57.784244537353516 -1
endloop
endfacet
facet normal -0.6578051668019063 0.7249197554937608 0.2044106421485498
outer loop
vertex -104.58588409423828 52.96479797363281 -1
vertex -102.00537109375 55.342613220214844 -1.1284202337265015
vertex -102.14633178710938 55.22425079345703 -1.162280559539795
endloop
endfacet
facet normal 0 0 1
outer loop
vertex 107.03146362304688 31.632104873657227 0
vertex 104.44999694824219 32.69977569580078 0
vertex 107.1314468383789 31.489316940307617 0
endloop
endfacet
facet normal 0 0 1
outer loop
vertex 104.44999694824219 32.69977569580078 0
vertex 107.25469970703125 31.366060256958008 0
vertex 107.1314468383789 31.489316940307617 0
endloop
endfacet
facet normal 0 0 1
outer loop
vertex 104.44999694824219 32.69977569580078 0
vertex 107.03146362304688 31.632104873657227 0
vertex 106.9687728881836 31.766542434692383 0
endloop
endfacet
facet normal 0 0 1
outer loop
vertex 107.3241958618164 31.312755584716797 0
vertex 104.44999694824219 32.69977569580078 0
vertex 108.80754089355469 30.279508590698242 0
endloop
endfacet
facet normal 0 0 1
outer loop
vertex 104.44999694824219 32.69977569580078 0
vertex 107.3241958618164 31.312755584716797 0
vertex 107.25469970703125 31.366060256958008 0
endloop
endfacet
facet normal 0 0 1
outer loop
vertex 104.44999694824219 32.69977569580078 0
vertex 105.2115249633789 28.200002670288086 0
vertex 109.17477416992188 28.200002670288086 0
endloop
endfacet
facet normal 0 0 1
outer loop
vertex 104.44999694824219 28.961524963378906 0
vertex 105.2115249633789 28.200002670288086 0
vertex 104.44999694824219 32.69977569580078 0
endloop
endfacet
facet normal -0.674866227019826 0.7157635836895911 -0.17954962515098277
outer loop
vertex -102.24263000488281 55.123992919921875 -1.2000000476837158
vertex -104.58588409423828 52.96479797363281 -1
vertex -102.14633178710938 55.22425079345703 -1.162280559539795
endloop
endfacet
facet normal 0 -1 0
outer loop
vertex 97.05451965332031 -53.19999694824219 -5.177164077758789
vertex 109.73971557617188 -53.19999694824219 -12.174271583557129
vertex 97.15184783935547 -53.19999694824219 -5.1121320724487305
endloop
endfacet
facet normal -0.6776344285574373 0.7353989265926593 0
outer loop
vertex -102.24263000488281 55.123992919921875 -1.2000000476837158
vertex -102.24263000488281 55.123992919921875 -2.4000000953674316
vertex -104.58588409423828 52.96479797363281 -1
endloop
endfacet
facet normal 0 -1 0
outer loop
vertex 97.15184783935547 -53.19999694824219 -5.1121320724487305
vertex 109.73971557617188 -53.19999694824219 -12.174271583557129
vertex 97.21688079833984 -53.19999694824219 -5.014804840087891
endloop
endfacet
facet normal 0 -1 0
outer loop
vertex 97.21688079833984 -53.19999694824219 -5.014804840087891
vertex 109.73971557617188 -53.19999694824219 -12.174271583557129
vertex 97.23971557617188 -53.19999694824219 -4.900000095367432
endloop
endfacet
facet normal 0 0 1
outer loop
vertex -104.0914077758789 51.608245849609375 0
vertex -102.19999694824219 28.961524963378906 0
vertex -102.19999694824219 50.924774169921875 0
endloop
endfacet
facet normal -0.3651966348492578 0.9309304044006381 -0.000007565854641540036
outer loop
vertex -25.24019432067871 57.80846405029297 -5.996392250061035
vertex -25.30193328857422 57.784244537353516 -5.972291946411133
vertex -24.238975524902344 58.20127487182617 -1
endloop
endfacet
facet normal 0 -1 0
outer loop
vertex 104.53971862792969 -53.19999694824219 -5.199999809265137
vertex 104.42491149902344 -53.19999694824219 -5.177164077758789
vertex 109.73971557617188 -53.19999694824219 -12.174271583557129
endloop
endfacet
facet normal 0 -1 0
outer loop
vertex 104.53971862792969 -53.19999694824219 -5.199999809265137
vertex 109.73971557617188 -53.19999694824219 -12.174271583557129
vertex 104.9397201538086 -53.19999694824219 -5.199999809265137
endloop
endfacet
facet normal 0 -1 0
outer loop
vertex 104.9397201538086 -53.19999694824219 -5.199999809265137
vertex 109.73971557617188 -53.19999694824219 -12.174271583557129
vertex 105.05451965332031 -53.19999694824219 -5.177164077758789
endloop
endfacet
facet normal 0 -1 0
outer loop
vertex 109.73971557617188 -53.19999694824219 -12.174271583557129
vertex 104.42491149902344 -53.19999694824219 -5.177164077758789
vertex 104.32758331298828 -53.19999694824219 -5.1121320724487305
endloop
endfacet
facet normal 0 -1 0
outer loop
vertex 105.05451965332031 -53.19999694824219 -5.177164077758789
vertex 109.73971557617188 -53.19999694824219 -12.174271583557129
vertex 105.15184783935547 -53.19999694824219 -5.1121320724487305
endloop
endfacet
facet normal 0.9305089787761138 0.36626908198349734 0
outer loop
vertex 107.64462280273438 32.774505615234375 -1
vertex 107.03305053710938 34.328208923339844 -7.279632568359375
vertex 107.03305053710938 34.328208923339844 -1
endloop
endfacet
facet normal 0.9305066852776078 0.36627490857401973 0.0000016649752884869509
outer loop
vertex 107.89749145507812 32.132102966308594 -1
vertex 107.03305053710938 34.328208923339844 -7.279632568359375
vertex 107.64462280273438 32.774505615234375 -1
endloop
endfacet
facet normal 0.7353982597358408 0.6776351522593089 0
outer loop
vertex 112.60552978515625 29.076602935791016 -1
vertex 111.22562408447266 30.574134826660156 -7.534409999847412
vertex 111.22562408447266 30.574134826660156 -1
endloop
endfacet
facet normal 0.025242442722465636 0.9996813587765659 -2.0424701653916148e-7
outer loop
vertex 109.37865447998047 31.095739364624023 -1
vertex 110.11650085449219 31.07710838317871 -1
vertex 109.43880462646484 31.094219207763672 -7.540356636047363
endloop
endfacet
facet normal 0 0 1
outer loop
vertex -109.85240173339844 -52.093074798583984 0
vertex -105.56256866455078 -52.096675872802734 0
vertex -109.17477416992188 -50.19999694824219 0
endloop
endfacet
facet normal 0.5732965248398386 0.819347969184378 0
outer loop
vertex 108.99689483642578 31.362852096557617 -1
vertex 107.89749145507812 32.132102966308594 -7.541965484619141
vertex 107.89749145507812 32.132102966308594 -1
endloop
endfacet
facet normal 0.5732908931088897 0.8193519096678936 0.0000014097849402167664
outer loop
vertex 107.89749145507812 32.132102966308594 -7.541965484619141
vertex 108.99689483642578 31.362852096557617 -1
vertex 109.37865447998047 31.095739364624023 -1
endloop
endfacet
facet normal 0.41300428407287176 0.9107290822947594 0
outer loop
vertex 110.11650085449219 31.07710838317871 -7.347848415374756
vertex 110.11650085449219 31.07710838317871 -1
vertex 111.22562408447266 30.574134826660156 -1
endloop
endfacet
facet normal 0 -1 0
outer loop
vertex 105.15184783935547 -53.19999694824219 -5.1121320724487305
vertex 109.73971557617188 -53.19999694824219 -12.174271583557129
vertex 105.21688079833984 -53.19999694824219 -5.014804840087891
endloop
endfacet
facet normal 0 -1 0
outer loop
vertex 105.21688079833984 -53.19999694824219 -5.014804840087891
vertex 109.73971557617188 -53.19999694824219 -12.174271583557129
vertex 105.23971557617188 -53.19999694824219 -4.900000095367432
endloop
endfacet
facet normal 0.928229193628667 0.3720088226043498 0
outer loop
vertex 105.79229736328125 35.660091400146484 -1
vertex 105.3759536743164 36.698944091796875 -7.169087886810303
vertex 105.3759536743164 36.698944091796875 -1
endloop
endfacet
facet normal 0.7316953972544613 0.6816317522215615 0
outer loop
vertex 107.03305053710938 34.328208923339844 -1
vertex 105.79229736328125 35.660091400146484 -7.266374588012695
vertex 105.79229736328125 35.660091400146484 -1
endloop
endfacet
facet normal 0.9156083568947821 -0.40207130808407254 0
outer loop
vertex 113.58782958984375 -50.21300506591797 -12.029755592346191
vertex 113.62334442138672 -50.13212966918945 -12.0591459274292
vertex 113.58782958984375 -50.21300506591797 -1
endloop
endfacet
facet normal 0 0 1
outer loop
vertex 28.078044891357422 54.94752502441406 0
vertex 100.17477416992188 52.95000457763672 0
vertex 100.85328674316406 54.842830657958984 0
endloop
endfacet
facet normal 0.0014386033176533876 0.9999989652070168 -0.00000232167015556444
outer loop
vertex 28.079483032226562 55.94752502441406 -1
vertex 101.06389617919922 55.842529296875 -1
vertex 100.49104309082031 55.843353271484375 -1.057974100112915
endloop
endfacet
facet normal 0.0014525984998968859 0.9999989250779376 -0.0001995007953532547
outer loop
vertex 28.44523048400879 55.946998596191406 -6.112720966339111
vertex 100.49104309082031 55.843353271484375 -1.057974100112915
vertex 100.35250091552734 55.84355163574219 -1.0724207162857056
endloop
endfacet
facet normal 0.0014286741108931952 0.9999989693886389 0.00014181658822649322
outer loop
vertex 28.44523048400879 55.946998596191406 -6.112720966339111
vertex 100.35250091552734 55.84355163574219 -1.0724207162857056
vertex 100.13885498046875 55.8438606262207 -1.0989320278167725
endloop
endfacet
facet normal 0.0014495321963853376 0.9999989371909204 -0.00015643989766314865
outer loop
vertex 100.13885498046875 55.8438606262207 -1.0989320278167725
vertex 100.00145721435547 55.84405517578125 -1.1284202337265015
vertex 28.44523048400879 55.946998596191406 -6.112720966339111
endloop
endfacet
facet normal 0.0014296958922759098 0.9999989697490855 0.00012833714572588428
outer loop
vertex 100.00145721435547 55.84405517578125 -1.1284202337265015
vertex 99.86308288574219 55.84425735473633 -1.162280559539795
vertex 28.44523048400879 55.946998596191406 -6.112720966339111
endloop
endfacet
facet normal 0.0014447469034816766 0.9999989524101356 -0.00008879761196944552
outer loop
vertex 99.86308288574219 55.84425735473633 -1.162280559539795
vertex 99.72610473632812 55.844451904296875 -1.2000000476837158
vertex 28.44523048400879 55.946998596191406 -6.112720966339111
endloop
endfacet
facet normal 0.0014386269367815633 0.9999989651757331 0
outer loop
vertex 28.44523048400879 55.946998596191406 -6.112720966339111
vertex 99.72610473632812 55.844451904296875 -1.2000000476837158
vertex 99.72610473632812 55.844451904296875 -2.4000000953674316
endloop
endfacet
facet normal 0.9155827426646284 -0.4021296324998418 -5.087820859073361e-7
outer loop
vertex 113.58782958984375 -50.21300506591797 -1
vertex 113.62334442138672 -50.13212966918945 -12.0591459274292
vertex 114.092529296875 -49.063873291015625 -11.999502182006836
endloop
endfacet
facet normal 0.40211005499714086 0.9155913409683064 -0.000003748951858487553
outer loop
vertex 102.14662170410156 55.366981506347656 -6.135180473327637
vertex 101.69540405273438 55.565162658691406 -2.4561729431152344
vertex 101.7655258178711 55.534366607666016 -2.4377195835113525
endloop
endfacet
facet normal 0.4021447070511515 0.9155761216799407 5.116036490393383e-7
outer loop
vertex 102.14662170410156 55.366981506347656 -6.135180473327637
vertex 101.7655258178711 55.534366607666016 -2.4377195835113525
vertex 101.89288330078125 55.47842788696289 -2.4000000953674316
endloop
endfacet
facet normal 0.4021320582097724 0.9155816772740553 0
outer loop
vertex 102.2130126953125 55.33782196044922 -6.1065449714660645
vertex 102.14662170410156 55.366981506347656 -6.135180473327637
vertex 102.2130126953125 55.33782196044922 -1
endloop
endfacet
facet normal 0.40213567916990983 0.9155800869058672 0
outer loop
vertex 101.69540405273438 55.565162658691406 -2.4561729431152344
vertex 102.14662170410156 55.366981506347656 -6.135180473327637
vertex 101.69540405273438 55.565162658691406 -6.123753547668457
endloop
endfacet
facet normal 0.7353990696087521 0.6776342733494917 8.296537498265285e-7
outer loop
vertex 104.78252410888672 52.54926681518555 -1
vertex 104.71238708496094 52.625389099121094 -6.262942790985107
vertex 102.2130126953125 55.33782196044922 -6.1065449714660645
endloop
endfacet
facet normal 0.7354276546683814 0.6776032502497049 0
outer loop
vertex 104.78252410888672 52.54926681518555 -6.229400634765625
vertex 104.71238708496094 52.625389099121094 -6.262942790985107
vertex 104.78252410888672 52.54926681518555 -1
endloop
endfacet
facet normal 0.9292377334371643 0.3694823876123821 9.026176246251513e-7
outer loop
vertex 105.19290924072266 51.517147064208984 -1
vertex 105.1494369506836 51.62649154663086 -6.282607078552246
vertex 104.78252410888672 52.54926681518555 -6.229400634765625
endloop
endfacet
facet normal 0.9292527047781202 0.36944473289322693 0
outer loop
vertex 105.19290924072266 51.517147064208984 -6.246688365936279
vertex 105.1494369506836 51.62649154663086 -6.282607078552246
vertex 105.19290924072266 51.517147064208984 -1
endloop
endfacet
facet normal 0.9999237131451572 0.012351837511574813 2.984014001692318e-7
outer loop
vertex 105.3759536743164 36.698944091796875 -1
vertex 105.36993408203125 37.186397552490234 -7.075278282165527
vertex 105.19290924072266 51.517147064208984 -6.246688365936279
endloop
endfacet
facet normal 0.9999989689610513 -0.0014333801648624019 0.00008659178500310771
outer loop
vertex 114.092529296875 -49.063873291015625 -11.999502182006836
vertex 114.09269714355469 -48.9490966796875 -12.037935256958008
vertex 114.2008056640625 26.736543655395508 -7.6739349365234375
endloop
endfacet
facet normal 0.9999237397597781 0.012349682781505415 1.2548901828880854e-7
outer loop
vertex 105.3759536743164 36.698944091796875 -1
vertex 105.37450408935547 36.816375732421875 -7.128783226013184
vertex 105.36993408203125 37.186397552490234 -7.075278282165527
endloop
endfacet
facet normal 0.9999238206139545 0.012343134480031923 0
outer loop
vertex 105.3759536743164 36.698944091796875 -7.169087886810303
vertex 105.37450408935547 36.816375732421875 -7.128783226013184
vertex 105.3759536743164 36.698944091796875 -1
endloop
endfacet
facet normal 0.9305086071992658 0.36627002597535635 -3.0712922524040433e-7
outer loop
vertex 107.63691711425781 32.79408645629883 -7.37150239944458
vertex 107.03305053710938 34.328208923339844 -7.279632568359375
vertex 107.89749145507812 32.132102966308594 -1
endloop
endfacet
facet normal 0.735399170248626 0.6776341641309541 -4.187333678834988e-7
outer loop
vertex 112.60552978515625 29.076602935791016 -1
vertex 113.71943664550781 27.86773681640625 -7.690459728240967
vertex 111.22562408447266 30.574134826660156 -7.534409999847412
endloop
endfacet
facet normal 0 0 1
outer loop
vertex -97.56256866455078 -51.996883392333984 0
vertex -104.56256866455078 -51.996883392333984 0
vertex -104.56256866455078 -52.09751510620117 0
endloop
endfacet
facet normal 0.4130043731587935 0.910729041895399 -1.8766528025939875e-8
outer loop
vertex 111.16706848144531 30.600688934326172 -7.559028148651123
vertex 110.11650085449219 31.07710838317871 -7.347848415374756
vertex 111.22562408447266 30.574134826660156 -1
endloop
endfacet
facet normal 0.999998979780775 -0.0014284388013118317 0
outer loop
vertex 114.092529296875 -49.063873291015625 -11.999502182006836
vertex 114.2008056640625 26.736543655395508 -7.6739349365234375
vertex 114.092529296875 -49.063873291015625 -1
endloop
endfacet
facet normal -0.0008391302687123921 -0.9999996479301342 0
outer loop
vertex -4.5625715255737305 -53.18144989013672 -1
vertex -4.5625715255737305 -53.18144989013672 -4.900000095367432
vertex 13.130505561828613 -53.19629669189453 -12.174205780029297
endloop
endfacet
facet normal -0.0002192524087424504 -0.9999993389537547 -0.0011287251369799553
outer loop
vertex 38 -58.19999694824219 -4.949999809265137
vertex 17.66515350341797 -58.19999694824219 -1
vertex 17.64881134033203 -58.187042236328125 -12.474113464355469
endloop
endfacet
facet normal 0.41300262961080236 0.9107298325708686 0
outer loop
vertex 111.22562408447266 30.574134826660156 -7.534409999847412
vertex 111.16706848144531 30.600688934326172 -7.559028148651123
vertex 111.22562408447266 30.574134826660156 -1
endloop
endfacet
facet normal 0.025241326136910828 0.9996813869702937 0
outer loop
vertex 110.11650085449219 31.07710838317871 -7.347848415374756
vertex 109.69506072998047 31.087749481201172 -7.468071937561035
vertex 110.11650085449219 31.07710838317871 -1
endloop
endfacet
facet normal 0.9304724898149783 0.3663617687245578 0.000010701804696941998
outer loop
vertex 107.650634765625 32.759246826171875 -7.370447158813477
vertex 107.63691711425781 32.79408645629883 -7.37150239944458
vertex 107.89749145507812 32.132102966308594 -1
endloop
endfacet
facet normal 0.9305097602485287 0.36626709664153817 -6.250582906176906e-8
outer loop
vertex 107.89749145507812 32.132102966308594 -1
vertex 107.79899597167969 32.38233184814453 -7.44094705581665
vertex 107.650634765625 32.759246826171875 -7.370447158813477
endloop
endfacet
facet normal 0.025239027190035027 0.9996814450145998 1.4988796075441388e-7
outer loop
vertex 109.69506072998047 31.087749481201172 -7.468071937561035
vertex 109.43880462646484 31.094219207763672 -7.540356636047363
vertex 110.11650085449219 31.07710838317871 -1
endloop
endfacet
facet normal -0.0006365578692252468 -0.999999797397019 0
outer loop
vertex 38 -58.19999694824219 -9.949999809265137
vertex 38 -58.19999694824219 -4.949999809265137
vertex 17.64881134033203 -58.187042236328125 -12.474113464355469
endloop
endfacet
facet normal 0.5732954849874942 0.8193486967664887 1.0228569236228471e-7
outer loop
vertex 109.04405975341797 31.32985496520996 -7.513070106506348
vertex 108.33372497558594 31.826873779296875 -7.480121612548828
vertex 109.37865447998047 31.095739364624023 -1
endloop
endfacet
facet normal 0.025264637116130306 0.999680798110772 0
outer loop
vertex 109.43880462646484 31.094219207763672 -7.540356636047363
vertex 109.37865447998047 31.095739364624023 -7.56892204284668
vertex 109.37865447998047 31.095739364624023 -1
endloop
endfacet
facet normal 0 0 1
outer loop
vertex -112.926513671875 -49.25252151489258 0
vertex -110.61914825439453 -51.75658416748047 0
vertex -111.19999694824219 -48.17477035522461 0
endloop
endfacet
facet normal 0 0 1
outer loop
vertex -110.61914825439453 -51.75658416748047 0
vertex -111.09342956542969 -48.43204879760742 0
vertex -111.19999694824219 -48.17477035522461 0
endloop
endfacet
facet normal 0.5732968216394622 0.8193477615140538 0
outer loop
vertex 109.37865447998047 31.095739364624023 -7.56892204284668
vertex 109.04405975341797 31.32985496520996 -7.513070106506348
vertex 109.37865447998047 31.095739364624023 -1
endloop
endfacet
facet normal 0 0 1
outer loop
vertex -109.85240173339844 -52.093074798583984 0
vertex -111.09342956542969 -48.43204879760742 0
vertex -110.61914825439453 -51.75658416748047 0
endloop
endfacet
facet normal 0 0 1
outer loop
vertex -109.43205261230469 -50.09342956542969 0
vertex -111.09342956542969 -48.43204879760742 0
vertex -109.85240173339844 -52.093074798583984 0
endloop
endfacet
facet normal 0 0 1
outer loop
vertex -109.17477416992188 -50.19999694824219 0
vertex -109.43205261230469 -50.09342956542969 0
vertex -109.85240173339844 -52.093074798583984 0
endloop
endfacet
facet normal 0 0 1
outer loop
vertex -109.17477416992188 -50.19999694824219 0
vertex -105.56256866455078 -52.096675872802734 0
vertex -105.56256866455078 -50.19999694824219 0
endloop
endfacet
facet normal 0.9305092119056327 0.3662684897158887 0
outer loop
vertex 107.89749145507812 32.132102966308594 -7.541965484619141
vertex 107.79899597167969 32.38233184814453 -7.44094705581665
vertex 107.89749145507812 32.132102966308594 -1
endloop
endfacet
facet normal 0.5732981702265211 0.8193468179066982 -0.0000010444489704592709
outer loop
vertex 108.03021240234375 32.03923797607422 -7.501777172088623
vertex 107.89749145507812 32.132102966308594 -7.541965484619141
vertex 109.37865447998047 31.095739364624023 -1
endloop
endfacet
facet normal 0.5732908704882017 0.8193519254956411 0.000001210669436856534
outer loop
vertex 108.03021240234375 32.03923797607422 -7.501777172088623
vertex 109.37865447998047 31.095739364624023 -1
vertex 108.33372497558594 31.826873779296875 -7.480121612548828
endloop
endfacet
facet normal 0.9282277363792688 0.3720124586834608 7.106507869805873e-7
outer loop
vertex 105.79229736328125 35.660091400146484 -1
vertex 105.4735336303711 36.455467224121094 -7.160008907318115
vertex 105.3759536743164 36.698944091796875 -7.169087886810303
endloop
endfacet
facet normal 0.9282295134866071 0.37200802450002945 4.6151801524053456e-8
outer loop
vertex 105.79229736328125 35.660091400146484 -1
vertex 105.61302185058594 36.107418060302734 -7.180077075958252
vertex 105.4735336303711 36.455467224121094 -7.160008907318115
endloop
endfacet
facet normal 0.9282278580754926 0.3720121550331772 3.9314945990076866e-7
outer loop
vertex 105.79229736328125 35.660091400146484 -1
vertex 105.7728271484375 35.70867919921875 -7.247040271759033
vertex 105.61302185058594 36.107418060302734 -7.180077075958252
endloop
endfacet
facet normal 0.9282453122468537 0.37196860121755054 0
outer loop
vertex 105.79229736328125 35.660091400146484 -7.266374588012695
vertex 105.7728271484375 35.70867919921875 -7.247040271759033
vertex 105.79229736328125 35.660091400146484 -1
endloop
endfacet
facet normal 0.7316870294093197 0.6816407345379594 0.0000035659885816324217
outer loop
vertex 107.03305053710938 34.328208923339844 -1
vertex 105.98599243164062 35.45217514038086 -7.259966850280762
vertex 105.79229736328125 35.660091400146484 -7.266374588012695
endloop
endfacet
facet normal 0.731696935044111 0.6816301014825079 0
outer loop
vertex 105.98599243164062 35.45217514038086 -7.259966850280762
vertex 107.03305053710938 34.328208923339844 -1
vertex 107.03305053710938 34.328208923339844 -7.279632568359375
endloop
endfacet
facet normal 0.0014386169100020726 0.9999989651901392 1.9250547245039178e-7
outer loop
vertex 99.72610473632812 55.844451904296875 -2.4000000953674316
vertex 99.73986053466797 55.84443283081055 -6.1186347007751465
vertex 28.44523048400879 55.946998596191406 -6.112720966339111
endloop
endfacet
facet normal 0 0 1
outer loop
vertex 109.35346221923828 30.097942352294922 0
vertex 112.926513671875 27.252525329589844 0
vertex 110.62776947021484 29.747234344482422 0
endloop
endfacet
facet normal -0.3579941987299977 0.9337223161176355 -0.0016703471450981169
outer loop
vertex -24.215866088867188 58.20122146606445 -5.982742786407471
vertex -25.24019432067871 57.80846405029297 -5.996392250061035
vertex -24.238975524902344 58.20127487182617 -1
endloop
endfacet
facet normal 0 0 1
outer loop
vertex 112.926513671875 27.252525329589844 0
vertex 111.19999694824219 26.174776077270508 0
vertex 113.2005386352539 26.549287796020508 0
endloop
endfacet
facet normal 0 0 1
outer loop
vertex 111.09342956542969 26.43205451965332 0
vertex 111.19999694824219 26.174776077270508 0
vertex 112.926513671875 27.252525329589844 0
endloop
endfacet
facet normal 0 0 1
outer loop
vertex 112.926513671875 27.252525329589844 0
vertex 109.43205261230469 28.093435287475586 0
vertex 111.09342956542969 26.43205451965332 0
endloop
endfacet
facet normal -0.0026720011494951418 0.9999964301985569 0
outer loop
vertex -100.07498168945312 55.950279235839844 -2
vertex -100.13208770751953 55.95012664794922 -2
vertex -100.13208770751953 55.95012664794922 -1.2000000476837158
endloop
endfacet
facet normal 0 0 1
outer loop
vertex 112.926513671875 27.252525329589844 0
vertex 109.35346221923828 30.097942352294922 0
vertex 109.17477416992188 28.200002670288086 0
endloop
endfacet
facet normal 0 0 1
outer loop
vertex 109.17477416992188 28.200002670288086 0
vertex 109.43205261230469 28.093435287475586 0
vertex 112.926513671875 27.252525329589844 0
endloop
endfacet
facet normal -0.0008392654340322129 -0.9999996478166807 -2.140189785861719e-7
outer loop
vertex -4.5625715255737305 -53.18144989013672 -1
vertex 13.130505561828613 -53.19629669189453 -12.174205780029297
vertex 13.827629089355469 -53.19688415527344 -1
endloop
endfacet
facet normal -0.0026638096625147874 0.9999964520527372 1.3977494915449107e-7
outer loop
vertex -28.049280166625977 56.14214324951172 -6.101468563079834
vertex -100.07498168945312 55.950279235839844 -2
vertex -27.67095375061035 56.143150329589844 -1
endloop
endfacet
facet normal 0 0 1
outer loop
vertex -27.668289184570312 55.14338302612305 0
vertex -101.25408172607422 54.67508316040039 0
vertex -26.355375289916992 52.95000457763672 0
endloop
endfacet
facet normal -0.36750610989784377 0.9300211068506747 0
outer loop
vertex -27.67095375061035 56.143150329589844 -6.140530109405518
vertex -27.67095375061035 56.143150329589844 -1
vertex -26.670534133911133 56.538475036621094 -1
endloop
endfacet
facet normal -0.6212347102070407 -0.7836245496626371 6.001850899371538e-8
outer loop
vertex 16.02754020690918 -56.9017448425293 -1
vertex 17.64881134033203 -58.187042236328125 -12.474113464355469
vertex 17.66515350341797 -58.19999694824219 -1
endloop
endfacet
facet normal -0.9736293371808723 -0.22813573543120158 0
outer loop
vertex 15.463591575622559 -54.49494552612305 -1
vertex 16.02754020690918 -56.9017448425293 -12.410319328308105
vertex 16.02754020690918 -56.9017448425293 -1
endloop
endfacet
facet normal -0.6215633860929483 -0.7833638727109316 0
outer loop
vertex 13.827629089355469 -53.19688415527344 -1
vertex 15.463591575622559 -54.49494552612305 -12.4237060546875
vertex 15.463591575622559 -54.49494552612305 -1
endloop
endfacet
facet normal 0.7353993343737532 0.6776339860149518 -3.592249750882916e-7
outer loop
vertex 113.78977966308594 27.791400909423828 -1
vertex 113.71943664550781 27.86773681640625 -7.690459728240967
vertex 112.60552978515625 29.076602935791016 -1
endloop
endfacet
facet normal 0 0 1
outer loop
vertex -97.56256866455078 -51.996883392333984 0
vertex -104.56256866455078 -52.09751510620117 0
vertex -97.56256866455078 -52.103389739990234 0
endloop
endfacet
facet normal -0.0008388353962082667 -0.99999964817727 7.172199744948374e-7
outer loop
vertex -4.5625715255737305 -53.18144989013672 -4.900000095367432
vertex -4.585407733917236 -53.18143081665039 -5.014804840087891
vertex 13.130505561828613 -53.19629669189453 -12.174205780029297
endloop
endfacet
facet normal 0 0 1
outer loop
vertex 72 -55.499996185302734 0
vertex 74.07829284667969 -56.334495544433594 0
vertex 72.28994750976562 -55.19999694824219 0
endloop
endfacet
facet normal 0.9317646464091637 0.3630628646694762 0
outer loop
vertex 114.2008056640625 26.736543655395508 -1
vertex 113.78977966308594 27.791400909423828 -7.656156063079834
vertex 113.78977966308594 27.791400909423828 -1
endloop
endfacet
facet normal 0 0 1
outer loop
vertex -96.56256866455078 -50.19999694824219 0
vertex -96.56256866455078 -52.10422897338867 0
vertex -13.56257152557373 -50.19999694824219 0
endloop
endfacet
facet normal -0.9999989797808264 0.001428438765368426 0
outer loop
vertex -114.2008056640625 -48.73653793334961 -11.984932899475098
vertex -114.2008056640625 -48.73653793334961 -1
vertex -114.092529296875 27.063880920410156 -1
endloop
endfacet
facet normal -0.0008477905491708906 -0.9999996403956418 -0.000021442291756663695
outer loop
vertex -4.585407733917236 -53.18143081665039 -5.014804840087891
vertex -4.650439739227295 -53.181373596191406 -5.1121320724487305
vertex 13.130505561828613 -53.19629669189453 -12.174205780029297
endloop
endfacet
facet normal 0 0 1
outer loop
vertex -113.2005386352539 -48.54928207397461 0
vertex -112.926513671875 -49.25252151489258 0
vertex -111.19999694824219 26.174776077270508 0
endloop
endfacet
facet normal 0 0 1
outer loop
vertex -111.19999694824219 26.174776077270508 0
vertex -112.926513671875 -49.25252151489258 0
vertex -111.19999694824219 -48.17477035522461 0
endloop
endfacet
facet normal -0.0008392567149823101 -0.999999647823923 4.4296992511292526e-7
outer loop
vertex -69.63399505615234 -53.1268310546875 -1
vertex -96.56256866455078 -53.10423278808594 -4.900000095367432
vertex 13.130505561828613 -53.19629669189453 -12.174205780029297
endloop
endfacet
facet normal -0.0008413696582939056 -0.9999996456740792 -0.000027364465113605746
outer loop
vertex -13.377376556396484 -53.174049377441406 -5.177164077758789
vertex -13.474703788757324 -53.17396926879883 -5.1121320724487305
vertex -69.63399505615234 -53.1268310546875 -1
endloop
endfacet
facet normal -0.0008372817489672095 -0.9999996490744737 0.00002846405566258824
outer loop
vertex -13.474703788757324 -53.17396926879883 -5.1121320724487305
vertex -13.539735794067383 -53.173912048339844 -5.014804840087891
vertex -69.63399505615234 -53.1268310546875 -1
endloop
endfacet
facet normal -0.0008393777963702544 -0.9999996477220578 -8.216244160820965e-7
outer loop
vertex -13.539735794067383 -53.173912048339844 -5.014804840087891
vertex -13.56257152557373 -53.173892974853516 -4.900000095367432
vertex -69.63399505615234 -53.1268310546875 -1
endloop
endfacet
facet normal -0.0008332404394451032 -0.9999996527397246 0.000015192116220812453
outer loop
vertex -4.650439739227295 -53.181373596191406 -5.1121320724487305
vertex -4.747766494750977 -53.18129348754883 -5.177164077758789
vertex 13.130505561828613 -53.19629669189453 -12.174205780029297
endloop
endfacet
facet normal -0.000833552118958817 -0.9999996524917535 0.00001439573753706241
outer loop
vertex -4.747766494750977 -53.18129348754883 -5.177164077758789
vertex -4.862571716308594 -53.18119812011719 -5.199999809265137
vertex 13.130505561828613 -53.19629669189453 -12.174205780029297
endloop
endfacet
facet normal -0.0008393637924794862 -0.9999996477340886 -3.5012642518348e-7
outer loop
vertex 13.130505561828613 -53.19629669189453 -12.174205780029297
vertex -13.377376556396484 -53.174049377441406 -5.177164077758789
vertex -69.63399505615234 -53.1268310546875 -1
endloop
endfacet
facet normal -0.0008392329028076833 -0.9999996478439716 -2.6039011336795646e-7
outer loop
vertex -4.862571716308594 -53.18119812011719 -5.199999809265137
vertex -5.262571811676025 -53.18086242675781 -5.199999809265137
vertex 13.130505561828613 -53.19629669189453 -12.174205780029297
endloop
endfacet
facet normal 0 0 1
outer loop
vertex 111.19999694824219 26.174776077270508 0
vertex 111.19999694824219 -48.17477035522461 0
vertex 113.2005386352539 26.549287796020508 0
endloop
endfacet
facet normal -0.3675441831673541 0.9300060609192041 0.00000856667954537566
outer loop
vertex -26.616104125976562 56.55998611450195 -1
vertex -27.67095375061035 56.143150329589844 -6.140530109405518
vertex -26.670534133911133 56.538475036621094 -1
endloop
endfacet
facet normal -0.0008912687289690709 -0.9999995933675578 -0.00013749462460489466
outer loop
vertex -5.262571811676025 -53.18086242675781 -5.199999809265137
vertex -5.377376556396484 -53.180763244628906 -5.177164077758789
vertex 13.130505561828613 -53.19629669189453 -12.174205780029297
endloop
endfacet
facet normal 0.999998979780775 -0.001428438801311832 0
outer loop
vertex 114.092529296875 -49.063873291015625 -1
vertex 114.2008056640625 26.736543655395508 -7.6739349365234375
vertex 114.2008056640625 26.736543655395508 -1
endloop
endfacet
facet normal 0.7353836449058391 0.6776510125462832 0
outer loop
vertex 113.78977966308594 27.791400909423828 -7.656156063079834
vertex 113.71943664550781 27.86773681640625 -7.690459728240967
vertex 113.78977966308594 27.791400909423828 -1
endloop
endfacet
facet normal 0.9317637998745211 0.36306503720853683 3.965751871850441e-7
outer loop
vertex 114.2008056640625 26.736543655395508 -1
vertex 114.15798950195312 26.846433639526367 -7.710642337799072
vertex 113.78977966308594 27.791400909423828 -7.656156063079834
endloop
endfacet
facet normal 0.9317719923099878 0.36304401158354926 0
outer loop
vertex 114.2008056640625 26.736543655395508 -7.6739349365234375
vertex 114.15798950195312 26.846433639526367 -7.710642337799072
vertex 114.2008056640625 26.736543655395508 -1
endloop
endfacet
facet normal -0.6215639983881662 -0.7833633868822872 -1.6614726156854197e-7
outer loop
vertex 14.31945514678955 -53.58712387084961 -12.227873802185059
vertex 14.865153312683105 -54.020111083984375 -12.252839088439941
vertex 13.827629089355469 -53.19688415527344 -1
endloop
endfacet
facet normal -0.6215646246518624 -0.7833628899694541 -3.067476200352624e-7
outer loop
vertex 15.036336898803711 -54.15593719482422 -12.263973236083984
vertex 15.342058181762695 -54.39851379394531 -12.357744216918945
vertex 13.827629089355469 -53.19688415527344 -1
endloop
endfacet
facet normal -0.6215627354772767 -0.783364388944254 2.360263339944243e-8
outer loop
vertex 14.865153312683105 -54.020111083984375 -12.252839088439941
vertex 15.036336898803711 -54.15593719482422 -12.263973236083984
vertex 13.827629089355469 -53.19688415527344 -1
endloop
endfacet
facet normal -0.6215657258115258 -0.7833620162454221 -5.460135227191953e-7
outer loop
vertex 15.342058181762695 -54.39851379394531 -12.357744216918945
vertex 15.463591575622559 -54.49494552612305 -12.4237060546875
vertex 13.827629089355469 -53.19688415527344 -1
endloop
endfacet
facet normal -0.9736296295738677 -0.22813448756345514 -1.1386579834104019e-7
outer loop
vertex 15.52263069152832 -54.74690628051758 -12.372684478759766
vertex 15.59679126739502 -55.06340789794922 -12.370087623596191
vertex 15.463591575622559 -54.49494552612305 -1
endloop
endfacet
facet normal 0 -1 0
outer loop
vertex 17.66515350341797 -58.19999694824219 -1
vertex 38 -58.19999694824219 -4.949999809265137
vertex 38.11418151855469 -58.19999694824219 -4.375974655151367
endloop
endfacet
facet normal 0 0 1
outer loop
vertex 28.078044891357422 54.94752502441406 0
vertex 26.355375289916992 52.95000457763672 0
vertex 100.17477416992188 52.95000457763672 0
endloop
endfacet
facet normal -0.9736284879783974 -0.22813935959605847 0
outer loop
vertex 15.463591575622559 -54.49494552612305 -12.4237060546875
vertex 15.52263069152832 -54.74690628051758 -12.372684478759766
vertex 15.463591575622559 -54.49494552612305 -1
endloop
endfacet
facet normal 0.001438605135476025 0.9999989652070953 -5.114996351279441e-8
outer loop
vertex 28.44523048400879 55.946998596191406 -6.112720966339111
vertex 28.079483032226562 55.94752502441406 -1
vertex 100.49104309082031 55.843353271484375 -1.057974100112915
endloop
endfacet
facet normal 0 0 1
outer loop
vertex 24.983745574951172 56.83329772949219 0
vertex 24.30147361755371 57.092613220214844 0
vertex 26.411972045898438 55.57048416137695 0
endloop
endfacet
facet normal 0 0 1
outer loop
vertex 26.554759979248047 55.47050094604492 0
vertex 25.87757110595703 53.14791488647461 0
vertex 26.699853897094727 55.40162658691406 0
endloop
endfacet
facet normal 0 0 1
outer loop
vertex 25.87757110595703 53.14791488647461 0
vertex 26.554759979248047 55.47050094604492 0
vertex 26.411972045898438 55.57048416137695 0
endloop
endfacet
facet normal 0 0 1
outer loop
vertex 24.30147361755371 57.092613220214844 0
vertex 25.87757110595703 53.14791488647461 0
vertex 26.411972045898438 55.57048416137695 0
endloop
endfacet
facet normal 0 0 1
outer loop
vertex 24.30147361755371 57.092613220214844 0
vertex 23.674772262573242 55.20000457763672 0
vertex 23.932052612304688 55.09343338012695 0
endloop
endfacet
facet normal 0 0 1
outer loop
vertex 23.932052612304688 55.09343338012695 0
vertex 25.87757110595703 53.14791488647461 0
vertex 24.30147361755371 57.092613220214844 0
endloop
endfacet
facet normal -0.0008394128909388694 -0.9999996473943792 0.000024435954944764956
outer loop
vertex -12.650439262390137 -53.174659729003906 -5.1121320724487305
vertex -12.747766494750977 -53.17457962036133 -5.177164077758789
vertex -5.474703788757324 -53.18068313598633 -5.1121320724487305
endloop
endfacet
facet normal -0.000838981674138117 -0.999999647771817 -0.0000237905932063308
outer loop
vertex -5.474703788757324 -53.18068313598633 -5.1121320724487305
vertex -12.747766494750977 -53.17457962036133 -5.177164077758789
vertex -5.377376556396484 -53.180763244628906 -5.177164077758789
endloop
endfacet
facet normal -0.000839412891127521 -0.9999996476191215 -0.000012150355061098646
outer loop
vertex -5.474703788757324 -53.18068313598633 -5.1121320724487305
vertex -5.539735317230225 -53.18062973022461 -5.014804840087891
vertex -12.650439262390137 -53.174659729003906 -5.1121320724487305
endloop
endfacet
facet normal 0 0 1
outer loop
vertex 27.905834197998047 54.96271896362305 0
vertex 26.355375289916992 52.95000457763672 0
vertex 28.078044891357422 54.94752502441406 0
endloop
endfacet
facet normal 0 0 1
outer loop
vertex 26.355375289916992 52.95000457763672 0
vertex 27.905834197998047 54.96271896362305 0
vertex 27.7249698638916 55.01365661621094 0
endloop
endfacet
facet normal 0 0 1
outer loop
vertex 26.699853897094727 55.40162658691406 0
vertex 26.355375289916992 52.95000457763672 0
vertex 27.7249698638916 55.01365661621094 0
endloop
endfacet
facet normal 0 0 1
outer loop
vertex 25.87757110595703 53.14791488647461 0
vertex 26.355375289916992 52.95000457763672 0
vertex 26.699853897094727 55.40162658691406 0
endloop
endfacet
facet normal 0 0 1
outer loop
vertex -4.5625715255737305 -50.19999694824219 0
vertex -4.5625715255737305 -52.18144607543945 0
vertex 13.828468322753906 -52.196956634521484 0
endloop
endfacet
facet normal -0.9149027498045241 0.4036743221956535 0
outer loop
vertex -104.58588409423828 52.96479797363281 -1
vertex -105.09040069580078 51.82134246826172 -6.228274345397949
vertex -105.09040069580078 51.82134246826172 -1
endloop
endfacet
facet normal 0 0 1
outer loop
vertex 24.30147361755371 57.092613220214844 0
vertex -24.050907135009766 57.20085144042969 0
vertex 23.674772262573242 55.20000457763672 0
endloop
endfacet
facet normal 0.662525940751603 0.7490389695010556 0
outer loop
vertex 27.054759979248047 56.33652877807617 -1
vertex 25.509592056274414 57.70323181152344 -5.979156970977783
vertex 25.509592056274414 57.70323181152344 -1
endloop
endfacet
facet normal 0.35490602015485034 0.9349019824868514 0
outer loop
vertex 27.054759979248047 56.33652877807617 -6.117834091186523
vertex 27.054759979248047 56.33652877807617 -1
vertex 28.079483032226562 55.94752502441406 -1
endloop
endfacet
facet normal 0.35527639738632466 0.934759915354156 -0.001606893675790531
outer loop
vertex 25.509592056274414 57.70323181152344 -1
vertex 24.46348762512207 58.09225082397461 -5.989026069641113
vertex 24.486183166503906 58.092201232910156 -1
endloop
endfacet
facet normal -0.6776344285574373 0.7353989265926593 0
outer loop
vertex -102.24263000488281 55.123992919921875 -2.4000000953674316
vertex -104.58588409423828 52.96479797363281 -6.2095794677734375
vertex -104.58588409423828 52.96479797363281 -1
endloop
endfacet
facet normal 0 0 1
outer loop
vertex -104.18133544921875 32.942405700683594 0
vertex -102.19999694824219 28.961524963378906 0
vertex -104.0914077758789 51.608245849609375 0
endloop
endfacet
facet normal 0 0 1
outer loop
vertex 17.538476943969727 -50.19999694824219 0
vertex -4.5625715255737305 -50.19999694824219 0
vertex 13.828468322753906 -52.196956634521484 0
endloop
endfacet
facet normal 0.662528731321653 0.7490365012288396 -4.2370884116217733e-7
outer loop
vertex 26.93467140197754 56.442745208740234 -6.072227478027344
vertex 26.72085189819336 56.63187026977539 -6.049951553344727
vertex 27.054759979248047 56.33652877807617 -1
endloop
endfacet
facet normal 0.3481457327109953 0.9374404190832336 0.00009728399512161106
outer loop
vertex 25.449472427368164 57.726078033447266 -6.001640796661377
vertex 24.46348762512207 58.09225082397461 -5.989026069641113
vertex 25.509592056274414 57.70323181152344 -1
endloop
endfacet
facet normal -0.0008397485182492866 -0.9999996473346363 0.00001237049834578632
outer loop
vertex -12.585408210754395 -53.174713134765625 -5.014804840087891
vertex -12.650439262390137 -53.174659729003906 -5.1121320724487305
vertex -5.539735317230225 -53.18062973022461 -5.014804840087891
endloop
endfacet
facet normal -0.0008397780590720694 -0.9999996473859312 9.082164188114498e-7
outer loop
vertex -12.56257152557373 -53.17473220825195 -4.900000095367432
vertex -12.585408210754395 -53.174713134765625 -5.014804840087891
vertex -5.5625715255737305 -53.18061065673828 -4.900000095367432
endloop
endfacet
facet normal -0.0008397485183132004 -0.9999996474107469 -8.988523739428628e-7
outer loop
vertex -5.5625715255737305 -53.18061065673828 -4.900000095367432
vertex -12.585408210754395 -53.174713134765625 -5.014804840087891
vertex -5.539735317230225 -53.18062973022461 -5.014804840087891
endloop
endfacet
facet normal 0.3552281264579069 0.9347796415055291 0
outer loop
vertex 25.509592056274414 57.70323181152344 -5.979156970977783
vertex 25.449472427368164 57.726078033447266 -6.001640796661377
vertex 25.509592056274414 57.70323181152344 -1
endloop
endfacet
facet normal 0.6625261586423006 0.7490387767763849 -1.205174112992922e-7
outer loop
vertex 25.509592056274414 57.70323181152344 -5.979156970977783
vertex 27.054759979248047 56.33652877807617 -1
vertex 26.72085189819336 56.63187026977539 -6.049951553344727
endloop
endfacet
facet normal 0.0014393201505717523 0.9999989641782157 0
outer loop
vertex 28.44523048400879 55.946998596191406 -6.112720966339111
vertex 28.079483032226562 55.94752502441406 -6.150738716125488
vertex 28.079483032226562 55.94752502441406 -1
endloop
endfacet
facet normal 0.35490311488630405 0.9349030853751392 2.0975364294622467e-7
outer loop
vertex 27.696855545043945 56.092777252197266 -6.095834732055664
vertex 27.35582733154297 56.22223663330078 -6.093874454498291
vertex 28.079483032226562 55.94752502441406 -1
endloop
endfacet
facet normal 0.3549060208742715 0.9349019822137451 -3.989093752975153e-8
outer loop
vertex 28.079483032226562 55.94752502441406 -1
vertex 28.02967071533203 55.966434478759766 -6.134729862213135
vertex 27.696855545043945 56.092777252197266 -6.095834732055664
endloop
endfacet
facet normal 0.35490242679035333 0.9349033465863291 0
outer loop
vertex 28.079483032226562 55.94752502441406 -6.150738716125488
vertex 28.02967071533203 55.966434478759766 -6.134729862213135
vertex 28.079483032226562 55.94752502441406 -1
endloop
endfacet
facet normal 0.35490329709433766 0.934903016206055 6.237997315921041e-7
outer loop
vertex 27.297922134399414 56.24422073364258 -6.088066101074219
vertex 27.054759979248047 56.33652877807617 -6.117834091186523
vertex 28.079483032226562 55.94752502441406 -1
endloop
endfacet
facet normal -0.0008397780590723864 -0.9999996473863088 -2.638091465889551e-7
outer loop
vertex -12.56257152557373 -53.17473220825195 -4.900000095367432
vertex -5.5625715255737305 -53.18061065673828 -4.900000095367432
vertex -12.15024185180664 -53.175079345703125 -1.5949000120162964
endloop
endfacet
facet normal 0.3549368914321351 0.9348902625830543 -0.000005280204940426131
outer loop
vertex 27.297922134399414 56.24422073364258 -6.088066101074219
vertex 28.079483032226562 55.94752502441406 -1
vertex 27.35582733154297 56.22223663330078 -6.093874454498291
endloop
endfacet
facet normal 0.6625186902923612 0.7490453824791222 0
outer loop
vertex 27.054759979248047 56.33652877807617 -6.117834091186523
vertex 26.93467140197754 56.442745208740234 -6.072227478027344
vertex 27.054759979248047 56.33652877807617 -1
endloop
endfacet
facet normal -0.000839320649024494 -0.9999996477703621 0
outer loop
vertex -13.56257152557373 -53.173892974853516 -4.900000095367432
vertex -13.56257152557373 -53.173892974853516 -1
vertex -69.63399505615234 -53.1268310546875 -1
endloop
endfacet
facet normal 0 0 1
outer loop
vertex -13.56257152557373 -50.19999694824219 0
vertex -96.56256866455078 -52.10422897338867 0
vertex -13.56257152557373 -52.173892974853516 0
endloop
endfacet
facet normal 0.002238533571611325 0.9999974944805561 -2.432921957997263e-7
outer loop
vertex 24.46348762512207 58.09225082397461 -5.989026069641113
vertex -24.215866088867188 58.20122146606445 -5.982742786407471
vertex 24.486183166503906 58.092201232910156 -1
endloop
endfacet
facet normal -0.9736294035006786 -0.22813545239376742 -6.297941769113758e-8
outer loop
vertex 15.59679126739502 -55.06340789794922 -12.370087623596191
vertex 16.02754020690918 -56.9017448425293 -12.410319328308105
vertex 15.463591575622559 -54.49494552612305 -1
endloop
endfacet
facet normal -0.0008418926655890678 -0.999999645608307 0
outer loop
vertex -12.56257152557373 -53.17473220825195 -1.574094533920288
vertex -12.56257152557373 -53.17473220825195 -4.900000095367432
vertex -12.15024185180664 -53.175079345703125 -1.5949000120162964
endloop
endfacet
facet normal -0.0008379908420429342 -0.9999996488824159 0.000002528599024824584
outer loop
vertex -5.5625715255737305 -53.18061065673828 -4.900000095367432
vertex -9.06257152557373 -53.177669525146484 -1.6718837022781372
vertex -10.205140113830566 -53.17671203613281 -1.6613386869430542
endloop
endfacet
facet normal -0.0008410961164281031 -0.9999996462782477 -8.382151428923786e-7
outer loop
vertex -9.06257152557373 -53.177669525146484 -1.6718837022781372
vertex -5.5625715255737305 -53.18061065673828 -4.900000095367432
vertex -7.9196648597717285 -53.17863082885742 -1.6611312627792358
endloop
endfacet
facet normal -0.0008420249591515678 -0.9999996454856765 -0.000004742296065996579
outer loop
vertex -12.15024185180664 -53.175079345703125 -1.5949000120162964
vertex -5.5625715255737305 -53.18061065673828 -4.900000095367432
vertex -11.42066478729248 -53.17569351196289 -1.6278072595596313
endloop
endfacet
facet normal -0.0008378542034891572 -0.9999996489963939 0.0000027244683121841616
outer loop
vertex -11.42066478729248 -53.17569351196289 -1.6278072595596313
vertex -5.5625715255737305 -53.18061065673828 -4.900000095367432
vertex -10.205140113830566 -53.17671203613281 -1.6613386869430542
endloop
endfacet
facet normal 0 0 1
outer loop
vertex 16.434001922607422 -54.26756286621094 0
vertex 16.921710968017578 -56.334495544433594 0
vertex 18.013452529907227 -57.19999694824219 0
endloop
endfacet
facet normal -0.0008402977388026946 -0.9999996469497595 -2.5719380310643056e-7
outer loop
vertex -7.9196648597717285 -53.17863082885742 -1.6611312627792358
vertex -5.5625715255737305 -53.18061065673828 -4.900000095367432
vertex -6.703036785125732 -53.17965316772461 -1.6273584365844727
endloop
endfacet
facet normal -0.0008353157648719376 -0.999999651122632 0.000001478948671353967
outer loop
vertex -6.703036785125732 -53.17965316772461 -1.6273584365844727
vertex -5.5625715255737305 -53.18061065673828 -4.900000095367432
vertex -5.985996246337891 -53.18025207519531 -1.5949000120162964
endloop
endfacet
facet normal -0.0008468598945742383 -0.9999996414140951 0
outer loop
vertex -5.985996246337891 -53.18025207519531 -1.5949000120162964
vertex -5.5625715255737305 -53.18061065673828 -4.900000095367432
vertex -5.5625715255737305 -53.18061065673828 -1.5734575986862183
endloop
endfacet
facet normal 0 0 1
outer loop
vertex -104.19611358642578 32.77355194091797 0
vertex -102.19999694824219 28.961524963378906 0
vertex -104.18133544921875 32.942405700683594 0
endloop
endfacet
facet normal 0 0 1
outer loop
vertex -104.24122619628906 32.60517883300781 0
vertex -102.19999694824219 28.961524963378906 0
vertex -104.19611358642578 32.77355194091797 0
endloop
endfacet
facet normal 0 0 1
outer loop
vertex -104.24122619628906 32.60517883300781 0
vertex -104.31489562988281 32.447200775146484 0
vertex -102.19999694824219 28.961524963378906 0
endloop
endfacet
facet normal 0 0 1
outer loop
vertex -104.31489562988281 32.447200775146484 0
vertex -104.41487121582031 32.304412841796875 0
vertex -102.19999694824219 28.961524963378906 0
endloop
endfacet
facet normal 0 0 1
outer loop
vertex -104.47819519042969 32.24109649658203 0
vertex -102.19999694824219 28.961524963378906 0
vertex -104.41487121582031 32.304412841796875 0
endloop
endfacet
facet normal 0 0 1
outer loop
vertex 16.434001922607422 -54.26756286621094 0
vertex 18.013452529907227 -57.19999694824219 0
vertex 18.299999237060547 -54.789947509765625 0
endloop
endfacet
facet normal 0 0 1
outer loop
vertex 18.013452529907227 -57.19999694824219 0
vertex 19 -55.499996185302734 0
vertex 18.710050582885742 -55.19999694824219 0
endloop
endfacet
facet normal 0 0 1
outer loop
vertex 18.299999237060547 -54.789947509765625 0
vertex 18.013452529907227 -57.19999694824219 0
vertex 18.710050582885742 -55.19999694824219 0
endloop
endfacet
facet normal 0 0 1
outer loop
vertex 19 -55.19999694824219 0
vertex 18.710050582885742 -55.19999694824219 0
vertex 19 -55.499996185302734 0
endloop
endfacet
facet normal 0 0 1
outer loop
vertex -106.23110961914062 30.49120330810547 0
vertex -102.19999694824219 28.961524963378906 0
vertex -104.47819519042969 32.24109649658203 0
endloop
endfacet
facet normal 0.7316974735252313 0.681629520640953 0.00006186742339992755
outer loop
vertex 107.03305053710938 34.328208923339844 -7.279632568359375
vertex 106.96246337890625 34.40398406982422 -7.314084529876709
vertex 105.98599243164062 35.45217514038086 -7.259966850280762
endloop
endfacet
facet normal 0 0 1
outer loop
vertex -106.23110961914062 30.49120330810547 0
vertex -102.9615249633789 28.200002670288086 0
vertex -102.19999694824219 28.961524963378906 0
endloop
endfacet
facet normal 0 0 1
outer loop
vertex -106.23110961914062 30.49120330810547 0
vertex -106.29373168945312 30.433958053588867 0
vertex -102.9615249633789 28.200002670288086 0
endloop
endfacet
facet normal 0 0 1
outer loop
vertex -106.29373168945312 30.433958053588867 0
vertex -106.43651580810547 30.33397674560547 0
vertex -102.9615249633789 28.200002670288086 0
endloop
endfacet
facet normal 0 0 1
outer loop
vertex -106.59449768066406 30.260311126708984 0
vertex -106.76287078857422 30.215194702148438 0
vertex -102.9615249633789 28.200002670288086 0
endloop
endfacet
facet normal 0 0 1
outer loop
vertex -106.43651580810547 30.33397674560547 0
vertex -106.59449768066406 30.260311126708984 0
vertex -102.9615249633789 28.200002670288086 0
endloop
endfacet
facet normal 0 0 1
outer loop
vertex -106.76287078857422 30.215194702148438 0
vertex -106.93651580810547 30.200002670288086 0
vertex -102.9615249633789 28.200002670288086 0
endloop
endfacet
facet normal 0 0 1
outer loop
vertex -110.25306701660156 29.9260196685791 0
vertex -102.9615249633789 28.200002670288086 0
vertex -106.93651580810547 30.200002670288086 0
endloop
endfacet
facet normal 0 0 1
outer loop
vertex 16.085155487060547 -53.71158218383789 0
vertex 16.229637145996094 -53.85215759277344 0
vertex 18.299999237060547 -50.96152114868164 0
endloop
endfacet
facet normal 0 0 1
outer loop
vertex 16.434001922607422 -54.26756286621094 0
vertex 18.299999237060547 -54.789947509765625 0
vertex 18.299999237060547 -50.96152114868164 0
endloop
endfacet
facet normal 0 0 1
outer loop
vertex 16.403284072875977 -54.152923583984375 0
vertex 16.434001922607422 -54.26756286621094 0
vertex 18.299999237060547 -50.96152114868164 0
endloop
endfacet
facet normal 0 0 1
outer loop
vertex 16.32961654663086 -53.99494552612305 0
vertex 16.403284072875977 -54.152923583984375 0
vertex 18.299999237060547 -50.96152114868164 0
endloop
endfacet
facet normal 0 0 1
outer loop
vertex 16.229637145996094 -53.85215759277344 0
vertex 16.32961654663086 -53.99494552612305 0
vertex 18.299999237060547 -50.96152114868164 0
endloop
endfacet
facet normal 0 0 1
outer loop
vertex 14.447938919067383 -52.41510009765625 0
vertex 16.085155487060547 -53.71158218383789 0
vertex 17.538476943969727 -50.19999694824219 0
endloop
endfacet
facet normal 0 0 1
outer loop
vertex 17.538476943969727 -50.19999694824219 0
vertex 13.828468322753906 -52.196956634521484 0
vertex 14.001276969909668 -52.212074279785156 0
endloop
endfacet
facet normal 0 0 1
outer loop
vertex -109.55139923095703 30.200002670288086 0
vertex -110.25306701660156 29.9260196685791 0
vertex -106.93651580810547 30.200002670288086 0
endloop
endfacet
facet normal 0 0 1
outer loop
vertex 14.327629089355469 -52.33085632324219 0
vertex 14.447938919067383 -52.41510009765625 0
vertex 17.538476943969727 -50.19999694824219 0
endloop
endfacet
facet normal 0 0 1
outer loop
vertex 17.538476943969727 -50.19999694824219 0
vertex 14.001276969909668 -52.212074279785156 0
vertex 14.169649124145508 -52.2571907043457 0
endloop
endfacet
facet normal 0 0 1
outer loop
vertex 17.538476943969727 -50.19999694824219 0
vertex 14.169649124145508 -52.2571907043457 0
vertex 14.327629089355469 -52.33085632324219 0
endloop
endfacet
facet normal 0 0 1
outer loop
vertex 17.538476943969727 -50.19999694824219 0
vertex 16.085155487060547 -53.71158218383789 0
vertex 18.299999237060547 -50.96152114868164 0
endloop
endfacet
facet normal 0 -1 0
outer loop
vertex 17.66515350341797 -58.19999694824219 -1
vertex 38.11418151855469 -58.19999694824219 -4.375974655151367
vertex 38.43933868408203 -58.19999694824219 -3.8893399238586426
endloop
endfacet
facet normal 0 -1 0
outer loop
vertex 17.66515350341797 -58.19999694824219 -1
vertex 38.43933868408203 -58.19999694824219 -3.8893399238586426
vertex 38.92597579956055 -58.19999694824219 -3.564180612564087
endloop
endfacet
facet normal 0 -1 0
outer loop
vertex 17.66515350341797 -58.19999694824219 -1
vertex 38.92597579956055 -58.19999694824219 -3.564180612564087
vertex 39.5 -58.19999694824219 -3.450000047683716
endloop
endfacet
facet normal 0 -1 0
outer loop
vertex 39.5 -58.19999694824219 -3.450000047683716
vertex 51.5 -58.19999694824219 -3.450000047683716
vertex 73.33484649658203 -58.19999694824219 -1
endloop
endfacet
facet normal -0.621257580308832 -0.7836064183515531 -0.000005202502462480237
outer loop
vertex 17.622987747192383 -58.166568756103516 -12.483247756958008
vertex 17.64881134033203 -58.187042236328125 -12.474113464355469
vertex 16.02754020690918 -56.9017448425293 -1
endloop
endfacet
facet normal 0.000595116171379501 -0.9999997438590117 -0.00039764136300141415
outer loop
vertex 52.88581848144531 -58.19999694824219 -10.524024963378906
vertex 52.56066131591797 -58.19999694824219 -11.010660171508789
vertex 73.35118865966797 -58.187042236328125 -12.474113464355469
endloop
endfacet
facet normal -0.6776334916622219 0.7353997898856948 0.000003706958989051018
outer loop
vertex -104.58588409423828 52.96479797363281 -1
vertex -101.79373168945312 55.53762435913086 -1
vertex -101.86030578613281 55.476280212402344 -1.0984560251235962
endloop
endfacet
facet normal 0 0 1
outer loop
vertex 100.85328674316406 54.842830657958984 0
vertex 103.92168426513672 52.00777053833008 0
vertex 101.6193618774414 54.5063591003418 0
endloop
endfacet
facet normal 0 -1 0
outer loop
vertex 17.66515350341797 -58.19999694824219 -1
vertex 39.5 -58.19999694824219 -3.450000047683716
vertex 73.33484649658203 -58.19999694824219 -1
endloop
endfacet
facet normal -0.621234586788592 -0.7836246475051735 0
outer loop
vertex 16.02754020690918 -56.9017448425293 -12.410319328308105
vertex 17.622987747192383 -58.166568756103516 -12.483247756958008
vertex 16.02754020690918 -56.9017448425293 -1
endloop
endfacet
facet normal -0.9999885007235558 0.004795666861671783 8.288341816748882e-8
outer loop
vertex -105.09040069580078 51.82134246826172 -1
vertex -105.1764144897461 33.88592529296875 -7.262423992156982
vertex -105.18091583251953 32.947200775146484 -1
endloop
endfacet
facet normal -0.7054082942283342 0.7088011981039686 -5.004783394896979e-7
outer loop
vertex -105.18091583251953 32.947200775146484 -1
vertex -106.89686584472656 31.239459991455078 -7.678489685058594
vertex -106.5340805053711 31.600513458251953 -1
endloop
endfacet
facet normal -0.7054099495016155 0.7087995507505125 0
outer loop
vertex -106.5340805053711 31.600513458251953 -1
vertex -106.93651580810547 31.200002670288086 -7.708802700042725
vertex -106.93651580810547 31.200002670288086 -1
endloop
endfacet
facet normal 0 1 0
outer loop
vertex -109.7165756225586 31.200002670288086 -7.539623737335205
vertex -109.73971557617188 31.200002670288086 -1
vertex -106.93651580810547 31.200002670288086 -1
endloop
endfacet
facet normal -0.36373106757234597 0.9315040045446297 0
outer loop
vertex -110.7922134399414 30.789026260375977 -7.529294490814209
vertex -110.7922134399414 30.789026260375977 -1
vertex -109.73971557617188 31.200002670288086 -1
endloop
endfacet
facet normal -0.0026638176218748725 0.9999964520315447 0
outer loop
vertex -100.07498168945312 55.950279235839844 -2
vertex -28.049280166625977 56.14214324951172 -6.101468563079834
vertex -100.07498168945312 55.950279235839844 -6.1125311851501465
endloop
endfacet
facet normal 0 0 1
outer loop
vertex 113.09283447265625 -48.853267669677734 0
vertex 113.2005386352539 26.549287796020508 0
vertex 111.19999694824219 -48.17477035522461 0
endloop
endfacet
facet normal -0.0008462379960465724 -0.9999996419405386 2.209775281056525e-7
outer loop
vertex 13.130505561828613 -53.19629669189453 -12.174205780029297
vertex 13.504646301269531 -53.19661331176758 -12.20882511138916
vertex 13.827629089355469 -53.19688415527344 -1
endloop
endfacet
facet normal 0 0 1
outer loop
vertex 19 -55.499996185302734 0
vertex 18.013452529907227 -57.19999694824219 0
vertex 74.07829284667969 -56.334495544433594 0
endloop
endfacet
facet normal -0.0008385691765065579 -0.9999996484008062 0
outer loop
vertex 13.504646301269531 -53.19661331176758 -12.20882511138916
vertex 13.827629089355469 -53.19688415527344 -12.298002243041992
vertex 13.827629089355469 -53.19688415527344 -1
endloop
endfacet
facet normal -0.6215667767726325 -0.7833611823497177 -3.644731494624271e-7
outer loop
vertex 13.827629089355469 -53.19688415527344 -1
vertex 14.195657730102539 -53.488895416259766 -12.219820976257324
vertex 14.31945514678955 -53.58712387084961 -12.227873802185059
endloop
endfacet
facet normal 0 0 1
outer loop
vertex 74.07829284667969 -56.334495544433594 0
vertex 18.013452529907227 -57.19999694824219 0
vertex 72.9865493774414 -57.19999694824219 0
endloop
endfacet
facet normal 0 0 1
outer loop
vertex 72 -55.499996185302734 0
vertex 19 -55.499996185302734 0
vertex 74.07829284667969 -56.334495544433594 0
endloop
endfacet
facet normal 0 -1 0
outer loop
vertex 53 -58.19999694824219 -4.949999809265137
vertex 53 -58.19999694824219 -9.949999809265137
vertex 73.33484649658203 -58.19999694824219 -1
endloop
endfacet
facet normal -0.6215627138153901 -0.7833644061319265 -1.4729808539971103e-7
outer loop
vertex 13.827629089355469 -53.19688415527344 -1
vertex 13.889415740966797 -53.245906829833984 -12.273119926452637
vertex 14.195657730102539 -53.488895416259766 -12.219820976257324
endloop
endfacet
facet normal 0 0 1
outer loop
vertex 111.19999694824219 -48.17477035522461 0
vertex 111.09342956542969 -48.43204879760742 0
vertex 113.09283447265625 -48.853267669677734 0
endloop
endfacet
facet normal 0 0 1
outer loop
vertex 113.09283447265625 -48.853267669677734 0
vertex 109.43205261230469 -50.09342956542969 0
vertex 112.75636291503906 -49.619354248046875 0
endloop
endfacet
facet normal 0 0 1
outer loop
vertex 111.09342956542969 -48.43204879760742 0
vertex 109.43205261230469 -50.09342956542969 0
vertex 113.09283447265625 -48.853267669677734 0
endloop
endfacet
facet normal 0 0 1
outer loop
vertex 109.43205261230469 -50.09342956542969 0
vertex 110.25306701660156 -51.9260139465332 0
vertex 112.75636291503906 -49.619354248046875 0
endloop
endfacet
facet normal -0.6816332523984958 0.7316939997189018 -6.578845986580186e-8
outer loop
vertex -26.616104125976562 56.55998611450195 -1
vertex -25.30193328857422 57.784244537353516 -1
vertex -26.52776527404785 56.64228057861328 -6.067043304443359
endloop
endfacet
facet normal 0 0 1
outer loop
vertex 109.17477416992188 -50.19999694824219 0
vertex 110.25306701660156 -51.9260139465332 0
vertex 109.43205261230469 -50.09342956542969 0
endloop
endfacet
facet normal -0.3652281889066208 0.9309180254071729 0
outer loop
vertex -25.30193328857422 57.784244537353516 -5.972291946411133
vertex -25.30193328857422 57.784244537353516 -1
vertex -25.157777786254883 57.84080123901367 -1
endloop
endfacet
facet normal 0 -1 0
outer loop
vertex 52.88581848144531 -58.19999694824219 -4.375974655151367
vertex 53 -58.19999694824219 -4.949999809265137
vertex 73.33484649658203 -58.19999694824219 -1
endloop
endfacet
facet normal 0 0 1
outer loop
vertex 105.23971557617188 -50.19999694824219 0
vertex 105.23971557617188 -52.19999694824219 0
vertex 109.17477416992188 -50.19999694824219 0
endloop
endfacet
facet normal -0.6776524320710272 0.7353823364477047 0.00002342940258717748
outer loop
vertex -102.00537109375 55.342613220214844 -2.4715797901153564
vertex -101.95726013183594 55.38694763183594 -2.481518268585205
vertex -104.58588409423828 52.96479797363281 -6.2095794677734375
endloop
endfacet
facet normal 0.6212351545217797 -0.7836241974226552 0
outer loop
vertex 73.33484649658203 -58.19999694824219 -1
vertex 74.97245788574219 -56.9017448425293 -12.410319328308105
vertex 74.97245788574219 -56.9017448425293 -1
endloop
endfacet
facet normal 0.9736289367590456 -0.2281374443300579 0
outer loop
vertex 74.97245788574219 -56.9017448425293 -1
vertex 75.53563690185547 -54.49824905395508 -12.424015998840332
vertex 75.53563690185547 -54.49824905395508 -1
endloop
endfacet
facet normal -0.36522716704258235 0.9309184263156728 -3.418572119579834e-8
outer loop
vertex -24.238975524902344 58.20127487182617 -1
vertex -25.30193328857422 57.784244537353516 -5.972291946411133
vertex -25.157777786254883 57.84080123901367 -1
endloop
endfacet
facet normal 0 0 1
outer loop
vertex 105.23971557617188 -52.19999694824219 0
vertex 110.25306701660156 -51.9260139465332 0
vertex 109.17477416992188 -50.19999694824219 0
endloop
endfacet
facet normal 0 0 1
outer loop
vertex -5.5625715255737305 -51.996883392333984 0
vertex -12.56257152557373 -51.996883392333984 0
vertex -12.56257152557373 -52.17473220825195 0
endloop
endfacet
facet normal 0 0 1
outer loop
vertex 109.55139923095703 -52.19999694824219 0
vertex 110.25306701660156 -51.9260139465332 0
vertex 105.23971557617188 -52.19999694824219 0
endloop
endfacet
facet normal 0 0 1
outer loop
vertex -5.5625715255737305 -51.996883392333984 0
vertex -12.56257152557373 -52.17473220825195 0
vertex -5.5625715255737305 -52.180606842041016 0
endloop
endfacet
facet normal 0.002238543055721465 0.9999974944592985 -3.359917262574502e-7
outer loop
vertex -24.215866088867188 58.20122146606445 -5.982742786407471
vertex -24.238975524902344 58.20127487182617 -1
vertex 24.486183166503906 58.092201232910156 -1
endloop
endfacet
facet normal 0.6212351545217797 -0.7836241974226552 0
outer loop
vertex 75.53563690185547 -54.49824905395508 -1
vertex 77.17324829101562 -53.19999694824219 -12.298382759094238
vertex 77.17324829101562 -53.19999694824219 -1
endloop
endfacet
facet normal 0 0 1
outer loop
vertex -27.668289184570312 55.14338302612305 0
vertex -26.355375289916992 52.95000457763672 0
vertex -27.30344581604004 55.213130950927734 0
endloop
endfacet
facet normal 0 0 1
outer loop
vertex 104.23971557617188 -51.999996185302734 0
vertex 97.23971557617188 -51.999996185302734 0
vertex 104.23971557617188 -52.19999694824219 0
endloop
endfacet
facet normal 0 0 1
outer loop
vertex -27.30344581604004 55.213130950927734 0
vertex -26.355375289916992 52.95000457763672 0
vertex -25.87757110595703 53.14791488647461 0
endloop
endfacet
facet normal 0 0 1
outer loop
vertex -27.30344581604004 55.213130950927734 0
vertex -25.87757110595703 53.14791488647461 0
vertex -26.24933433532715 55.631832122802734 0
endloop
endfacet
facet normal 0 0 1
outer loop
vertex -26.24933433532715 55.631832122802734 0
vertex -25.87757110595703 53.14791488647461 0
vertex -26.116104125976562 55.6939582824707 0
endloop
endfacet
facet normal 0 0 1
outer loop
vertex -26.116104125976562 55.6939582824707 0
vertex -25.87757110595703 53.14791488647461 0
vertex -23.932052612304688 55.09343338012695 0
endloop
endfacet
facet normal -0.6215462213675333 -0.7833774918286466 0
outer loop
vertex 13.827629089355469 -53.19688415527344 -12.298002243041992
vertex 13.889415740966797 -53.245906829833984 -12.273119926452637
vertex 13.827629089355469 -53.19688415527344 -1
endloop
endfacet
facet normal 0 0 1
outer loop
vertex 97.23971557617188 -51.999996185302734 0
vertex 97.23971557617188 -52.19999694824219 0
vertex 104.23971557617188 -52.19999694824219 0
endloop
endfacet
facet normal 0 0 1
outer loop
vertex -25.973316192626953 55.793941497802734 0
vertex -26.116104125976562 55.6939582824707 0
vertex -23.932052612304688 55.09343338012695 0
endloop
endfacet
facet normal 0 0 1
outer loop
vertex -25.934471130371094 55.82828903198242 0
vertex -25.973316192626953 55.793941497802734 0
vertex -23.932052612304688 55.09343338012695 0
endloop
endfacet
facet normal 0 0 1
outer loop
vertex -23.932052612304688 55.09343338012695 0
vertex -23.674772262573242 55.20000457763672 0
vertex -24.759546279907227 56.922828674316406 0
endloop
endfacet
facet normal 0 -1 0
outer loop
vertex 77.17324829101562 -53.19999694824219 -1
vertex 109.73971557617188 -53.19999694824219 -12.174271583557129
vertex 96.42491149902344 -53.19999694824219 -5.177164077758789
endloop
endfacet
facet normal 0 -1 0
outer loop
vertex 97.23971557617188 -53.19999694824219 -4.900000095367432
vertex 109.73971557617188 -53.19999694824219 -12.174271583557129
vertex 97.69880676269531 -53.19999694824219 -1.5949000120162964
endloop
endfacet
facet normal 0 -1 0
outer loop
vertex 109.73971557617188 -53.19999694824219 -12.174271583557129
vertex 104.32758331298828 -53.19999694824219 -5.1121320724487305
vertex 100.73971557617188 -53.19999694824219 -1.6698373556137085
endloop
endfacet
facet normal 0 0 1
outer loop
vertex -24.759546279907227 56.922828674316406 0
vertex -25.934471130371094 55.82828903198242 0
vertex -23.932052612304688 55.09343338012695 0
endloop
endfacet
facet normal 0 -1 0
outer loop
vertex 105.23971557617188 -53.19999694824219 -4.900000095367432
vertex 109.73971557617188 -53.19999694824219 -12.174271583557129
vertex 105.23971557617188 -53.19999694824219 -1
endloop
endfacet
facet normal -0.9999989797808263 0.0014284387653684257 0
outer loop
vertex -114.092529296875 27.063880920410156 -7.655391216278076
vertex -114.2008056640625 -48.73653793334961 -11.984932899475098
vertex -114.092529296875 27.063880920410156 -1
endloop
endfacet
facet normal 0 0 1
outer loop
vertex 96.23971557617188 -50.19999694824219 0
vertex 77.17324829101562 -52.19999694824219 0
vertex 96.23971557617188 -52.19999694824219 0
endloop
endfacet
facet normal 0 0 1
outer loop
vertex -24.759546279907227 56.922828674316406 0
vertex -23.674772262573242 55.20000457763672 0
vertex 23.674772262573242 55.20000457763672 0
endloop
endfacet
facet normal 0 -1 0
outer loop
vertex 97.69880676269531 -53.19999694824219 -1.5949000120162964
vertex 109.73971557617188 -53.19999694824219 -12.174271583557129
vertex 98.37390899658203 -53.19999694824219 -1.6254053115844727
endloop
endfacet
facet normal 0 -1 0
outer loop
vertex 98.37390899658203 -53.19999694824219 -1.6254053115844727
vertex 109.73971557617188 -53.19999694824219 -12.174271583557129
vertex 99.59358978271484 -53.19999694824219 -1.6591570377349854
endloop
endfacet
facet normal -0.9155845052974549 0.4021256176585647 0.000035804084847383295
outer loop
vertex -113.58782958984375 28.213010787963867 -7.636571407318115
vertex -114.0450210571289 27.172054290771484 -7.696592807769775
vertex -114.092529296875 27.063880920410156 -7.655391216278076
endloop
endfacet
facet normal -0.6776326364132784 0.7354005775860727 -0.000023529988960077653
outer loop
vertex -113.58782958984375 28.213010787963867 -7.636571407318115
vertex -110.7922134399414 30.789026260375977 -7.529294490814209
vertex -113.51403045654297 28.2810115814209 -7.673905849456787
endloop
endfacet
facet normal 0 -1 0
outer loop
vertex 99.59358978271484 -53.19999694824219 -1.6591570377349854
vertex 109.73971557617188 -53.19999694824219 -12.174271583557129
vertex 100.73971557617188 -53.19999694824219 -1.6698373556137085
endloop
endfacet
facet normal 0 -1 0
outer loop
vertex 77.17324829101562 -53.19999694824219 -1
vertex 96.42491149902344 -53.19999694824219 -5.177164077758789
vertex 96.32758331298828 -53.19999694824219 -5.1121320724487305
endloop
endfacet
facet normal 0 -1 0
outer loop
vertex 103.78063201904297 -53.19999694824219 -1.5949000120162964
vertex 104.23971557617188 -53.19999694824219 -4.900000095367432
vertex 104.23971557617188 -53.19999694824219 -1.5716934204101562
endloop
endfacet
facet normal 0 -1 0
outer loop
vertex 103.10552215576172 -53.19999694824219 -1.6254053115844727
vertex 104.23971557617188 -53.19999694824219 -4.900000095367432
vertex 103.78063201904297 -53.19999694824219 -1.5949000120162964
endloop
endfacet
facet normal 0 -1 0
outer loop
vertex 101.8858413696289 -53.19999694824219 -1.6591570377349854
vertex 104.23971557617188 -53.19999694824219 -4.900000095367432
vertex 103.10552215576172 -53.19999694824219 -1.6254053115844727
endloop
endfacet
facet normal 0 -1 0
outer loop
vertex 100.73971557617188 -53.19999694824219 -1.6698373556137085
vertex 104.23971557617188 -53.19999694824219 -4.900000095367432
vertex 101.8858413696289 -53.19999694824219 -1.6591570377349854
endloop
endfacet
facet normal 0 -1 0
outer loop
vertex 77.17324829101562 -53.19999694824219 -1
vertex 96.23971557617188 -53.19999694824219 -4.900000095367432
vertex 96.23971557617188 -53.19999694824219 -1
endloop
endfacet
facet normal 0 -1 0
outer loop
vertex 97.23971557617188 -53.19999694824219 -1.5716934204101562
vertex 97.23971557617188 -53.19999694824219 -4.900000095367432
vertex 97.69880676269531 -53.19999694824219 -1.5949000120162964
endloop
endfacet
facet normal 0 0 1
outer loop
vertex 73.4615249633789 -50.19999694824219 0
vertex 77.17324829101562 -52.19999694824219 0
vertex 96.23971557617188 -50.19999694824219 0
endloop
endfacet
facet normal 0 -1 0
outer loop
vertex 77.17324829101562 -53.19999694824219 -1
vertex 96.32758331298828 -53.19999694824219 -5.1121320724487305
vertex 96.2625503540039 -53.19999694824219 -5.014804840087891
endloop
endfacet
facet normal 0 0 1
outer loop
vertex -24.050907135009766 57.20085144042969 0
vertex -24.759546279907227 56.922828674316406 0
vertex 23.674772262573242 55.20000457763672 0
endloop
endfacet
facet normal 0 0 1
outer loop
vertex 73.4615249633789 -50.19999694824219 0
vertex 76.99959564208984 -52.21519088745117 0
vertex 77.17324829101562 -52.19999694824219 0
endloop
endfacet
facet normal 0 -1 0
outer loop
vertex 77.17324829101562 -53.19999694824219 -1
vertex 96.2625503540039 -53.19999694824219 -5.014804840087891
vertex 96.23971557617188 -53.19999694824219 -4.900000095367432
endloop
endfacet
facet normal 0 -1 0
outer loop
vertex 105.23971557617188 -53.19999694824219 -1
vertex 109.73971557617188 -53.19999694824219 -12.174271583557129
vertex 109.73971557617188 -53.19999694824219 -1
endloop
endfacet
facet normal 0 0 1
outer loop
vertex 73.4615249633789 -50.19999694824219 0
vertex 76.83123016357422 -52.26030349731445 0
vertex 76.99959564208984 -52.21519088745117 0
endloop
endfacet
facet normal 0 0 1
outer loop
vertex 73.4615249633789 -50.19999694824219 0
vertex 76.67324829101562 -52.3339729309082 0
vertex 76.83123016357422 -52.26030349731445 0
endloop
endfacet
facet normal 0 0 1
outer loop
vertex 73.4615249633789 -50.19999694824219 0
vertex 76.55200958251953 -52.4163703918457 0
vertex 76.67324829101562 -52.3339729309082 0
endloop
endfacet
facet normal -0.9736294288994188 -0.22813534393644402 -0.000005290736642184596
outer loop
vertex 15.59679126739502 -55.06340789794922 -12.370087623596191
vertex 16.003355026245117 -56.798526763916016 -12.464797019958496
vertex 16.02754020690918 -56.9017448425293 -12.410319328308105
endloop
endfacet
facet normal -0.08055834968326432 0.9938738542096849 -0.07566448450029363
outer loop
vertex -100.76586151123047 55.9405632019043 -1.0826389789581299
vertex -100.74563598632812 55.94849395751953 -1
vertex -100.65005493164062 55.94874572753906 -1.0984560251235962
endloop
endfacet
facet normal 0.36373106757234597 -0.9315040045446298 0
outer loop
vertex 109.73971557617188 -53.19999694824219 -1
vertex 110.7922134399414 -52.78902053833008 -12.15767765045166
vertex 110.7922134399414 -52.78902053833008 -1
endloop
endfacet
facet normal 0.6776331249135453 -0.7354001278351151 0
outer loop
vertex 110.7922134399414 -52.78902053833008 -1
vertex 113.58782958984375 -50.21300506591797 -12.029755592346191
vertex 113.58782958984375 -50.21300506591797 -1
endloop
endfacet
facet normal 0 0 1
outer loop
vertex 72.69999694824219 -50.96152114868164 0
vertex 76.55200958251953 -52.4163703918457 0
vertex 73.4615249633789 -50.19999694824219 0
endloop
endfacet
facet normal 0 0 1
outer loop
vertex 72.69999694824219 -50.96152114868164 0
vertex 74.8928451538086 -53.73220443725586 0
vertex 76.55200958251953 -52.4163703918457 0
endloop
endfacet
facet normal -0.6776385080385273 0.7353951675132158 0.0000046398419237062025
outer loop
vertex -102.24263000488281 55.123992919921875 -2.4000000953674316
vertex -102.13382720947266 55.22425079345703 -2.4413270950317383
vertex -104.58588409423828 52.96479797363281 -6.2095794677734375
endloop
endfacet
facet normal 0 0 1
outer loop
vertex 72.69999694824219 -50.96152114868164 0
vertex 74.76959228515625 -53.85546112060547 0
vertex 74.8928451538086 -53.73220443725586 0
endloop
endfacet
facet normal 0 0 1
outer loop
vertex 72.69999694824219 -50.96152114868164 0
vertex 74.66960906982422 -53.99824905395508 0
vertex 74.76959228515625 -53.85546112060547 0
endloop
endfacet
facet normal 0 0 1
outer loop
vertex 72.69999694824219 -50.96152114868164 0
vertex 72.69999694824219 -54.789947509765625 0
vertex 74.66960906982422 -53.99824905395508 0
endloop
endfacet
facet normal 0 0 1
outer loop
vertex 74.59593963623047 -54.156227111816406 0
vertex 74.66960906982422 -53.99824905395508 0
vertex 72.69999694824219 -54.789947509765625 0
endloop
endfacet
facet normal 0 0 1
outer loop
vertex 72.69999694824219 -54.789947509765625 0
vertex 74.56522369384766 -54.27086639404297 0
vertex 74.59593963623047 -54.156227111816406 0
endloop
endfacet
facet normal -0.6776246561134533 0.7354079312072156 -0.00001202694852233911
outer loop
vertex -102.13382720947266 55.22425079345703 -2.4413270950317383
vertex -102.00537109375 55.342613220214844 -2.4715797901153564
vertex -104.58588409423828 52.96479797363281 -6.2095794677734375
endloop
endfacet
facet normal 0 -1 0
outer loop
vertex 100.73971557617188 -53.19999694824219 -1.6698373556137085
vertex 104.32758331298828 -53.19999694824219 -5.1121320724487305
vertex 104.2625503540039 -53.19999694824219 -5.014804840087891
endloop
endfacet
facet normal 0 -1 0
outer loop
vertex 100.73971557617188 -53.19999694824219 -1.6698373556137085
vertex 104.2625503540039 -53.19999694824219 -5.014804840087891
vertex 104.23971557617188 -53.19999694824219 -4.900000095367432
endloop
endfacet
facet normal 0.9155845357350978 -0.40212554995019345 0
outer loop
vertex 113.58782958984375 -50.21300506591797 -1
vertex 114.092529296875 -49.063873291015625 -11.999502182006836
vertex 114.092529296875 -49.063873291015625 -1
endloop
endfacet
facet normal -0.6776344618943109 0.7353988958743464 0
outer loop
vertex -101.95726013183594 55.38694763183594 -2.481518268585205
vertex -101.95726013183594 55.38694763183594 -6.110987186431885
vertex -104.58588409423828 52.96479797363281 -6.2095794677734375
endloop
endfacet
facet normal 0 0 1
outer loop
vertex 72.69999694824219 -54.789947509765625 0
vertex 74.07829284667969 -56.334495544433594 0
vertex 74.56522369384766 -54.27086639404297 0
endloop
endfacet
facet normal 0 0 1
outer loop
vertex 72.69999694824219 -54.789947509765625 0
vertex 72.28994750976562 -55.19999694824219 0
vertex 74.07829284667969 -56.334495544433594 0
endloop
endfacet
facet normal -0.9149027498045242 0.4036743221956536 0
outer loop
vertex -104.58588409423828 52.96479797363281 -6.2095794677734375
vertex -105.09040069580078 51.82134246826172 -6.228274345397949
vertex -104.58588409423828 52.96479797363281 -1
endloop
endfacet
facet normal -0.9999885005847738 0.004795695801013659 0
outer loop
vertex -105.09040069580078 51.82134246826172 -6.228274345397949
vertex -105.1764144897461 33.88592529296875 -7.262423992156982
vertex -105.09040069580078 51.82134246826172 -1
endloop
endfacet
facet normal 0 -1 0
outer loop
vertex 52.56066131591797 -58.19999694824219 -3.8893399238586426
vertex 52.88581848144531 -58.19999694824219 -4.375974655151367
vertex 73.33484649658203 -58.19999694824219 -1
endloop
endfacet
facet normal 0 -1 0
outer loop
vertex 52.07402420043945 -58.19999694824219 -3.564180612564087
vertex 52.56066131591797 -58.19999694824219 -3.8893399238586426
vertex 73.33484649658203 -58.19999694824219 -1
endloop
endfacet
facet normal 0 -1 0
outer loop
vertex 73.33484649658203 -58.19999694824219 -1
vertex 51.5 -58.19999694824219 -3.450000047683716
vertex 52.07402420043945 -58.19999694824219 -3.564180612564087
endloop
endfacet
facet normal 0 -0.9999200023750141 -0.012648669904449638
outer loop
vertex 39.5 -58.19999694824219 -11.449999809265137
vertex 17.64881134033203 -58.187042236328125 -12.474113464355469
vertex 51.5 -58.19999694824219 -11.449999809265137
endloop
endfacet
facet normal -0.6776349482406225 0.7353984473383096 0.00002398608638053319
outer loop
vertex -104.58588409423828 52.96479797363281 -6.2095794677734375
vertex -101.95726013183594 55.38694763183594 -6.110987186431885
vertex -104.51214599609375 53.032745361328125 -6.246729850769043
endloop
endfacet
facet normal -0.9149029938051586 0.40367376714788805 0.00004053381943901433
outer loop
vertex -105.04273986816406 51.92936706542969 -6.26928186416626
vertex -105.09040069580078 51.82134246826172 -6.228274345397949
vertex -104.58588409423828 52.96479797363281 -6.2095794677734375
endloop
endfacet
facet normal -0.0006212315631786625 -0.9999997994006916 -0.00012357152426073527
outer loop
vertex 38.11418151855469 -58.19999694824219 -10.524024963378906
vertex 38 -58.19999694824219 -9.949999809265137
vertex 17.64881134033203 -58.187042236328125 -12.474113464355469
endloop
endfacet
facet normal -0.000595116171379501 -0.9999997438590117 -0.00039764136300141415
outer loop
vertex 38.43933868408203 -58.19999694824219 -11.010660171508789
vertex 38.11418151855469 -58.19999694824219 -10.524024963378906
vertex 17.64881134033203 -58.187042236328125 -12.474113464355469
endloop
endfacet
facet normal -0.0005637198691337896 -0.9999994852201423 -0.000843670172346163
outer loop
vertex 38.92597579956055 -58.19999694824219 -11.335819244384766
vertex 38.43933868408203 -58.19999694824219 -11.010660171508789
vertex 17.64881134033203 -58.187042236328125 -12.474113464355469
endloop
endfacet
facet normal -0.0004798070774071871 -0.999996975649459 -0.0024121519652877395
outer loop
vertex 17.64881134033203 -58.187042236328125 -12.474113464355469
vertex 39.5 -58.19999694824219 -11.449999809265137
vertex 38.92597579956055 -58.19999694824219 -11.335819244384766
endloop
endfacet
facet normal 0 -0.9999200023750141 -0.012648669904449638
outer loop
vertex 17.64881134033203 -58.187042236328125 -12.474113464355469
vertex 73.35118865966797 -58.187042236328125 -12.474113464355469
vertex 51.5 -58.19999694824219 -11.449999809265137
endloop
endfacet
facet normal -0.9999884195401627 0.004812564672293026 0.000002615888941559849
outer loop
vertex -105.1764144897461 33.88592529296875 -7.262423992156982
vertex -105.17826843261719 33.500732421875 -7.321982383728027
vertex -105.18091583251953 32.947200775146484 -1
endloop
endfacet
facet normal -0.9999885071857892 0.004794319065286102 0.000001018327874144869
outer loop
vertex -105.17826843261719 33.500732421875 -7.321982383728027
vertex -105.18029022216797 33.079063415527344 -7.4698309898376465
vertex -105.18091583251953 32.947200775146484 -1
endloop
endfacet
facet normal -0.9999887454796846 0.0047443560117646395 0
outer loop
vertex -105.18029022216797 33.079063415527344 -7.4698309898376465
vertex -105.18091583251953 32.947200775146484 -7.541284084320068
vertex -105.18091583251953 32.947200775146484 -1
endloop
endfacet
facet normal -0.7054005726616591 0.7088088826253545 0
outer loop
vertex -105.18091583251953 32.947200775146484 -7.541284084320068
vertex -105.40701293945312 32.722190856933594 -7.457869529724121
vertex -105.18091583251953 32.947200775146484 -1
endloop
endfacet
facet normal -0.7054107030342278 0.7087988008202737 7.05953263012677e-7
outer loop
vertex -105.40701293945312 32.722190856933594 -7.457869529724121
vertex -105.7046890258789 32.42593765258789 -7.431554317474365
vertex -105.18091583251953 32.947200775146484 -1
endloop
endfacet
facet normal -0.7054095448853432 0.708799953431421 5.182193240974011e-7
outer loop
vertex -105.7046890258789 32.42593765258789 -7.431554317474365
vertex -106.29084777832031 31.84258270263672 -7.465190410614014
vertex -105.18091583251953 32.947200775146484 -1
endloop
endfacet
facet normal -0.7054054033763805 0.708804075105809 -8.970010388823449e-7
outer loop
vertex -106.29084777832031 31.84258270263672 -7.465190410614014
vertex -106.58124542236328 31.553577423095703 -7.523863792419434
vertex -105.18091583251953 32.947200775146484 -1
endloop
endfacet
facet normal -0.7054182562540487 0.708791283610619 0.000004594344650993721
outer loop
vertex -106.58124542236328 31.553577423095703 -7.523863792419434
vertex -106.89686584472656 31.239459991455078 -7.678489685058594
vertex -105.18091583251953 32.947200775146484 -1
endloop
endfacet
facet normal -0.705381434051388 0.7088279286851045 -0.0000034046749934990464
outer loop
vertex -106.89686584472656 31.239459991455078 -7.678489685058594
vertex -106.93651580810547 31.200002670288086 -7.708802700042725
vertex -106.5340805053711 31.600513458251953 -1
endloop
endfacet
facet normal 0 1 0
outer loop
vertex -106.93651580810547 31.200002670288086 -1
vertex -107.34037017822266 31.200002670288086 -7.583880424499512
vertex -107.76310729980469 31.200002670288086 -7.539623737335205
endloop
endfacet
facet normal 0 1 0
outer loop
vertex -107.76310729980469 31.200002670288086 -7.539623737335205
vertex -109.7165756225586 31.200002670288086 -7.539623737335205
vertex -106.93651580810547 31.200002670288086 -1
endloop
endfacet
facet normal 0 1 0
outer loop
vertex -107.34037017822266 31.200002670288086 -7.583880424499512
vertex -106.93651580810547 31.200002670288086 -1
vertex -106.93651580810547 31.200002670288086 -7.708802700042725
endloop
endfacet
facet normal -0.356481164753721 0.9343016579743479 -0.0012613810744669688
outer loop
vertex -109.7165756225586 31.200002670288086 -7.539623737335205
vertex -110.73080444335938 30.813007354736328 -7.553016662597656
vertex -109.73971557617188 31.200002670288086 -1
endloop
endfacet
facet normal -0.36375934012782823 0.9314929642472776 0.0000052523448079733324
outer loop
vertex -110.73080444335938 30.813007354736328 -7.553016662597656
vertex -110.7922134399414 30.789026260375977 -7.529294490814209
vertex -109.73971557617188 31.200002670288086 -1
endloop
endfacet
facet normal -0.6776331249135453 0.735400127835115 0
outer loop
vertex -110.7922134399414 30.789026260375977 -7.529294490814209
vertex -113.58782958984375 28.213010787963867 -7.636571407318115
vertex -110.7922134399414 30.789026260375977 -1
endloop
endfacet
facet normal 0 0 1
outer loop
vertex -110.25306701660156 29.9260196685791 0
vertex -109.17477416992188 28.200002670288086 0
vertex -102.9615249633789 28.200002670288086 0
endloop
endfacet
facet normal -0.9155842899910882 0.40212610947501864 0
outer loop
vertex -113.58782958984375 28.213010787963867 -7.636571407318115
vertex -114.092529296875 27.063880920410156 -7.655391216278076
vertex -113.58782958984375 28.213010787963867 -1
endloop
endfacet
facet normal 0 0 1
outer loop
vertex -112.75636291503906 27.61935806274414 0
vertex -109.43205261230469 28.093435287475586 0
vertex -109.17477416992188 28.200002670288086 0
endloop
endfacet
facet normal 0 0 1
outer loop
vertex -109.17477416992188 28.200002670288086 0
vertex -110.25306701660156 29.9260196685791 0
vertex -112.75636291503906 27.61935806274414 0
endloop
endfacet
facet normal 0 0 1
outer loop
vertex 72 -55.19999694824219 0
vertex 72 -55.499996185302734 0
vertex 72.28994750976562 -55.19999694824219 0
endloop
endfacet
facet normal 0 0 1
outer loop
vertex -113.09283447265625 26.853271484375 0
vertex -113.2005386352539 -48.54928207397461 0
vertex -111.19999694824219 26.174776077270508 0
endloop
endfacet
facet normal -0.9155842899910883 0.40212610947501876 0
outer loop
vertex -113.58782958984375 28.213010787963867 -1
vertex -114.092529296875 27.063880920410156 -7.655391216278076
vertex -114.092529296875 27.063880920410156 -1
endloop
endfacet
facet normal -0.6776331249135453 0.735400127835115 0
outer loop
vertex -113.58782958984375 28.213010787963867 -7.636571407318115
vertex -113.58782958984375 28.213010787963867 -1
vertex -110.7922134399414 30.789026260375977 -1
endloop
endfacet
facet normal 0 0 1
outer loop
vertex -112.75636291503906 27.61935806274414 0
vertex -113.09283447265625 26.853271484375 0
vertex -109.43205261230469 28.093435287475586 0
endloop
endfacet
facet normal 0 0 1
outer loop
vertex -113.09283447265625 26.853271484375 0
vertex -111.09342956542969 26.43205451965332 0
vertex -109.43205261230469 28.093435287475586 0
endloop
endfacet
facet normal 0 0 1
outer loop
vertex -113.09283447265625 26.853271484375 0
vertex -111.19999694824219 26.174776077270508 0
vertex -111.09342956542969 26.43205451965332 0
endloop
endfacet
facet normal -6.136053982776301e-8 0.057564003431085836 -0.9983418179706699
outer loop
vertex 76.20680236816406 -52.53841781616211 -13.241744041442871
vertex 27.383798599243164 55.3215446472168 -7.022577285766602
vertex 27.863988876342773 55.18376922607422 -7.030521392822266
endloop
endfacet
facet normal 6.069875335714675e-9 0.05756403260288374 -0.9983418162886368
outer loop
vertex 76.20680236816406 -52.53841781616211 -13.241744041442871
vertex 26.12123680114746 56.007755279541016 -6.983010768890381
vertex 26.443418502807617 55.75965118408203 -6.997316360473633
endloop
endfacet
facet normal -0.000006668909687098596 0.05753779646706593 -0.9983433286866998
outer loop
vertex 104.74365234375 35.77580642700195 -8.149577140808105
vertex 28.443973541259766 55.126319885253906 -7.033833980560303
vertex 104.73309326171875 35.81055450439453 -8.147574424743652
endloop
endfacet
facet normal -9.584190861735601e-8 0.0575636269889269 -0.9983418396761053
outer loop
vertex 104.5936050415039 36.15860366821289 -8.1275053024292
vertex 28.443973541259766 55.126319885253906 -7.033833980560303
vertex 104.43373107910156 36.68476867675781 -8.097167015075684
endloop
endfacet
facet normal 5.901616023697644e-7 0.05756453843594371 -0.9983417871221801
outer loop
vertex -110.62149047851562 -51.59038162231445 -13.187080383300781
vertex -112.93045806884766 -49.08457946777344 -13.042596817016602
vertex -109.8531265258789 -51.927581787109375 -13.206522941589355
endloop
endfacet
facet normal -3.630938004101333e-7 0.05756351002929626 -0.9983418464198399
outer loop
vertex -112.93045806884766 -49.08457946777344 -13.042596817016602
vertex -113.20551300048828 -48.378692626953125 -13.001895904541016
vertex -109.8531265258789 -51.927581787109375 -13.206522941589355
endloop
endfacet
facet normal 1.8928932593526422e-7 0.057564030097839426 -0.9983418164330587
outer loop
vertex -113.20551300048828 -48.378692626953125 -13.001895904541016
vertex -113.0978012084961 27.027677536010742 -8.65399169921875
vertex -109.8531265258789 -51.927581787109375 -13.206522941589355
endloop
endfacet
facet normal -1.2425968803225508e-9 0.05756402229385644 -0.9983418168830515
outer loop
vertex -109.8531265258789 -51.927581787109375 -13.206522941589355
vertex -113.0978012084961 27.027677536010742 -8.65399169921875
vertex 13.131433486938477 -52.03105163574219 -13.212489128112793
endloop
endfacet
facet normal -6.225944688486401e-8 0.05756306965254571 -0.9983418718115414
outer loop
vertex 72.98783111572266 -57.03450393676758 -13.500986099243164
vertex 15.538107872009277 -53.1130485534668 -13.274876594543457
vertex 14.983664512634277 -52.69104766845703 -13.250544548034668
endloop
endfacet
facet normal -1.964144795460597e-8 0.057563740783446754 -0.9983418331147983
outer loop
vertex 14.792862892150879 -52.53472137451172 -13.241530418395996
vertex 14.275062561035156 -52.25840759277344 -13.225598335266113
vertex 72.98783111572266 -57.03450393676758 -13.500986099243164
endloop
endfacet
facet normal -6.687382694246151e-7 0.05756296006738985 -0.9983418781298484
outer loop
vertex 13.131433486938477 -52.03105163574219 -13.212489128112793
vertex -113.0978012084961 27.027677536010742 -8.65399169921875
vertex 13.713216781616211 -52.0882568359375 -13.215787887573242
endloop
endfacet
facet normal 2.2760700021306273e-7 0.05756692781214422 -0.9983416493476668
outer loop
vertex 14.983664512634277 -52.69104766845703 -13.250544548034668
vertex 14.792862892150879 -52.53472137451172 -13.241530418395996
vertex 72.98783111572266 -57.03450393676758 -13.500986099243164
endloop
endfacet
facet normal -0.0000015152553868695203 0.0575608334784053 -0.9983420007427192
outer loop
vertex 76.0169677734375 -52.69395446777344 -13.250711441040039
vertex -104.40990447998047 32.80849075317383 -8.320672035217285
vertex 76.20680236816406 -52.53841781616211 -13.241744041442871
endloop
endfacet
facet normal -1.8013318962042188e-10 0.05756402079818906 -0.9983418169692911
outer loop
vertex -113.0978012084961 27.027677536010742 -8.65399169921875
vertex -112.76009368896484 27.796592712402344 -8.60965633392334
vertex 72.98783111572266 -57.03450393676758 -13.500986099243164
endloop
endfacet
facet normal 1.1838992854183303e-8 0.05756404731636213 -0.9983418154402627
outer loop
vertex 13.713216781616211 -52.0882568359375 -13.215787887573242
vertex -113.0978012084961 27.027677536010742 -8.65399169921875
vertex 72.98783111572266 -57.03450393676758 -13.500986099243164
endloop
endfacet
facet normal 1.5235626585704104e-7 0.0575643408047383 -0.9983417985177685
outer loop
vertex 75.46199798583984 -53.11602783203125 -13.27504825592041
vertex -104.40990447998047 32.80849075317383 -8.320672035217285
vertex 76.0169677734375 -52.69395446777344 -13.250711441040039
endloop
endfacet
facet normal -1.7670482205601075e-7 0.05756365424034616 -0.998341838104798
outer loop
vertex 75.20670318603516 -53.343318939208984 -13.288153648376465
vertex -104.40990447998047 32.80849075317383 -8.320672035217285
vertex 75.46199798583984 -53.11602783203125 -13.27504825592041
endloop
endfacet
facet normal -9.79653370146815e-9 0.05756400107183459 -0.9983418181067052
outer loop
vertex 74.834228515625 -53.796424865722656 -13.314279556274414
vertex -104.40990447998047 32.80849075317383 -8.320672035217285
vertex 75.20670318603516 -53.343318939208984 -13.288153648376465
endloop
endfacet
facet normal 3.4036698634333416e-7 0.05756472339546084 -0.9983417764574857
outer loop
vertex 74.55746459960938 -54.3133659362793 -13.344086647033691
vertex -104.40990447998047 32.80849075317383 -8.320672035217285
vertex 74.834228515625 -53.796424865722656 -13.314279556274414
endloop
endfacet
facet normal -2.463148047852397e-10 0.05756403152818624 -0.9983418163506035
outer loop
vertex 76.20680236816406 -52.53841781616211 -13.241744041442871
vertex -100.34584045410156 55.12887191772461 -7.033686637878418
vertex -28.046953201293945 55.32146072387695 -7.022582054138184
endloop
endfacet
facet normal 0.0000011620081363863715 0.05756593107566003 -0.9983417068208872
outer loop
vertex 76.20680236816406 -52.53841781616211 -13.241744041442871
vertex -100.50700378417969 54.99278259277344 -7.041533946990967
vertex -100.34584045410156 55.12887191772461 -7.033686637878418
endloop
endfacet
facet normal -6.418479421763166e-7 0.05756297649139027 -0.9983418771828816
outer loop
vertex 76.20680236816406 -52.53841781616211 -13.241744041442871
vertex -100.67988586425781 54.90037155151367 -7.0468621253967285
vertex -100.50700378417969 54.99278259277344 -7.041533946990967
endloop
endfacet
facet normal -5.61990362186182e-7 0.05756310753285796 -0.9983418696272559
outer loop
vertex 76.20680236816406 -52.53841781616211 -13.241744041442871
vertex -100.86748504638672 54.84346389770508 -7.050143241882324
vertex -100.67988586425781 54.90037155151367 -7.0468621253967285
endloop
endfacet
facet normal 0.0000011484781637092882 0.05756591877392151 -0.9983417075302401
outer loop
vertex 76.20680236816406 -52.53841781616211 -13.241744041442871
vertex -101.06256866455078 54.824249267578125 -7.051251411437988
vertex -100.86748504638672 54.84346389770508 -7.050143241882324
endloop
endfacet
facet normal -4.5987272574853857e-7 0.05756327198248426 -0.9983418601453409
outer loop
vertex 76.20680236816406 -52.53841781616211 -13.241744041442871
vertex -101.26499938964844 54.8456916809082 -7.050014972686768
vertex -101.06256866455078 54.824249267578125 -7.051251411437988
endloop
endfacet
facet normal -2.4899574545305116e-9 0.05756402538605609 -0.9983418167047564
outer loop
vertex 76.20680236816406 -52.53841781616211 -13.241744041442871
vertex -103.75879669189453 52.547786712646484 -7.182511329650879
vertex -101.26499938964844 54.8456916809082 -7.050014972686768
endloop
endfacet
facet normal 0 0.05756322560273088 -0.9983418628196501
outer loop
vertex 18.012170791625977 -57.03450393676758 -13.500986099243164
vertex 16.917526245117188 -56.16670227050781 -13.450949668884277
vertex 72.98783111572266 -57.03450393676758 -13.500986099243164
endloop
endfacet
facet normal -1.0163006190666249e-7 0.05756385616605655 -0.9983418264619005
outer loop
vertex 76.20680236816406 -52.53841781616211 -13.241744041442871
vertex -104.09637451171875 51.78267288208008 -7.226627349853516
vertex -103.75879669189453 52.547786712646484 -7.182511329650879
endloop
endfacet
facet normal 6.734855277420789e-9 0.05756404283775999 -0.9983418156984974
outer loop
vertex 76.20680236816406 -52.53841781616211 -13.241744041442871
vertex -104.18195343017578 33.938419342041016 -8.255520820617676
vertex -104.09637451171875 51.78267288208008 -7.226627349853516
endloop
endfacet
facet normal 2.323841463597988e-8 0.05756407714974228 -0.9983418137200795
outer loop
vertex 76.20680236816406 -52.53841781616211 -13.241744041442871
vertex -104.23947143554688 33.36940383911133 -8.288330078125
vertex -104.18195343017578 33.938419342041016 -8.255520820617676
endloop
endfacet
facet normal -6.57502250389551e-8 0.05756389085169383 -0.9983418244619475
outer loop
vertex -104.40990447998047 32.80849075317383 -8.320672035217285
vertex -104.23947143554688 33.36940383911133 -8.288330078125
vertex 76.20680236816406 -52.53841781616211 -13.241744041442871
endloop
endfacet
facet normal 1.8359526576161937e-7 0.05756438366726648 -0.998341796046311
outer loop
vertex 72.98783111572266 -57.03450393676758 -13.500986099243164
vertex -104.68667602539062 32.29154586791992 -8.350479125976562
vertex -104.40990447998047 32.80849075317383 -8.320672035217285
endloop
endfacet
facet normal -6.797210744865998e-8 0.05756388494377313 -0.9983418248025951
outer loop
vertex 72.98783111572266 -57.03450393676758 -13.500986099243164
vertex -105.06246948242188 31.83513069152832 -8.376795768737793
vertex -104.68667602539062 32.29154586791992 -8.350479125976562
endloop
endfacet
facet normal -1.9337501278964256e-7 0.05756363060566873 -0.9983418394675527
outer loop
vertex 74.4161605834961 -54.77840042114258 -13.37090015411377
vertex -104.40990447998047 32.80849075317383 -8.320672035217285
vertex 74.55746459960938 -54.3133659362793 -13.344086647033691
endloop
endfacet
facet normal 3.529604275876728e-8 0.05756409115591846 -0.9983418129124875
outer loop
vertex 72.98783111572266 -57.03450393676758 -13.500986099243164
vertex -105.64862823486328 31.25177574157715 -8.410431861877441
vertex -105.06246948242188 31.83513069152832 -8.376795768737793
endloop
endfacet
facet normal 2.3351811333547193e-7 0.057564133394660814 -0.9983418104769866
outer loop
vertex 76.72460174560547 -52.262107849121094 -13.225811958312988
vertex 76.20680236816406 -52.53841781616211 -13.241744041442871
vertex 28.443973541259766 55.126319885253906 -7.033833980560303
endloop
endfacet
facet normal 8.916812412993671e-7 0.057564428316859935 -0.9983417934714334
outer loop
vertex 77.28645324707031 -52.091957092285156 -13.2160005569458
vertex 76.72460174560547 -52.262107849121094 -13.225811958312988
vertex 28.443973541259766 55.126319885253906 -7.033833980560303
endloop
endfacet
facet normal -0.000001009023400030789 0.057563565334248466 -0.9983418432305597
outer loop
vertex 77.8707504272461 -52.03450393676758 -13.212688446044922
vertex 77.28645324707031 -52.091957092285156 -13.2160005569458
vertex 28.443973541259766 55.126319885253906 -7.033833980560303
endloop
endfacet
facet normal 0 0.057564029193308185 -0.9983418164852317
outer loop
vertex 109.55204772949219 -52.03450393676758 -13.212688446044922
vertex 77.8707504272461 -52.03450393676758 -13.212688446044922
vertex 28.443973541259766 55.126319885253906 -7.033833980560303
endloop
endfacet
facet normal 1.8148595238436547e-7 0.05756416610154608 -0.9983418085911261
outer loop
vertex 110.25514221191406 -51.75996398925781 -13.196858406066895
vertex 109.55204772949219 -52.03450393676758 -13.212688446044922
vertex 28.443973541259766 55.126319885253906 -7.033833980560303
endloop
endfacet
facet normal -6.988467603257242e-8 0.057563974339051305 -0.9983418196481044
outer loop
vertex 112.76009368896484 -49.45177459716797 -13.063769340515137
vertex 110.25514221191406 -51.75996398925781 -13.196858406066895
vertex 28.443973541259766 55.126319885253906 -7.033833980560303
endloop
endfacet
facet normal 1.0677408688781129e-7 0.05756411629826929 -0.9983418114627814
outer loop
vertex 113.0978012084961 -48.682861328125 -13.019433975219727
vertex 112.76009368896484 -49.45177459716797 -13.063769340515137
vertex 28.443973541259766 55.126319885253906 -7.033833980560303
endloop
endfacet
facet normal 9.955507376472125e-9 0.05756404005235368 -0.9983418158591029
outer loop
vertex 72.98783111572266 -57.03450393676758 -13.500986099243164
vertex -106.09915924072266 30.883237838745117 -8.431681632995605
vertex -105.64862823486328 31.25177574157715 -8.410431861877441
endloop
endfacet
facet normal 3.942228716639832e-8 0.0575640998768037 -0.9983418124096435
outer loop
vertex 72.98783111572266 -57.03450393676758 -13.500986099243164
vertex -106.61695861816406 30.60692596435547 -8.447613716125488
vertex -106.09915924072266 30.883237838745117 -8.431681632995605
endloop
endfacet
facet normal -5.393224380768544e-7 0.05756291777726854 -0.9983418805683134
outer loop
vertex 72.98783111572266 -57.03450393676758 -13.500986099243164
vertex -107.1788101196289 30.4367733001709 -8.45742416381836
vertex -106.61695861816406 30.60692596435547 -8.447613716125488
endloop
endfacet
facet normal 4.782415782138412e-7 0.05756500673273636 -0.9983417601200659
outer loop
vertex 72.98783111572266 -57.03450393676758 -13.500986099243164
vertex -107.76310729980469 30.37932014465332 -8.460737228393555
vertex -107.1788101196289 30.4367733001709 -8.45742416381836
endloop
endfacet
facet normal 1.6945937634876536e-7 0.05756436894954407 -0.9983417968949372
outer loop
vertex 74.08247375488281 -56.16670227050781 -13.450949668884277
vertex -104.40990447998047 32.80849075317383 -8.320672035217285
vertex 74.4161605834961 -54.77840042114258 -13.37090015411377
endloop
endfacet
facet normal 0 0.057564021120057186 -0.9983418169507323
outer loop
vertex 72.98783111572266 -57.03450393676758 -13.500986099243164
vertex -109.55204772949219 30.37932014465332 -8.460737228393555
vertex -107.76310729980469 30.37932014465332 -8.460737228393555
endloop
endfacet
facet normal 1.3125808622020688e-7 0.0575642943084398 -0.9983418011987448
outer loop
vertex 72.98783111572266 -57.03450393676758 -13.500986099243164
vertex -110.25514221191406 30.104780197143555 -8.476567268371582
vertex -109.55204772949219 30.37932014465332 -8.460737228393555
endloop
endfacet
facet normal -2.298800482769937e-8 0.057563971023085185 -0.9983418198393038
outer loop
vertex 72.98783111572266 -57.03450393676758 -13.500986099243164
vertex -112.76009368896484 27.796592712402344 -8.60965633392334
vertex -110.25514221191406 30.104780197143555 -8.476567268371582
endloop
endfacet
facet normal 4.83980571673646e-8 0.057564685424489066 -0.9983417786469608
outer loop
vertex 72.98783111572266 -57.03450393676758 -13.500986099243164
vertex 15.792417526245117 -53.33955764770508 -13.28793716430664
vertex 15.538107872009277 -53.1130485534668 -13.274876594543457
endloop
endfacet
facet normal -2.450023343566991e-7 0.057560979591545 -0.9983419923194664
outer loop
vertex 14.275062561035156 -52.25840759277344 -13.225598335266113
vertex 13.713216781616211 -52.0882568359375 -13.215787887573242
vertex 72.98783111572266 -57.03450393676758 -13.500986099243164
endloop
endfacet
facet normal 3.717592784484787e-9 0.05756399609116732 -0.9983418183938887
outer loop
vertex 72.98783111572266 -57.03450393676758 -13.500986099243164
vertex 16.164886474609375 -53.79266357421875 -13.31406307220459
vertex 15.792417526245117 -53.33955764770508 -13.28793716430664
endloop
endfacet
facet normal -5.088511810637215e-8 0.05756304218675994 -0.9983418733951827
outer loop
vertex 72.98783111572266 -57.03450393676758 -13.500986099243164
vertex 16.44165802001953 -54.30960464477539 -13.34386920928955
vertex 16.164886474609375 -53.79266357421875 -13.31406307220459
endloop
endfacet
facet normal 8.395155988016698e-8 0.05756583099927767 -0.9983417125921141
outer loop
vertex 72.98783111572266 -57.03450393676758 -13.500986099243164
vertex 16.590909957885742 -54.77278518676758 -13.370576858520508
vertex 16.44165802001953 -54.30960464477539 -13.34386920928955
endloop
endfacet
facet normal 1.312341314515413e-8 0.05756407072159044 -0.9983418140907249
outer loop
vertex 16.917526245117188 -56.16670227050781 -13.450949668884277
vertex 16.590909957885742 -54.77278518676758 -13.370576858520508
vertex 72.98783111572266 -57.03450393676758 -13.500986099243164
endloop
endfacet
facet normal -2.4703894675217866e-7 0.05756353618443391 -0.9983418449117929
outer loop
vertex 72.98783111572266 -57.03450393676758 -13.500986099243164
vertex -104.40990447998047 32.80849075317383 -8.320672035217285
vertex 74.08247375488281 -56.16670227050781 -13.450949668884277
endloop
endfacet
facet normal 4.12906366586194e-7 0.05756450847124465 -0.9983417888500378
outer loop
vertex 103.92561340332031 52.184661865234375 -7.203449249267578
vertex 101.10240936279297 54.91305160522461 -7.046131134033203
vertex 101.6217041015625 54.684967041015625 -7.059282302856445
endloop
endfacet
facet normal 2.2700175665869888e-7 0.05756420353349527 -0.9983418064327984
outer loop
vertex 101.10240936279297 54.91305160522461 -7.046131134033203
vertex 104.20023345947266 51.49399185180664 -7.24327278137207
vertex 100.93480682373047 54.86220932006836 -7.049062728881836
endloop
endfacet
facet normal -0.0000010045937156620408 0.05756301348012915 -0.9983418750498636
outer loop
vertex 104.20023345947266 51.49399185180664 -7.24327278137207
vertex 100.73971557617188 54.842994689941406 -7.050170421600342
vertex 100.93480682373047 54.86220932006836 -7.049062728881836
endloop
endfacet
facet normal 0.0000012322357274518456 0.05756531713264783 -0.9983417422215196
outer loop
vertex 104.20023345947266 51.49399185180664 -7.24327278137207
vertex 100.54462432861328 54.86220932006836 -7.049062728881836
vertex 100.73971557617188 54.842994689941406 -7.050170421600342
endloop
endfacet
facet normal -6.555299065948176e-7 0.057563406569143875 -0.9983418523851065
outer loop
vertex 104.20023345947266 51.49399185180664 -7.24327278137207
vertex 101.10240936279297 54.91305160522461 -7.046131134033203
vertex 103.92561340332031 52.184661865234375 -7.203449249267578
endloop
endfacet
facet normal -9.45825598692285e-8 0.057563971694388386 -0.9983418198005924
outer loop
vertex 100.3570327758789 54.91911697387695 -7.045781135559082
vertex 104.20023345947266 51.49399185180664 -7.24327278137207
vertex 100.18415069580078 55.01152420043945 -7.04045295715332
endloop
endfacet
facet normal -0.000002547625433271537 0.05756122834988173 -0.9983419779736613
outer loop
vertex 104.20023345947266 51.49399185180664 -7.24327278137207
vertex 100.3570327758789 54.91911697387695 -7.045781135559082
vertex 100.54462432861328 54.86220932006836 -7.049062728881836
endloop
endfacet
facet normal 8.061375725202156e-7 0.05756500035357645 -0.9983417604876813
outer loop
vertex 112.93045806884766 27.429397583007812 -8.630828857421875
vertex 109.43760681152344 30.233840942382812 -8.469125747680664
vertex 110.68391418457031 29.86745834350586 -8.490250587463379
endloop
endfacet
facet normal -0.000004278249410336131 0.05755868888198341 -0.9983421243821597
outer loop
vertex 109.10292053222656 30.33519744873047 -8.46328067779541
vertex 109.43760681152344 30.233840942382812 -8.469125747680664
vertex 112.93045806884766 27.429397583007812 -8.630828857421875
endloop
endfacet
facet normal 1.4915806647470576e-9 0.05756408102193104 -0.9983418134968106
outer loop
vertex 104.20023345947266 51.49399185180664 -7.24327278137207
vertex 28.443973541259766 55.126319885253906 -7.033833980560303
vertex 100.18415069580078 55.01152420043945 -7.04045295715332
endloop
endfacet
facet normal -1.882814579343433e-9 0.05756401087834955 -0.9983418175412654
outer loop
vertex 104.37981414794922 37.23127365112305 -8.065655708312988
vertex 28.443973541259766 55.126319885253906 -7.033833980560303
vertex 104.20023345947266 51.49399185180664 -7.24327278137207
endloop
endfacet
facet normal 1.439693378793137e-8 0.05756407973092542 -0.9983418135712495
outer loop
vertex 104.43373107910156 36.68476867675781 -8.097167015075684
vertex 28.443973541259766 55.126319885253906 -7.033833980560303
vertex 104.37981414794922 37.23127365112305 -8.065655708312988
endloop
endfacet
facet normal -1.4296298042103587e-7 0.057563966931457725 -0.9983418200752153
outer loop
vertex 28.443973541259766 55.126319885253906 -7.033833980560303
vertex 76.20680236816406 -52.53841781616211 -13.241744041442871
vertex 27.863988876342773 55.18376922607422 -7.030521392822266
endloop
endfacet
facet normal 5.869909308434247e-7 0.057566359271810856 -0.9983416821308445
outer loop
vertex 104.73309326171875 35.81055450439453 -8.147574424743652
vertex 28.443973541259766 55.126319885253906 -7.033833980560303
vertex 104.5936050415039 36.15860366821289 -8.1275053024292
endloop
endfacet
facet normal 2.6497560848372086e-7 0.05756504641841643 -0.9983417578318435
outer loop
vertex 105.02042388916016 35.25886535644531 -8.179384231567383
vertex 28.443973541259766 55.126319885253906 -7.033833980560303
vertex 104.74365234375 35.77580642700195 -8.149577140808105
endloop
endfacet
facet normal 1.5832588160462305e-7 0.05756463671342608 -0.9983417814556427
outer loop
vertex 105.32392883300781 34.889652252197266 -8.20067310333252
vertex 28.443973541259766 55.126319885253906 -7.033833980560303
vertex 105.02042388916016 35.25886535644531 -8.179384231567383
endloop
endfacet
facet normal 1.399918529543507e-7 0.05756452852487855 -0.9983417876938182
outer loop
vertex 106.75564575195312 32.5029411315918 -8.338290214538574
vertex 28.443973541259766 55.126319885253906 -7.033833980560303
vertex 106.17596435546875 33.96229553222656 -8.254143714904785
endloop
endfacet
facet normal -7.353709986895669e-7 0.05756150846401613 -0.9983419618261101
outer loop
vertex 106.77157592773438 32.45050811767578 -8.341313362121582
vertex 28.443973541259766 55.126319885253906 -7.033833980560303
vertex 106.75564575195312 32.5029411315918 -8.338290214538574
endloop
endfacet
facet normal -1.6820599825382643e-7 0.05756340031558929 -0.9983418527458813
outer loop
vertex 28.443973541259766 55.126319885253906 -7.033833980560303
vertex 105.32392883300781 34.889652252197266 -8.20067310333252
vertex 106.17596435546875 33.96229553222656 -8.254143714904785
endloop
endfacet
facet normal 9.601678601551483e-7 0.05756721438447982 -0.9983416328226973
outer loop
vertex 107.81967163085938 31.146188735961914 -8.416520118713379
vertex 28.443973541259766 55.126319885253906 -7.033833980560303
vertex 107.42081451416016 31.48046112060547 -8.397245407104492
endloop
endfacet
facet normal -4.064867665758476e-7 0.057562640743451375 -0.9983418965416984
outer loop
vertex 107.04834747314453 31.933565139770508 -8.371119499206543
vertex 28.443973541259766 55.126319885253906 -7.033833980560303
vertex 106.77157592773438 32.45050811767578 -8.341313362121582
endloop
endfacet
facet normal 8.626639889236034e-8 0.05756430523785967 -0.9983418005685604
outer loop
vertex 107.04834747314453 31.933565139770508 -8.371119499206543
vertex 107.42081451416016 31.48046112060547 -8.397245407104492
vertex 28.443973541259766 55.126319885253906 -7.033833980560303
endloop
endfacet
facet normal -0.0000023785793399496896 0.057556296594459225 -0.9983422623112141
outer loop
vertex 108.58512115478516 30.611509323120117 -8.447349548339844
vertex 109.10292053222656 30.33519744873047 -8.46328067779541
vertex 28.443973541259766 55.126319885253906 -7.033833980560303
endloop
endfacet
facet normal 0.000012117017676546095 0.0576035269495808 -0.9983395382013811
outer loop
vertex 28.443973541259766 55.126319885253906 -7.033833980560303
vertex 108.53012084960938 30.649089813232422 -8.445181846618652
vertex 108.58512115478516 30.611509323120117 -8.447349548339844
endloop
endfacet
facet normal -8.814448170563984e-7 0.05756113873346622 -0.9983419831435166
outer loop
vertex 28.443973541259766 55.126319885253906 -7.033833980560303
vertex 107.81967163085938 31.146188735961914 -8.416520118713379
vertex 108.53012084960938 30.649089813232422 -8.445181846618652
endloop
endfacet
facet normal -2.0542614936440605e-7 0.05756341623787659 -0.998341851827811
outer loop
vertex 113.20551300048828 26.723508834838867 -8.671529769897461
vertex 28.443973541259766 55.126319885253906 -7.033833980560303
vertex 112.93045806884766 27.429397583007812 -8.630828857421875
endloop
endfacet
facet normal 1.5326384171269367e-7 0.05756450675756643 -0.9983417889489224
outer loop
vertex 112.93045806884766 27.429397583007812 -8.630828857421875
vertex 28.443973541259766 55.126319885253906 -7.033833980560303
vertex 109.10292053222656 30.33519744873047 -8.46328067779541
endloop
endfacet
facet normal 1.046641156102411e-9 0.05756403036583864 -0.998341816417624
outer loop
vertex 113.0978012084961 -48.682861328125 -13.019433975219727
vertex 28.443973541259766 55.126319885253906 -7.033833980560303
vertex 113.20551300048828 26.723508834838867 -8.671529769897461
endloop
endfacet
facet normal -2.914540155012893e-7 0.05756346442781784 -0.9983418490492033
outer loop
vertex 26.12123680114746 56.007755279541016 -6.983010768890381
vertex 24.302106857299805 57.27193069458008 -6.91011905670166
vertex 24.985754013061523 57.01209259033203 -6.925101280212402
endloop
endfacet
facet normal -2.8057655165837793e-7 0.05756376146818998 -0.9983418319220899
outer loop
vertex 76.20680236816406 -52.53841781616211 -13.241744041442871
vertex -28.046953201293945 55.32146072387695 -7.022582054138184
vertex -27.470643997192383 55.37890625 -7.019269943237305
endloop
endfacet
facet normal -3.8284254367595423e-7 0.05756385448827553 -0.9983418265585721
outer loop
vertex 26.961219787597656 55.483341217041016 -7.013248443603516
vertex 76.20680236816406 -52.53841781616211 -13.241744041442871
vertex 26.443418502807617 55.75965118408203 -6.997316360473633
endloop
endfacet
facet normal 9.588348408898895e-8 0.05756412193935666 -0.998341811137519
outer loop
vertex 76.20680236816406 -52.53841781616211 -13.241744041442871
vertex -27.470643997192383 55.37890625 -7.019269943237305
vertex -26.952669143676758 55.53131866455078 -7.010481834411621
endloop
endfacet
facet normal -1.1209028505953164e-7 0.05756392407293318 -0.9983418225464228
outer loop
vertex 76.20680236816406 -52.53841781616211 -13.241744041442871
vertex -26.952669143676758 55.53131866455078 -7.010481834411621
vertex -26.601686477661133 55.670013427734375 -7.0024847984313965
endloop
endfacet
facet normal 4.811562675316059e-7 0.05756448584690463 -0.9983417901545292
outer loop
vertex 76.20680236816406 -52.53841781616211 -13.241744041442871
vertex -26.601686477661133 55.670013427734375 -7.0024847984313965
vertex -26.557817459106445 55.68775177001953 -7.001461982727051
endloop
endfacet
facet normal 1.915548048115553e-7 0.05756421177116749 -0.998341805957823
outer loop
vertex 76.20680236816406 -52.53841781616211 -13.241744041442871
vertex -26.557817459106445 55.68775177001953 -7.001461982727051
vertex -26.040016174316406 55.96406173706055 -6.985529899597168
endloop
endfacet
facet normal 1.03862878837965e-8 0.05756404161355268 -0.9983418157690847
outer loop
vertex 76.20680236816406 -52.53841781616211 -13.241744041442871
vertex -26.040016174316406 55.96406173706055 -6.985529899597168
vertex -25.660642623901367 56.26408386230469 -6.968230724334717
endloop
endfacet
facet normal -2.522102547030509e-8 0.05756400838631304 -0.9983418176849549
outer loop
vertex 76.20680236816406 -52.53841781616211 -13.241744041442871
vertex -25.660642623901367 56.26408386230469 -6.968230724334717
vertex -24.761634826660156 57.10158157348633 -6.919940948486328
endloop
endfacet
facet normal -3.404581119928079e-8 0.05756400028641961 -0.9983418181519914
outer loop
vertex 76.20680236816406 -52.53841781616211 -13.241744041442871
vertex -24.761634826660156 57.10158157348633 -6.919940948486328
vertex -24.05155372619629 57.38016891479492 -6.9038777351379395
endloop
endfacet
facet normal -7.129155846450976e-9 0.05756402475614315 -0.998341816741077
outer loop
vertex 76.20680236816406 -52.53841781616211 -13.241744041442871
vertex -24.05155372619629 57.38016891479492 -6.9038777351379395
vertex 24.302106857299805 57.27193069458008 -6.91011905670166
endloop
endfacet
facet normal 1.5125888267276525e-7 0.057564099374258944 -0.9983418124386093
outer loop
vertex 76.20680236816406 -52.53841781616211 -13.241744041442871
vertex 24.302106857299805 57.27193069458008 -6.91011905670166
vertex 26.12123680114746 56.007755279541016 -6.983010768890381
endloop
endfacet
facet normal 0.0000061117851009877525 0.05756680548430879 -0.9983416563827126
outer loop
vertex 76.20680236816406 -52.53841781616211 -13.241744041442871
vertex 26.961219787597656 55.483341217041016 -7.013248443603516
vertex 27.04287338256836 55.450965881347656 -7.015114784240723
endloop
endfacet
facet normal -4.2281887199397755e-7 0.05756384035847984 -0.9983418273732723
outer loop
vertex 76.20680236816406 -52.53841781616211 -13.241744041442871
vertex 27.04287338256836 55.450965881347656 -7.015114784240723
vertex 27.383798599243164 55.3215446472168 -7.022577285766602
endloop
endfacet
facet normal 0 1 0
outer loop
vertex -13.56257152557373 -50.19999694824219 -4.099999904632568
vertex -96.56256866455078 -50.19999694824219 -4.099999904632568
vertex -96.56256866455078 -50.19999694824219 0
endloop
endfacet
facet normal 0 0 1
outer loop
vertex -100.43205261230469 52.84343338012695 -4.099999904632568
vertex -26.355375289916992 52.95000457763672 -4.099999904632568
vertex -100.17477416992188 52.95000457763672 -4.099999904632568
endloop
endfacet
facet normal 0 0 1
outer loop
vertex -102.09342956542969 51.18205642700195 -4.099999904632568
vertex -26.355375289916992 52.95000457763672 -4.099999904632568
vertex -100.43205261230469 52.84343338012695 -4.099999904632568
endloop
endfacet
facet normal 0 0 1
outer loop
vertex -102.19999694824219 50.924774169921875 -4.099999904632568
vertex -26.355375289916992 52.95000457763672 -4.099999904632568
vertex -102.09342956542969 51.18205642700195 -4.099999904632568
endloop
endfacet
facet normal 0 0 1
outer loop
vertex -102.19999694824219 28.961524963378906 -4.099999904632568
vertex -26.355375289916992 52.95000457763672 -4.099999904632568
vertex -102.19999694824219 50.924774169921875 -4.099999904632568
endloop
endfacet
facet normal -1 0 0
outer loop
vertex 111.19999694824219 26.174776077270508 -4.099999904632568
vertex 111.19999694824219 -48.17477035522461 -4.099999904632568
vertex 111.19999694824219 -48.17477035522461 0
endloop
endfacet
facet normal 0 0 1
outer loop
vertex 111.19999694824219 26.174776077270508 -4.099999904632568
vertex 111.09342956542969 -48.43204879760742 -4.099999904632568
vertex 111.19999694824219 -48.17477035522461 -4.099999904632568
endloop
endfacet
facet normal 1 0 0
outer loop
vertex -102.19999694824219 28.961524963378906 0
vertex -102.19999694824219 28.961524963378906 -4.099999904632568
vertex -102.19999694824219 50.924774169921875 0
endloop
endfacet
facet normal 0.7071076667132294 0.7071058956587566 0
outer loop
vertex 18.299999237060547 -50.96152114868164 0
vertex 18.299999237060547 -50.96152114868164 -4.099999904632568
vertex 17.538476943969727 -50.19999694824219 0
endloop
endfacet
facet normal 0 0 1
outer loop
vertex 111.19999694824219 26.174776077270508 -4.099999904632568
vertex 109.43205261230469 -50.09342956542969 -4.099999904632568
vertex 111.09342956542969 -48.43204879760742 -4.099999904632568
endloop
endfacet
facet normal 0 0 1
outer loop
vertex 111.19999694824219 26.174776077270508 -4.099999904632568
vertex 109.17477416992188 -50.19999694824219 -4.099999904632568
vertex 109.43205261230469 -50.09342956542969 -4.099999904632568
endloop
endfacet
facet normal 0 0 1
outer loop
vertex 111.19999694824219 26.174776077270508 -4.099999904632568
vertex 105.23971557617188 -49.999996185302734 -4.099999904632568
vertex 109.17477416992188 -50.19999694824219 -4.099999904632568
endloop
endfacet
facet normal 0 0 1
outer loop
vertex 111.19999694824219 26.174776077270508 -4.099999904632568
vertex 96.23971557617188 -49.999996185302734 -4.099999904632568
vertex 105.23971557617188 -49.999996185302734 -4.099999904632568
endloop
endfacet
facet normal 0 0 1
outer loop
vertex 102.19999694824219 35.38037872314453 -4.099999904632568
vertex -109.17477416992188 -50.19999694824219 -4.099999904632568
vertex 19 -27.499996185302734 -4.099999904632568
endloop
endfacet
facet normal 0 0 1
outer loop
vertex 111.19999694824219 26.174776077270508 -4.099999904632568
vertex 73.4615249633789 -50.19999694824219 -4.099999904632568
vertex 96.23971557617188 -49.999996185302734 -4.099999904632568
endloop
endfacet
facet normal 0 0 1
outer loop
vertex 102.19999694824219 35.38037872314453 -4.099999904632568
vertex 19 -27.499996185302734 -4.099999904632568
vertex 72 -27.499996185302734 -4.099999904632568
endloop
endfacet
facet normal 0 0 1
outer loop
vertex 72 -27.499996185302734 -4.099999904632568
vertex 73.4615249633789 -50.19999694824219 -4.099999904632568
vertex 111.19999694824219 26.174776077270508 -4.099999904632568
endloop
endfacet
facet normal 0.3826901366053445 -0.9238767554955493 0
outer loop
vertex -23.932052612304688 55.09343338012695 -4.099999904632568
vertex -23.674772262573242 55.20000457763672 -4.099999904632568
vertex -23.674772262573242 55.20000457763672 0
endloop
endfacet
facet normal -0.9238805955815449 0.38268086587637207 0
outer loop
vertex 111.19999694824219 -48.17477035522461 -4.099999904632568
vertex 111.09342956542969 -48.43204879760742 0
vertex 111.19999694824219 -48.17477035522461 0
endloop
endfacet
facet normal -0.7071075929811419 0.7071059693910211 0
outer loop
vertex 111.09342956542969 -48.43204879760742 0
vertex 111.09342956542969 -48.43204879760742 -4.099999904632568
vertex 109.43205261230469 -50.09342956542969 0
endloop
endfacet
facet normal -0.38268086587637207 0.9238805955815449 0
outer loop
vertex 109.43205261230469 -50.09342956542969 0
vertex 109.43205261230469 -50.09342956542969 -4.099999904632568
vertex 109.17477416992188 -50.19999694824219 0
endloop
endfacet
facet normal 0 1 0
outer loop
vertex 109.17477416992188 -50.19999694824219 0
vertex 109.17477416992188 -50.19999694824219 -4.099999904632568
vertex 105.23971557617188 -50.19999694824219 0
endloop
endfacet
facet normal 0.38267903509381435 -0.9238813539084265 0
outer loop
vertex -26.355375289916992 52.95000457763672 0
vertex -26.355375289916992 52.95000457763672 -4.099999904632568
vertex -25.87757110595703 53.14791488647461 0
endloop
endfacet
facet normal 0.7071067811865476 -0.7071067811865476 0
outer loop
vertex -25.87757110595703 53.14791488647461 0
vertex -25.87757110595703 53.14791488647461 -4.099999904632568
vertex -23.932052612304688 55.09343338012695 0
endloop
endfacet
facet normal 0.3826901366053445 -0.9238767554955493 0
outer loop
vertex -23.932052612304688 55.09343338012695 0
vertex -23.932052612304688 55.09343338012695 -4.099999904632568
vertex -23.674772262573242 55.20000457763672 0
endloop
endfacet
facet normal 0 1 0
outer loop
vertex 96.23971557617188 -50.19999694824219 0
vertex 96.23971557617188 -50.19999694824219 -4.099999904632568
vertex 73.4615249633789 -50.19999694824219 0
endloop
endfacet
facet normal 0 0 1
outer loop
vertex 72.28994750976562 -55.19999694824219 -4.099999904632568
vertex 72.69999694824219 -54.789947509765625 -4.099999904632568
vertex 72 -55.19999694824219 -4.099999904632568
endloop
endfacet
facet normal 0 0 1
outer loop
vertex 72.69999694824219 -54.789947509765625 -4.099999904632568
vertex 72.69999694824219 -50.96152114868164 -4.099999904632568
vertex 72 -55.19999694824219 -4.099999904632568
endloop
endfacet
facet normal 0 0 1
outer loop
vertex 72 -27.499996185302734 -4.099999904632568
vertex 72 -55.19999694824219 -4.099999904632568
vertex 72.69999694824219 -50.96152114868164 -4.099999904632568
endloop
endfacet
facet normal 0 0 1
outer loop
vertex 72 -27.499996185302734 -4.099999904632568
vertex 72.69999694824219 -50.96152114868164 -4.099999904632568
vertex 73.4615249633789 -50.19999694824219 -4.099999904632568
endloop
endfacet
facet normal 0 0 1
outer loop
vertex -109.43205261230469 -50.09342956542969 -4.099999904632568
vertex 102.19999694824219 35.38037872314453 -4.099999904632568
vertex -111.09342956542969 -48.43204879760742 -4.099999904632568
endloop
endfacet
facet normal 0 0 1
outer loop
vertex -111.19999694824219 -48.17477035522461 -4.099999904632568
vertex -111.09342956542969 -48.43204879760742 -4.099999904632568
vertex 102.19999694824219 35.38037872314453 -4.099999904632568
endloop
endfacet
facet normal 0 0 1
outer loop
vertex 102.19999694824219 35.38037872314453 -4.099999904632568
vertex -109.43205261230469 -50.09342956542969 -4.099999904632568
vertex -109.17477416992188 -50.19999694824219 -4.099999904632568
endloop
endfacet
facet normal 0 -1 0
outer loop
vertex -23.674772262573242 55.20000457763672 0
vertex -23.674772262573242 55.20000457763672 -4.099999904632568
vertex 23.674772262573242 55.20000457763672 0
endloop
endfacet
facet normal -0.9238805955815449 0.38268086587637207 0
outer loop
vertex 111.09342956542969 -48.43204879760742 -4.099999904632568
vertex 111.09342956542969 -48.43204879760742 0
vertex 111.19999694824219 -48.17477035522461 -4.099999904632568
endloop
endfacet
facet normal -0.7071075929811419 0.7071059693910211 0
outer loop
vertex 109.43205261230469 -50.09342956542969 -4.099999904632568
vertex 109.43205261230469 -50.09342956542969 0
vertex 111.09342956542969 -48.43204879760742 -4.099999904632568
endloop
endfacet
facet normal -0.38268086587637207 0.9238805955815449 0
outer loop
vertex 109.17477416992188 -50.19999694824219 -4.099999904632568
vertex 109.17477416992188 -50.19999694824219 0
vertex 109.43205261230469 -50.09342956542969 -4.099999904632568
endloop
endfacet
facet normal 0 1 0
outer loop
vertex 109.17477416992188 -50.19999694824219 -4.099999904632568
vertex 105.23971557617188 -50.19999694824219 -4.099999904632568
vertex 105.23971557617188 -50.19999694824219 0
endloop
endfacet
facet normal -0.7071050101365106 0.7071085522321486 0
outer loop
vertex 73.4615249633789 -50.19999694824219 0
vertex 73.4615249633789 -50.19999694824219 -4.099999904632568
vertex 72.69999694824219 -50.96152114868164 0
endloop
endfacet
facet normal 0 0 1
outer loop
vertex 26.355375289916992 52.95000457763672 -4.099999904632568
vertex -111.19999694824219 -48.17477035522461 -4.099999904632568
vertex 100.17477416992188 52.95000457763672 -4.099999904632568
endloop
endfacet
facet normal 0 0 1
outer loop
vertex -111.19999694824219 -48.17477035522461 -4.099999904632568
vertex 102.19999694824219 35.38037872314453 -4.099999904632568
vertex 102.19999694824219 50.924774169921875 -4.099999904632568
endloop
endfacet
facet normal 0 0 1
outer loop
vertex -111.19999694824219 -48.17477035522461 -4.099999904632568
vertex 102.19999694824219 50.924774169921875 -4.099999904632568
vertex 102.09342956542969 51.18205642700195 -4.099999904632568
endloop
endfacet
facet normal 0 0 1
outer loop
vertex 100.17477416992188 52.95000457763672 -4.099999904632568
vertex -111.19999694824219 -48.17477035522461 -4.099999904632568
vertex 100.43205261230469 52.84343338012695 -4.099999904632568
endloop
endfacet
facet normal 0 0 1
outer loop
vertex 100.43205261230469 52.84343338012695 -4.099999904632568
vertex -111.19999694824219 -48.17477035522461 -4.099999904632568
vertex 102.09342956542969 51.18205642700195 -4.099999904632568
endloop
endfacet
facet normal 1 0 0
outer loop
vertex 18.299999237060547 -54.789947509765625 0
vertex 18.299999237060547 -54.789947509765625 -4.099999904632568
vertex 18.299999237060547 -50.96152114868164 0
endloop
endfacet
facet normal 0 1 0
outer loop
vertex 19 -55.19999694824219 0
vertex 19 -55.19999694824219 -4.099999904632568
vertex 18.710050582885742 -55.19999694824219 0
endloop
endfacet
facet normal 0 1 0
outer loop
vertex -13.56257152557373 -50.19999694824219 -4.099999904632568
vertex -96.56256866455078 -50.19999694824219 0
vertex -13.56257152557373 -50.19999694824219 0
endloop
endfacet
facet normal 0.7071051366316995 0.7071084257375707 0
outer loop
vertex 18.710050582885742 -55.19999694824219 0
vertex 18.710050582885742 -55.19999694824219 -4.099999904632568
vertex 18.299999237060547 -54.789947509765625 0
endloop
endfacet
facet normal 0 -1 0
outer loop
vertex 23.674772262573242 55.20000457763672 0
vertex -23.674772262573242 55.20000457763672 -4.099999904632568
vertex 23.674772262573242 55.20000457763672 -4.099999904632568
endloop
endfacet
facet normal 0 1 0
outer loop
vertex 17.538476943969727 -50.19999694824219 -4.099999904632568
vertex -4.5625715255737305 -50.19999694824219 0
vertex 17.538476943969727 -50.19999694824219 0
endloop
endfacet
facet normal -0.38267903509381435 -0.9238813539084265 0
outer loop
vertex 25.87757110595703 53.14791488647461 -4.099999904632568
vertex 26.355375289916992 52.95000457763672 -4.099999904632568
vertex 26.355375289916992 52.95000457763672 0
endloop
endfacet
facet normal -0.7071067811865476 -0.7071067811865476 0
outer loop
vertex 23.932052612304688 55.09343338012695 -4.099999904632568
vertex 25.87757110595703 53.14791488647461 -4.099999904632568
vertex 25.87757110595703 53.14791488647461 0
endloop
endfacet
facet normal -0.3826901366053445 -0.9238767554955493 0
outer loop
vertex 23.674772262573242 55.20000457763672 -4.099999904632568
vertex 23.932052612304688 55.09343338012695 -4.099999904632568
vertex 23.932052612304688 55.09343338012695 0
endloop
endfacet
facet normal -0.7071067811865476 -0.7071067811865476 0
outer loop
vertex 23.932052612304688 55.09343338012695 0
vertex 23.932052612304688 55.09343338012695 -4.099999904632568
vertex 25.87757110595703 53.14791488647461 0
endloop
endfacet
facet normal -0.38267903509381435 -0.9238813539084265 0
outer loop
vertex 25.87757110595703 53.14791488647461 0
vertex 25.87757110595703 53.14791488647461 -4.099999904632568
vertex 26.355375289916992 52.95000457763672 0
endloop
endfacet
facet normal 0.9238826016131793 -0.38267602281363744 0
outer loop
vertex -102.19999694824219 50.924774169921875 -4.099999904632568
vertex -102.09342956542969 51.18205642700195 -4.099999904632568
vertex -102.09342956542969 51.18205642700195 0
endloop
endfacet
facet normal 0.7071067811865475 -0.7071067811865475 0
outer loop
vertex -102.09342956542969 51.18205642700195 -4.099999904632568
vertex -100.43205261230469 52.84343338012695 -4.099999904632568
vertex -100.43205261230469 52.84343338012695 0
endloop
endfacet
facet normal 0.38269255819931874 -0.9238757524141767 0
outer loop
vertex -100.43205261230469 52.84343338012695 -4.099999904632568
vertex -100.17477416992188 52.95000457763672 -4.099999904632568
vertex -100.17477416992188 52.95000457763672 0
endloop
endfacet
facet normal -0.3826901366053445 -0.9238767554955493 0
outer loop
vertex 23.674772262573242 55.20000457763672 0
vertex 23.674772262573242 55.20000457763672 -4.099999904632568
vertex 23.932052612304688 55.09343338012695 0
endloop
endfacet
facet normal 0.7071076667132294 0.7071058956587566 0
outer loop
vertex 18.299999237060547 -50.96152114868164 -4.099999904632568
vertex 17.538476943969727 -50.19999694824219 -4.099999904632568
vertex 17.538476943969727 -50.19999694824219 0
endloop
endfacet
facet normal 1 0 0
outer loop
vertex 18.299999237060547 -54.789947509765625 -4.099999904632568
vertex 18.299999237060547 -50.96152114868164 -4.099999904632568
vertex 18.299999237060547 -50.96152114868164 0
endloop
endfacet
facet normal 0 1 0
outer loop
vertex 19 -55.19999694824219 -4.099999904632568
vertex 18.710050582885742 -55.19999694824219 -4.099999904632568
vertex 18.710050582885742 -55.19999694824219 0
endloop
endfacet
facet normal 0.7071051366316995 0.7071084257375707 0
outer loop
vertex 18.710050582885742 -55.19999694824219 -4.099999904632568
vertex 18.299999237060547 -54.789947509765625 -4.099999904632568
vertex 18.299999237060547 -54.789947509765625 0
endloop
endfacet
facet normal 0 1 0
outer loop
vertex 17.538476943969727 -50.19999694824219 -4.099999904632568
vertex -4.5625715255737305 -50.19999694824219 -4.099999904632568
vertex -4.5625715255737305 -50.19999694824219 0
endloop
endfacet
facet normal 0 -1 0
outer loop
vertex 26.355375289916992 52.95000457763672 0
vertex 26.355375289916992 52.95000457763672 -4.099999904632568
vertex 100.17477416992188 52.95000457763672 0
endloop
endfacet
facet normal 0 0 1
outer loop
vertex 102.19999694824219 35.38037872314453 -4.099999904632568
vertex 72 -27.499996185302734 -4.099999904632568
vertex 102.39791107177734 34.90257263183594 -4.099999904632568
endloop
endfacet
facet normal 0 0 1
outer loop
vertex 105.2115249633789 28.200002670288086 -4.099999904632568
vertex 104.44999694824219 28.961524963378906 -4.099999904632568
vertex 72 -27.499996185302734 -4.099999904632568
endloop
endfacet
facet normal 0 0 1
outer loop
vertex 105.2115249633789 28.200002670288086 -4.099999904632568
vertex 72 -27.499996185302734 -4.099999904632568
vertex 109.17477416992188 28.200002670288086 -4.099999904632568
endloop
endfacet
facet normal 0 0 1
outer loop
vertex 111.19999694824219 26.174776077270508 -4.099999904632568
vertex 111.09342956542969 26.43205451965332 -4.099999904632568
vertex 72 -27.499996185302734 -4.099999904632568
endloop
endfacet
facet normal 0 0 1
outer loop
vertex 72 -27.499996185302734 -4.099999904632568
vertex 111.09342956542969 26.43205451965332 -4.099999904632568
vertex 109.43205261230469 28.093435287475586 -4.099999904632568
endloop
endfacet
facet normal 0 0 1
outer loop
vertex 109.17477416992188 28.200002670288086 -4.099999904632568
vertex 72 -27.499996185302734 -4.099999904632568
vertex 109.43205261230469 28.093435287475586 -4.099999904632568
endloop
endfacet
facet normal 0 0 1
outer loop
vertex 102.39791107177734 34.90257263183594 -4.099999904632568
vertex 72 -27.499996185302734 -4.099999904632568
vertex 104.44999694824219 28.961524963378906 -4.099999904632568
endloop
endfacet
facet normal -1 0 0
outer loop
vertex 111.19999694824219 26.174776077270508 -4.099999904632568
vertex 111.19999694824219 -48.17477035522461 0
vertex 111.19999694824219 26.174776077270508 0
endloop
endfacet
facet normal -0.7071041246065017 -0.7071094377566126 0
outer loop
vertex 104.44999694824219 28.961524963378906 -4.099999904632568
vertex 105.2115249633789 28.200002670288086 -4.099999904632568
vertex 105.2115249633789 28.200002670288086 0
endloop
endfacet
facet normal 0 0 1
outer loop
vertex 19 -27.499996185302734 -4.099999904632568
vertex -96.56256866455078 -49.996883392333984 -4.099999904632568
vertex -13.56257152557373 -49.996883392333984 -4.099999904632568
endloop
endfacet
facet normal 0 0 1
outer loop
vertex -96.56256866455078 -49.996883392333984 -4.099999904632568
vertex -13.56257152557373 -50.19999694824219 -4.099999904632568
vertex -13.56257152557373 -49.996883392333984 -4.099999904632568
endloop
endfacet
facet normal 1 0 0
outer loop
vertex -111.19999694824219 -48.17477035522461 0
vertex -111.19999694824219 -48.17477035522461 -4.099999904632568
vertex -111.19999694824219 26.174776077270508 0
endloop
endfacet
facet normal 0 0 1
outer loop
vertex 19 -27.499996185302734 -4.099999904632568
vertex 17.538476943969727 -50.19999694824219 -4.099999904632568
vertex 18.299999237060547 -50.96152114868164 -4.099999904632568
endloop
endfacet
facet normal 0 0 1
outer loop
vertex 19 -27.499996185302734 -4.099999904632568
vertex -4.5625715255737305 -49.996883392333984 -4.099999904632568
vertex 17.538476943969727 -50.19999694824219 -4.099999904632568
endloop
endfacet
facet normal 0 0 1
outer loop
vertex 19 -27.499996185302734 -4.099999904632568
vertex -13.56257152557373 -49.996883392333984 -4.099999904632568
vertex -4.5625715255737305 -49.996883392333984 -4.099999904632568
endloop
endfacet
facet normal 0 0 1
outer loop
vertex 18.299999237060547 -50.96152114868164 -4.099999904632568
vertex 19 -55.19999694824219 -4.099999904632568
vertex 19 -27.499996185302734 -4.099999904632568
endloop
endfacet
facet normal 0 0 1
outer loop
vertex 18.710050582885742 -55.19999694824219 -4.099999904632568
vertex 18.299999237060547 -50.96152114868164 -4.099999904632568
vertex 18.299999237060547 -54.789947509765625 -4.099999904632568
endloop
endfacet
facet normal 0 0 1
outer loop
vertex 18.710050582885742 -55.19999694824219 -4.099999904632568
vertex 19 -55.19999694824219 -4.099999904632568
vertex 18.299999237060547 -50.96152114868164 -4.099999904632568
endloop
endfacet
facet normal 1 0 0
outer loop
vertex -102.19999694824219 28.961524963378906 -4.099999904632568
vertex -102.19999694824219 50.924774169921875 -4.099999904632568
vertex -102.19999694824219 50.924774169921875 0
endloop
endfacet
facet normal -0.7071075929811419 -0.7071059693910211 0
outer loop
vertex 109.43205261230469 28.093435287475586 -4.099999904632568
vertex 111.09342956542969 26.43205451965332 -4.099999904632568
vertex 111.09342956542969 26.43205451965332 0
endloop
endfacet
facet normal 0 -1 0
outer loop
vertex 105.2115249633789 28.200002670288086 -4.099999904632568
vertex 109.17477416992188 28.200002670288086 -4.099999904632568
vertex 109.17477416992188 28.200002670288086 0
endloop
endfacet
facet normal -0.38268086587637207 -0.9238805955815449 0
outer loop
vertex 109.17477416992188 28.200002670288086 -4.099999904632568
vertex 109.43205261230469 28.093435287475586 -4.099999904632568
vertex 109.43205261230469 28.093435287475586 0
endloop
endfacet
facet normal -0.9238805955815449 -0.38268086587637207 0
outer loop
vertex 111.09342956542969 26.43205451965332 -4.099999904632568
vertex 111.19999694824219 26.174776077270508 -4.099999904632568
vertex 111.19999694824219 26.174776077270508 0
endloop
endfacet
facet normal -0.7071041246065017 -0.7071094377566126 0
outer loop
vertex 104.44999694824219 28.961524963378906 -4.099999904632568
vertex 105.2115249633789 28.200002670288086 0
vertex 104.44999694824219 28.961524963378906 0
endloop
endfacet
facet normal 0 -1 0
outer loop
vertex 105.2115249633789 28.200002670288086 0
vertex 105.2115249633789 28.200002670288086 -4.099999904632568
vertex 109.17477416992188 28.200002670288086 0
endloop
endfacet
facet normal -0.38268086587637207 -0.9238805955815449 0
outer loop
vertex 109.17477416992188 28.200002670288086 0
vertex 109.17477416992188 28.200002670288086 -4.099999904632568
vertex 109.43205261230469 28.093435287475586 0
endloop
endfacet
facet normal -0.7071075929811419 -0.7071059693910211 0
outer loop
vertex 109.43205261230469 28.093435287475586 0
vertex 109.43205261230469 28.093435287475586 -4.099999904632568
vertex 111.09342956542969 26.43205451965332 0
endloop
endfacet
facet normal 0 0 1
outer loop
vertex -4.5625715255737305 -49.996883392333984 -4.099999904632568
vertex -4.5625715255737305 -50.19999694824219 -4.099999904632568
vertex 17.538476943969727 -50.19999694824219 -4.099999904632568
endloop
endfacet
facet normal -0.9238805955815449 -0.38268086587637207 0
outer loop
vertex 111.09342956542969 26.43205451965332 0
vertex 111.09342956542969 26.43205451965332 -4.099999904632568
vertex 111.19999694824219 26.174776077270508 0
endloop
endfacet
facet normal 0.7071067811865476 -0.7071067811865476 0
outer loop
vertex -25.87757110595703 53.14791488647461 -4.099999904632568
vertex -23.932052612304688 55.09343338012695 -4.099999904632568
vertex -23.932052612304688 55.09343338012695 0
endloop
endfacet
facet normal 0.38267903509381435 -0.9238813539084265 0
outer loop
vertex -26.355375289916992 52.95000457763672 -4.099999904632568
vertex -25.87757110595703 53.14791488647461 -4.099999904632568
vertex -25.87757110595703 53.14791488647461 0
endloop
endfacet
facet normal 0 -1 0
outer loop
vertex -26.355375289916992 52.95000457763672 0
vertex -100.17477416992188 52.95000457763672 -4.099999904632568
vertex -26.355375289916992 52.95000457763672 -4.099999904632568
endloop
endfacet
facet normal 0 1 0
outer loop
vertex -105.56256866455078 -50.19999694824219 0
vertex -105.56256866455078 -50.19999694824219 -4.099999904632568
vertex -109.17477416992188 -50.19999694824219 0
endloop
endfacet
facet normal 0 0 1
outer loop
vertex 73.4615249633789 -50.19999694824219 -4.099999904632568
vertex 96.23971557617188 -50.19999694824219 -4.099999904632568
vertex 96.23971557617188 -49.999996185302734 -4.099999904632568
endloop
endfacet
facet normal 0 0 1
outer loop
vertex 105.23971557617188 -49.999996185302734 -4.099999904632568
vertex 105.23971557617188 -50.19999694824219 -4.099999904632568
vertex 109.17477416992188 -50.19999694824219 -4.099999904632568
endloop
endfacet
facet normal 0.7071075929811419 0.7071059693910211 0
outer loop
vertex -109.43205261230469 -50.09342956542969 0
vertex -109.43205261230469 -50.09342956542969 -4.099999904632568
vertex -111.09342956542969 -48.43204879760742 0
endloop
endfacet
facet normal 0.38268086587637207 0.9238805955815449 0
outer loop
vertex -109.17477416992188 -50.19999694824219 0
vertex -109.17477416992188 -50.19999694824219 -4.099999904632568
vertex -109.43205261230469 -50.09342956542969 0
endloop
endfacet
facet normal 0.9238805955815449 0.38268086587637207 0
outer loop
vertex -111.09342956542969 -48.43204879760742 0
vertex -111.09342956542969 -48.43204879760742 -4.099999904632568
vertex -111.19999694824219 -48.17477035522461 0
endloop
endfacet
facet normal 0 0 1
outer loop
vertex 104.44999694824219 28.961524963378906 -4.099999904632568
vertex 104.44999694824219 32.69977569580078 -4.099999904632568
vertex 104.34342956542969 32.957054138183594 -4.099999904632568
endloop
endfacet
facet normal 0 0 1
outer loop
vertex 102.39791107177734 34.90257263183594 -4.099999904632568
vertex 104.44999694824219 28.961524963378906 -4.099999904632568
vertex 104.34342956542969 32.957054138183594 -4.099999904632568
endloop
endfacet
facet normal 0 1 0
outer loop
vertex 72.28994750976562 -55.19999694824219 -4.099999904632568
vertex 72 -55.19999694824219 -4.099999904632568
vertex 72 -55.19999694824219 0
endloop
endfacet
facet normal -0.7071067811865475 0.7071067811865475 0
outer loop
vertex 72.69999694824219 -54.789947509765625 -4.099999904632568
vertex 72.28994750976562 -55.19999694824219 -4.099999904632568
vertex 72.28994750976562 -55.19999694824219 0
endloop
endfacet
facet normal -1 0 0
outer loop
vertex 72.69999694824219 -50.96152114868164 -4.099999904632568
vertex 72.69999694824219 -54.789947509765625 -4.099999904632568
vertex 72.69999694824219 -54.789947509765625 0
endloop
endfacet
facet normal -0.7071050101365106 0.7071085522321486 0
outer loop
vertex 73.4615249633789 -50.19999694824219 -4.099999904632568
vertex 72.69999694824219 -50.96152114868164 -4.099999904632568
vertex 72.69999694824219 -50.96152114868164 0
endloop
endfacet
facet normal 0 1 0
outer loop
vertex 96.23971557617188 -50.19999694824219 -4.099999904632568
vertex 73.4615249633789 -50.19999694824219 -4.099999904632568
vertex 73.4615249633789 -50.19999694824219 0
endloop
endfacet
facet normal 0 1 0
outer loop
vertex 72.28994750976562 -55.19999694824219 0
vertex 72.28994750976562 -55.19999694824219 -4.099999904632568
vertex 72 -55.19999694824219 0
endloop
endfacet
facet normal -0.7071067811865475 0.7071067811865475 0
outer loop
vertex 72.69999694824219 -54.789947509765625 0
vertex 72.69999694824219 -54.789947509765625 -4.099999904632568
vertex 72.28994750976562 -55.19999694824219 0
endloop
endfacet
facet normal 0 -1 0
outer loop
vertex 100.17477416992188 52.95000457763672 0
vertex 26.355375289916992 52.95000457763672 -4.099999904632568
vertex 100.17477416992188 52.95000457763672 -4.099999904632568
endloop
endfacet
facet normal -1 0 0
outer loop
vertex 104.44999694824219 32.69977569580078 -4.099999904632568
vertex 104.44999694824219 28.961524963378906 -4.099999904632568
vertex 104.44999694824219 28.961524963378906 0
endloop
endfacet
facet normal -0.9238792861796977 -0.3826840270616114 0
outer loop
vertex 102.19999694824219 35.38037872314453 -4.099999904632568
vertex 102.39791107177734 34.90257263183594 -4.099999904632568
vertex 102.39791107177734 34.90257263183594 0
endloop
endfacet
facet normal -0.7071067811865476 -0.7071067811865476 0
outer loop
vertex 102.39791107177734 34.90257263183594 -4.099999904632568
vertex 104.34342956542969 32.957054138183594 -4.099999904632568
vertex 104.34342956542969 32.957054138183594 0
endloop
endfacet
facet normal -0.9238805955815449 -0.38268086587637207 0
outer loop
vertex 104.34342956542969 32.957054138183594 -4.099999904632568
vertex 104.44999694824219 32.69977569580078 -4.099999904632568
vertex 104.44999694824219 32.69977569580078 0
endloop
endfacet
facet normal -1 0 0
outer loop
vertex 102.19999694824219 50.924774169921875 -4.099999904632568
vertex 102.19999694824219 35.38037872314453 -4.099999904632568
vertex 102.19999694824219 35.38037872314453 0
endloop
endfacet
facet normal -1 0 0
outer loop
vertex 104.44999694824219 32.69977569580078 -4.099999904632568
vertex 104.44999694824219 28.961524963378906 0
vertex 104.44999694824219 32.69977569580078 0
endloop
endfacet
facet normal -0.7071067811865476 -0.7071067811865476 0
outer loop
vertex 102.39791107177734 34.90257263183594 0
vertex 102.39791107177734 34.90257263183594 -4.099999904632568
vertex 104.34342956542969 32.957054138183594 0
endloop
endfacet
facet normal -0.9238792861796977 -0.3826840270616114 0
outer loop
vertex 102.19999694824219 35.38037872314453 0
vertex 102.19999694824219 35.38037872314453 -4.099999904632568
vertex 102.39791107177734 34.90257263183594 0
endloop
endfacet
facet normal -0.9238805955815449 -0.38268086587637207 0
outer loop
vertex 104.34342956542969 32.957054138183594 0
vertex 104.34342956542969 32.957054138183594 -4.099999904632568
vertex 104.44999694824219 32.69977569580078 0
endloop
endfacet
facet normal 0.9238826016131793 -0.38267602281363744 0
outer loop
vertex -102.19999694824219 50.924774169921875 0
vertex -102.19999694824219 50.924774169921875 -4.099999904632568
vertex -102.09342956542969 51.18205642700195 0
endloop
endfacet
facet normal 0.7071067811865475 -0.7071067811865475 0
outer loop
vertex -102.09342956542969 51.18205642700195 0
vertex -102.09342956542969 51.18205642700195 -4.099999904632568
vertex -100.43205261230469 52.84343338012695 0
endloop
endfacet
facet normal 0.38269255819931874 -0.9238757524141767 0
outer loop
vertex -100.43205261230469 52.84343338012695 0
vertex -100.43205261230469 52.84343338012695 -4.099999904632568
vertex -100.17477416992188 52.95000457763672 0
endloop
endfacet
facet normal 0.7071075929811419 0.7071059693910211 0
outer loop
vertex -111.09342956542969 -48.43204879760742 -4.099999904632568
vertex -111.09342956542969 -48.43204879760742 0
vertex -109.43205261230469 -50.09342956542969 -4.099999904632568
endloop
endfacet
facet normal 0 1 0
outer loop
vertex -105.56256866455078 -50.19999694824219 -4.099999904632568
vertex -109.17477416992188 -50.19999694824219 -4.099999904632568
vertex -109.17477416992188 -50.19999694824219 0
endloop
endfacet
facet normal 0.38268086587637207 0.9238805955815449 0
outer loop
vertex -109.43205261230469 -50.09342956542969 -4.099999904632568
vertex -109.43205261230469 -50.09342956542969 0
vertex -109.17477416992188 -50.19999694824219 -4.099999904632568
endloop
endfacet
facet normal 0.9238805955815449 0.38268086587637207 0
outer loop
vertex -111.09342956542969 -48.43204879760742 -4.099999904632568
vertex -111.19999694824219 -48.17477035522461 -4.099999904632568
vertex -111.19999694824219 -48.17477035522461 0
endloop
endfacet
facet normal 0 0 1
outer loop
vertex 19 -27.499996185302734 -4.099999904632568
vertex -105.56256866455078 -49.996883392333984 -4.099999904632568
vertex -96.56256866455078 -49.996883392333984 -4.099999904632568
endloop
endfacet
facet normal 0 0 1
outer loop
vertex -109.17477416992188 -50.19999694824219 -4.099999904632568
vertex -105.56256866455078 -49.996883392333984 -4.099999904632568
vertex 19 -27.499996185302734 -4.099999904632568
endloop
endfacet
facet normal 0 0 1
outer loop
vertex -96.56256866455078 -49.996883392333984 -4.099999904632568
vertex -96.56256866455078 -50.19999694824219 -4.099999904632568
vertex -13.56257152557373 -50.19999694824219 -4.099999904632568
endloop
endfacet
facet normal 0 0 1
outer loop
vertex -109.17477416992188 -50.19999694824219 -4.099999904632568
vertex -105.56256866455078 -50.19999694824219 -4.099999904632568
vertex -105.56256866455078 -49.996883392333984 -4.099999904632568
endloop
endfacet
facet normal 0 0 1
outer loop
vertex 23.932052612304688 55.09343338012695 -4.099999904632568
vertex -111.19999694824219 -48.17477035522461 -4.099999904632568
vertex 25.87757110595703 53.14791488647461 -4.099999904632568
endloop
endfacet
facet normal -1 0 0
outer loop
vertex 72.69999694824219 -50.96152114868164 0
vertex 72.69999694824219 -50.96152114868164 -4.099999904632568
vertex 72.69999694824219 -54.789947509765625 0
endloop
endfacet
facet normal 0 0 1
outer loop
vertex -111.19999694824219 -48.17477035522461 -4.099999904632568
vertex -111.09342956542969 26.43205451965332 -4.099999904632568
vertex -111.19999694824219 26.174776077270508 -4.099999904632568
endloop
endfacet
facet normal 0 0 1
outer loop
vertex -111.09342956542969 26.43205451965332 -4.099999904632568
vertex -111.19999694824219 -48.17477035522461 -4.099999904632568
vertex -109.43205261230469 28.093435287475586 -4.099999904632568
endloop
endfacet
facet normal 0 0 1
outer loop
vertex -109.43205261230469 28.093435287475586 -4.099999904632568
vertex -111.19999694824219 -48.17477035522461 -4.099999904632568
vertex -109.17477416992188 28.200002670288086 -4.099999904632568
endloop
endfacet
facet normal 0 0 1
outer loop
vertex -109.17477416992188 28.200002670288086 -4.099999904632568
vertex -111.19999694824219 -48.17477035522461 -4.099999904632568
vertex -102.9615249633789 28.200002670288086 -4.099999904632568
endloop
endfacet
facet normal 0 0 1
outer loop
vertex 23.674772262573242 55.20000457763672 -4.099999904632568
vertex -111.19999694824219 -48.17477035522461 -4.099999904632568
vertex 23.932052612304688 55.09343338012695 -4.099999904632568
endloop
endfacet
facet normal 0 0 1
outer loop
vertex -111.19999694824219 -48.17477035522461 -4.099999904632568
vertex 26.355375289916992 52.95000457763672 -4.099999904632568
vertex 25.87757110595703 53.14791488647461 -4.099999904632568
endloop
endfacet
facet normal 0 0 1
outer loop
vertex -23.674772262573242 55.20000457763672 -4.099999904632568
vertex -111.19999694824219 -48.17477035522461 -4.099999904632568
vertex 23.674772262573242 55.20000457763672 -4.099999904632568
endloop
endfacet
facet normal 0 0 1
outer loop
vertex -23.932052612304688 55.09343338012695 -4.099999904632568
vertex -111.19999694824219 -48.17477035522461 -4.099999904632568
vertex -23.674772262573242 55.20000457763672 -4.099999904632568
endloop
endfacet
facet normal 0 0 1
outer loop
vertex -25.87757110595703 53.14791488647461 -4.099999904632568
vertex -111.19999694824219 -48.17477035522461 -4.099999904632568
vertex -23.932052612304688 55.09343338012695 -4.099999904632568
endloop
endfacet
facet normal 0 0 1
outer loop
vertex -26.355375289916992 52.95000457763672 -4.099999904632568
vertex -111.19999694824219 -48.17477035522461 -4.099999904632568
vertex -25.87757110595703 53.14791488647461 -4.099999904632568
endloop
endfacet
facet normal 0 -1 0
outer loop
vertex -100.17477416992188 52.95000457763672 0
vertex -100.17477416992188 52.95000457763672 -4.099999904632568
vertex -26.355375289916992 52.95000457763672 0
endloop
endfacet
facet normal -0.7071067811865475 -0.7071067811865475 0
outer loop
vertex 100.43205261230469 52.84343338012695 -4.099999904632568
vertex 102.09342956542969 51.18205642700195 -4.099999904632568
vertex 102.09342956542969 51.18205642700195 0
endloop
endfacet
facet normal -0.9238826016131793 -0.38267602281363744 0
outer loop
vertex 102.09342956542969 51.18205642700195 -4.099999904632568
vertex 102.19999694824219 50.924774169921875 -4.099999904632568
vertex 102.19999694824219 50.924774169921875 0
endloop
endfacet
facet normal -0.38269255819931874 -0.9238757524141767 0
outer loop
vertex 100.17477416992188 52.95000457763672 -4.099999904632568
vertex 100.43205261230469 52.84343338012695 -4.099999904632568
vertex 100.43205261230469 52.84343338012695 0
endloop
endfacet
facet normal -1 0 0
outer loop
vertex 102.19999694824219 50.924774169921875 0
vertex 102.19999694824219 50.924774169921875 -4.099999904632568
vertex 102.19999694824219 35.38037872314453 0
endloop
endfacet
facet normal -0.7071067811865475 -0.7071067811865475 0
outer loop
vertex 100.43205261230469 52.84343338012695 0
vertex 100.43205261230469 52.84343338012695 -4.099999904632568
vertex 102.09342956542969 51.18205642700195 0
endloop
endfacet
facet normal -0.9238826016131793 -0.38267602281363744 0
outer loop
vertex 102.09342956542969 51.18205642700195 0
vertex 102.09342956542969 51.18205642700195 -4.099999904632568
vertex 102.19999694824219 50.924774169921875 0
endloop
endfacet
facet normal -0.38269255819931874 -0.9238757524141767 0
outer loop
vertex 100.17477416992188 52.95000457763672 0
vertex 100.17477416992188 52.95000457763672 -4.099999904632568
vertex 100.43205261230469 52.84343338012695 0
endloop
endfacet
facet normal 0 0 1
outer loop
vertex -102.9615249633789 28.200002670288086 -4.099999904632568
vertex -111.19999694824219 -48.17477035522461 -4.099999904632568
vertex -102.19999694824219 28.961524963378906 -4.099999904632568
endloop
endfacet
facet normal 0 0 1
outer loop
vertex -102.19999694824219 28.961524963378906 -4.099999904632568
vertex -111.19999694824219 -48.17477035522461 -4.099999904632568
vertex -26.355375289916992 52.95000457763672 -4.099999904632568
endloop
endfacet
facet normal 1 0 0
outer loop
vertex -111.19999694824219 26.174776077270508 0
vertex -111.19999694824219 -48.17477035522461 -4.099999904632568
vertex -111.19999694824219 26.174776077270508 -4.099999904632568
endloop
endfacet
facet normal 0.9238805955815449 -0.38268086587637207 0
outer loop
vertex -111.19999694824219 26.174776077270508 -4.099999904632568
vertex -111.09342956542969 26.43205451965332 -4.099999904632568
vertex -111.09342956542969 26.43205451965332 0
endloop
endfacet
facet normal 0.7071075929811419 -0.7071059693910211 0
outer loop
vertex -111.09342956542969 26.43205451965332 -4.099999904632568
vertex -109.43205261230469 28.093435287475586 -4.099999904632568
vertex -109.43205261230469 28.093435287475586 0
endloop
endfacet
facet normal 0.38268086587637207 -0.9238805955815449 0
outer loop
vertex -109.43205261230469 28.093435287475586 -4.099999904632568
vertex -109.17477416992188 28.200002670288086 -4.099999904632568
vertex -109.17477416992188 28.200002670288086 0
endloop
endfacet
facet normal 0 -1 0
outer loop
vertex -109.17477416992188 28.200002670288086 -4.099999904632568
vertex -102.9615249633789 28.200002670288086 -4.099999904632568
vertex -102.9615249633789 28.200002670288086 0
endloop
endfacet
facet normal 0.7071041246065017 -0.7071094377566126 0
outer loop
vertex -102.9615249633789 28.200002670288086 0
vertex -102.9615249633789 28.200002670288086 -4.099999904632568
vertex -102.19999694824219 28.961524963378906 0
endloop
endfacet
facet normal 0 -1 0
outer loop
vertex -109.17477416992188 28.200002670288086 0
vertex -109.17477416992188 28.200002670288086 -4.099999904632568
vertex -102.9615249633789 28.200002670288086 0
endloop
endfacet
facet normal 0.38268086587637207 -0.9238805955815449 0
outer loop
vertex -109.43205261230469 28.093435287475586 0
vertex -109.43205261230469 28.093435287475586 -4.099999904632568
vertex -109.17477416992188 28.200002670288086 0
endloop
endfacet
facet normal 0.7071075929811419 -0.7071059693910211 0
outer loop
vertex -111.09342956542969 26.43205451965332 0
vertex -111.09342956542969 26.43205451965332 -4.099999904632568
vertex -109.43205261230469 28.093435287475586 0
endloop
endfacet
facet normal 0.9238805955815449 -0.38268086587637207 0
outer loop
vertex -111.19999694824219 26.174776077270508 0
vertex -111.19999694824219 26.174776077270508 -4.099999904632568
vertex -111.09342956542969 26.43205451965332 0
endloop
endfacet
facet normal 0.7071041246065017 -0.7071094377566126 0
outer loop
vertex -102.9615249633789 28.200002670288086 -4.099999904632568
vertex -102.19999694824219 28.961524963378906 -4.099999904632568
vertex -102.19999694824219 28.961524963378906 0
endloop
endfacet
facet normal 0 0 1
outer loop
vertex 50.5 -46.499996185302734 -8.199999809265137
vertex 50.5 -55.499996185302734 -8.199999809265137
vertex 59.5 -46.499996185302734 -8.199999809265137
endloop
endfacet
facet normal -1 0 0
outer loop
vertex 72 -55.19999694824219 0
vertex 72 -55.499996185302734 -8.199999809265137
vertex 72 -55.499996185302734 0
endloop
endfacet
facet normal 0 0 1
outer loop
vertex 19 -27.499996185302734 -8.199999809265137
vertex 40.5 -46.499996185302734 -8.199999809265137
vertex 50.5 -46.499996185302734 -8.199999809265137
endloop
endfacet
facet normal -1 0 0
outer loop
vertex 72 -55.19999694824219 -4.099999904632568
vertex 72 -55.499996185302734 -8.199999809265137
vertex 72 -55.19999694824219 0
endloop
endfacet
facet normal -1 0 0
outer loop
vertex 72 -27.499996185302734 -4.099999904632568
vertex 72 -55.499996185302734 -8.199999809265137
vertex 72 -55.19999694824219 -4.099999904632568
endloop
endfacet
facet normal 0 -1 0
outer loop
vertex 19 -27.499996185302734 -4.099999904632568
vertex 19 -27.499996185302734 -8.199999809265137
vertex 72 -27.499996185302734 -4.099999904632568
endloop
endfacet
facet normal 0 1 0
outer loop
vertex 19 -55.499996185302734 0
vertex 72 -55.499996185302734 0
vertex 72 -55.499996185302734 -8.199999809265137
endloop
endfacet
facet normal 1 0 0
outer loop
vertex 19 -55.499996185302734 0
vertex 19 -55.19999694824219 -4.099999904632568
vertex 19 -55.19999694824219 0
endloop
endfacet
facet normal 0 1 0
outer loop
vertex 19 -55.499996185302734 0
vertex 69.5 -55.499996185302734 -8.199999809265137
vertex 49.25 -55.499996185302734 -5.699999809265137
endloop
endfacet
facet normal 0 1 0
outer loop
vertex 49.25 -55.499996185302734 -5.699999809265137
vertex 41.75 -55.499996185302734 -5.699999809265137
vertex 19 -55.499996185302734 0
endloop
endfacet
facet normal 0 -1 0
outer loop
vertex 19 -27.499996185302734 -8.199999809265137
vertex 72 -27.499996185302734 -8.199999809265137
vertex 72 -27.499996185302734 -4.099999904632568
endloop
endfacet
facet normal 0 1 0
outer loop
vertex 41.75 -55.499996185302734 -5.699999809265137
vertex 41.36731719970703 -55.499996185302734 -5.776120662689209
vertex 19 -55.499996185302734 0
endloop
endfacet
facet normal 0 0 1
outer loop
vertex 69.5 -46.499996185302734 -8.199999809265137
vertex 69.5 -55.499996185302734 -8.199999809265137
vertex 72 -55.499996185302734 -8.199999809265137
endloop
endfacet
facet normal 0 1 0
outer loop
vertex 69.5 -55.499996185302734 -8.199999809265137
vertex 59.5 -55.499996185302734 -8.199999809265137
vertex 49.63268280029297 -55.499996185302734 -5.776120662689209
endloop
endfacet
facet normal 0 0 1
outer loop
vertex 72 -27.499996185302734 -8.199999809265137
vertex 59.5 -46.499996185302734 -8.199999809265137
vertex 69.5 -46.499996185302734 -8.199999809265137
endloop
endfacet
facet normal 0 0 1
outer loop
vertex 72 -27.499996185302734 -8.199999809265137
vertex 69.5 -46.499996185302734 -8.199999809265137
vertex 72 -55.499996185302734 -8.199999809265137
endloop
endfacet
facet normal -1 0 0
outer loop
vertex 72 -27.499996185302734 -4.099999904632568
vertex 72 -27.499996185302734 -8.199999809265137
vertex 72 -55.499996185302734 -8.199999809265137
endloop
endfacet
facet normal 0 1 0
outer loop
vertex 21.5 -55.499996185302734 -8.199999809265137
vertex 19 -55.499996185302734 -8.199999809265137
vertex 19 -55.499996185302734 0
endloop
endfacet
facet normal 0 1 0
outer loop
vertex 31.5 -55.499996185302734 -8.199999809265137
vertex 21.5 -55.499996185302734 -8.199999809265137
vertex 19 -55.499996185302734 0
endloop
endfacet
facet normal 0 0 1
outer loop
vertex 19 -27.499996185302734 -8.199999809265137
vertex 59.5 -46.499996185302734 -8.199999809265137
vertex 72 -27.499996185302734 -8.199999809265137
endloop
endfacet
facet normal 0 0 1
outer loop
vertex 19 -27.499996185302734 -8.199999809265137
vertex 50.5 -46.499996185302734 -8.199999809265137
vertex 59.5 -46.499996185302734 -8.199999809265137
endloop
endfacet
facet normal 0 0 1
outer loop
vertex 19 -27.499996185302734 -8.199999809265137
vertex 31.5 -46.499996185302734 -8.199999809265137
vertex 40.5 -46.499996185302734 -8.199999809265137
endloop
endfacet
facet normal 0 1 0
outer loop
vertex 41.36731719970703 -55.499996185302734 -5.776120662689209
vertex 41.04289245605469 -55.499996185302734 -5.992893218994141
vertex 19 -55.499996185302734 0
endloop
endfacet
facet normal 0 1 0
outer loop
vertex 59.5 -55.499996185302734 -8.199999809265137
vertex 50.17387771606445 -55.499996185302734 -6.31731653213501
vertex 49.95710754394531 -55.499996185302734 -5.992893218994141
endloop
endfacet
facet normal 0 1 0
outer loop
vertex 50.25 -55.499996185302734 -6.699999809265137
vertex 50.17387771606445 -55.499996185302734 -6.31731653213501
vertex 59.5 -55.499996185302734 -8.199999809265137
endloop
endfacet
facet normal 0 0 1
outer loop
vertex 50.5 -55.499996185302734 -8.199999809265137
vertex 59.5 -55.499996185302734 -8.199999809265137
vertex 59.5 -46.499996185302734 -8.199999809265137
endloop
endfacet
facet normal 0 1 0
outer loop
vertex 50.5 -55.499996185302734 -8.199999809265137
vertex 50.25 -55.499996185302734 -6.699999809265137
vertex 59.5 -55.499996185302734 -8.199999809265137
endloop
endfacet
facet normal 0 1 0
outer loop
vertex 50.5 -55.499996185302734 -8.199999809265137
vertex 50.25 -55.499996185302734 -8.199999809265137
vertex 50.25 -55.499996185302734 -6.699999809265137
endloop
endfacet
facet normal 0 0 1
outer loop
vertex 31.5 -46.499996185302734 -8.199999809265137
vertex 31.5 -55.499996185302734 -8.199999809265137
vertex 40.5 -46.499996185302734 -8.199999809265137
endloop
endfacet
facet normal 0 0 1
outer loop
vertex 40.5 -55.499996185302734 -8.199999809265137
vertex 40.5 -46.499996185302734 -8.199999809265137
vertex 31.5 -55.499996185302734 -8.199999809265137
endloop
endfacet
facet normal 0 1 0
outer loop
vertex 72 -55.499996185302734 -8.199999809265137
vertex 69.5 -55.499996185302734 -8.199999809265137
vertex 19 -55.499996185302734 0
endloop
endfacet
facet normal 0 1 0
outer loop
vertex 69.5 -55.499996185302734 -8.199999809265137
vertex 49.63268280029297 -55.499996185302734 -5.776120662689209
vertex 49.25 -55.499996185302734 -5.699999809265137
endloop
endfacet
facet normal 0 1 0
outer loop
vertex 40.75 -55.499996185302734 -6.699999809265137
vertex 40.75 -55.499996185302734 -8.199999809265137
vertex 19 -55.499996185302734 0
endloop
endfacet
facet normal 0 1 0
outer loop
vertex 49.63268280029297 -55.499996185302734 -5.776120662689209
vertex 59.5 -55.499996185302734 -8.199999809265137
vertex 49.95710754394531 -55.499996185302734 -5.992893218994141
endloop
endfacet
facet normal 0 1 0
outer loop
vertex 40.75 -55.499996185302734 -8.199999809265137
vertex 40.5 -55.499996185302734 -8.199999809265137
vertex 19 -55.499996185302734 0
endloop
endfacet
facet normal 0 1 0
outer loop
vertex 40.5 -55.499996185302734 -8.199999809265137
vertex 31.5 -55.499996185302734 -8.199999809265137
vertex 19 -55.499996185302734 0
endloop
endfacet
facet normal 1 0 0
outer loop
vertex 19 -55.499996185302734 0
vertex 19 -55.499996185302734 -8.199999809265137
vertex 19 -55.19999694824219 -4.099999904632568
endloop
endfacet
facet normal 0 0 1
outer loop
vertex 19 -55.499996185302734 -8.199999809265137
vertex 21.5 -55.499996185302734 -8.199999809265137
vertex 21.5 -46.499996185302734 -8.199999809265137
endloop
endfacet
facet normal 0 0 1
outer loop
vertex 21.5 -46.499996185302734 -8.199999809265137
vertex 19 -27.499996185302734 -8.199999809265137
vertex 19 -55.499996185302734 -8.199999809265137
endloop
endfacet
facet normal 0 0 1
outer loop
vertex 19 -27.499996185302734 -8.199999809265137
vertex 21.5 -46.499996185302734 -8.199999809265137
vertex 31.5 -46.499996185302734 -8.199999809265137
endloop
endfacet
facet normal 1 0 0
outer loop
vertex 19 -55.499996185302734 -8.199999809265137
vertex 19 -27.499996185302734 -8.199999809265137
vertex 19 -27.499996185302734 -4.099999904632568
endloop
endfacet
facet normal 1 0 0
outer loop
vertex 19 -55.499996185302734 -8.199999809265137
vertex 19 -27.499996185302734 -4.099999904632568
vertex 19 -55.19999694824219 -4.099999904632568
endloop
endfacet
facet normal 0 1 0
outer loop
vertex 41.04289245605469 -55.499996185302734 -5.992893218994141
vertex 40.82612228393555 -55.499996185302734 -6.31731653213501
vertex 19 -55.499996185302734 0
endloop
endfacet
facet normal 0 1 0
outer loop
vertex 40.82612228393555 -55.499996185302734 -6.31731653213501
vertex 40.75 -55.499996185302734 -6.699999809265137
vertex 19 -55.499996185302734 0
endloop
endfacet
facet normal 1 0 0
outer loop
vertex 40.5 -46.499996185302734 -8.199999809265137
vertex 40.5 -55.499996185302734 -9.199999809265137
vertex 40.5 -46.499996185302734 -9.199999809265137
endloop
endfacet
facet normal 1 0 0
outer loop
vertex 40.5 -55.499996185302734 -8.199999809265137
vertex 40.5 -55.499996185302734 -9.199999809265137
vertex 40.5 -46.499996185302734 -8.199999809265137
endloop
endfacet
facet normal 0 0 1
outer loop
vertex 41.75 -55.499996185302734 -9.199999809265137
vertex 40.5 -46.499996185302734 -9.199999809265137
vertex 40.5 -55.499996185302734 -9.199999809265137
endloop
endfacet
facet normal 0 1 0
outer loop
vertex 40.82612228393555 -55.499996185302734 -8.582683563232422
vertex 40.5 -55.499996185302734 -9.199999809265137
vertex 40.5 -55.499996185302734 -8.199999809265137
endloop
endfacet
facet normal 0 1 0
outer loop
vertex 41.04289245605469 -55.499996185302734 -8.907106399536133
vertex 40.5 -55.499996185302734 -9.199999809265137
vertex 40.82612228393555 -55.499996185302734 -8.582683563232422
endloop
endfacet
facet normal 0 1 0
outer loop
vertex 40.5 -55.499996185302734 -9.199999809265137
vertex 41.36731719970703 -55.499996185302734 -9.123879432678223
vertex 41.75 -55.499996185302734 -9.199999809265137
endloop
endfacet
facet normal 0 1 0
outer loop
vertex 40.5 -55.499996185302734 -9.199999809265137
vertex 41.04289245605469 -55.499996185302734 -8.907106399536133
vertex 41.36731719970703 -55.499996185302734 -9.123879432678223
endloop
endfacet
facet normal 0 1 0
outer loop
vertex 49.25 -55.499996185302734 -9.199999809265137
vertex 49.63268280029297 -55.499996185302734 -9.123879432678223
vertex 50.5 -55.499996185302734 -9.199999809265137
endloop
endfacet
facet normal 0 0 1
outer loop
vertex 40.5 -46.499996185302734 -9.199999809265137
vertex 41.75 -55.499996185302734 -9.199999809265137
vertex 49.25 -55.499996185302734 -9.199999809265137
endloop
endfacet
facet normal 0 0 1
outer loop
vertex 40.5 -46.499996185302734 -9.199999809265137
vertex 49.25 -55.499996185302734 -9.199999809265137
vertex 50.5 -55.499996185302734 -9.199999809265137
endloop
endfacet
facet normal 0 1 0
outer loop
vertex 50.5 -55.499996185302734 -9.199999809265137
vertex 49.63268280029297 -55.499996185302734 -9.123879432678223
vertex 49.95710754394531 -55.499996185302734 -8.907106399536133
endloop
endfacet
facet normal 0 1 0
outer loop
vertex 50.5 -55.499996185302734 -9.199999809265137
vertex 49.95710754394531 -55.499996185302734 -8.907106399536133
vertex 50.17387771606445 -55.499996185302734 -8.582683563232422
endloop
endfacet
facet normal 0 1 0
outer loop
vertex 50.5 -55.499996185302734 -9.199999809265137
vertex 50.17387771606445 -55.499996185302734 -8.582683563232422
vertex 50.25 -55.499996185302734 -8.199999809265137
endloop
endfacet
facet normal 0 1 0
outer loop
vertex 50.25 -55.499996185302734 -8.199999809265137
vertex 50.5 -55.499996185302734 -8.199999809265137
vertex 50.5 -55.499996185302734 -9.199999809265137
endloop
endfacet
facet normal -1 0 0
outer loop
vertex 50.5 -55.499996185302734 -9.199999809265137
vertex 50.5 -55.499996185302734 -8.199999809265137
vertex 50.5 -46.499996185302734 -9.199999809265137
endloop
endfacet
facet normal 0 0 1
outer loop
vertex 40.5 -46.499996185302734 -9.199999809265137
vertex 50.5 -55.499996185302734 -9.199999809265137
vertex 50.5 -46.499996185302734 -9.199999809265137
endloop
endfacet
facet normal 0 -1 0
outer loop
vertex 40.5 -46.499996185302734 -9.199999809265137
vertex 50.5 -46.499996185302734 -9.199999809265137
vertex 50.5 -46.499996185302734 -8.199999809265137
endloop
endfacet
facet normal -1 0 0
outer loop
vertex 50.5 -46.499996185302734 -8.199999809265137
vertex 50.5 -46.499996185302734 -9.199999809265137
vertex 50.5 -55.499996185302734 -8.199999809265137
endloop
endfacet
facet normal 0 1 0
outer loop
vertex 40.75 -55.499996185302734 -8.199999809265137
vertex 40.82612228393555 -55.499996185302734 -8.582683563232422
vertex 40.5 -55.499996185302734 -8.199999809265137
endloop
endfacet
facet normal 0 -1 0
outer loop
vertex 40.5 -46.499996185302734 -8.199999809265137
vertex 40.5 -46.499996185302734 -9.199999809265137
vertex 50.5 -46.499996185302734 -8.199999809265137
endloop
endfacet
facet normal -1 0 0
outer loop
vertex 31.5 -46.499996185302734 -8.199999809265137
vertex 31.5 -46.499996185302734 -9.199999809265137
vertex 31.5 -55.499996185302734 -8.199999809265137
endloop
endfacet
facet normal 0 0 1
outer loop
vertex 21.5 -46.499996185302734 -9.199999809265137
vertex 31.5 -55.499996185302734 -9.199999809265137
vertex 31.5 -46.499996185302734 -9.199999809265137
endloop
endfacet
facet normal 1 0 0
outer loop
vertex 21.5 -46.499996185302734 -8.199999809265137
vertex 21.5 -55.499996185302734 -9.199999809265137
vertex 21.5 -46.499996185302734 -9.199999809265137
endloop
endfacet
facet normal 1 0 0
outer loop
vertex 21.5 -55.499996185302734 -8.199999809265137
vertex 21.5 -55.499996185302734 -9.199999809265137
vertex 21.5 -46.499996185302734 -8.199999809265137
endloop
endfacet
facet normal 0 0 1
outer loop
vertex 21.5 -55.499996185302734 -9.199999809265137
vertex 31.5 -55.499996185302734 -9.199999809265137
vertex 21.5 -46.499996185302734 -9.199999809265137
endloop
endfacet
facet normal 0 1 0
outer loop
vertex 31.5 -55.499996185302734 -9.199999809265137
vertex 21.5 -55.499996185302734 -8.199999809265137
vertex 31.5 -55.499996185302734 -8.199999809265137
endloop
endfacet
facet normal 0 1 0
outer loop
vertex 21.5 -55.499996185302734 -8.199999809265137
vertex 31.5 -55.499996185302734 -9.199999809265137
vertex 21.5 -55.499996185302734 -9.199999809265137
endloop
endfacet
facet normal 0 -1 0
outer loop
vertex 21.5 -46.499996185302734 -9.199999809265137
vertex 31.5 -46.499996185302734 -9.199999809265137
vertex 31.5 -46.499996185302734 -8.199999809265137
endloop
endfacet
facet normal 0 -1 0
outer loop
vertex 21.5 -46.499996185302734 -8.199999809265137
vertex 21.5 -46.499996185302734 -9.199999809265137
vertex 31.5 -46.499996185302734 -8.199999809265137
endloop
endfacet
facet normal -1 0 0
outer loop
vertex 31.5 -46.499996185302734 -9.199999809265137
vertex 31.5 -55.499996185302734 -9.199999809265137
vertex 31.5 -55.499996185302734 -8.199999809265137
endloop
endfacet
facet normal 0 1 0
outer loop
vertex 59.5 -55.499996185302734 -9.199999809265137
vertex 59.5 -55.499996185302734 -8.199999809265137
vertex 69.5 -55.499996185302734 -9.199999809265137
endloop
endfacet
facet normal 0 -1 0
outer loop
vertex 69.5 -46.499996185302734 -8.199999809265137
vertex 59.5 -46.499996185302734 -9.199999809265137
vertex 69.5 -46.499996185302734 -9.199999809265137
endloop
endfacet
facet normal -1 0 0
outer loop
vertex 69.5 -46.499996185302734 -9.199999809265137
vertex 69.5 -55.499996185302734 -8.199999809265137
vertex 69.5 -46.499996185302734 -8.199999809265137
endloop
endfacet
facet normal 0 0 1
outer loop
vertex 59.5 -46.499996185302734 -9.199999809265137
vertex 69.5 -55.499996185302734 -9.199999809265137
vertex 69.5 -46.499996185302734 -9.199999809265137
endloop
endfacet
facet normal 0 -1 0
outer loop
vertex 59.5 -46.499996185302734 -8.199999809265137
vertex 59.5 -46.499996185302734 -9.199999809265137
vertex 69.5 -46.499996185302734 -8.199999809265137
endloop
endfacet
facet normal 1 0 0
outer loop
vertex 59.5 -46.499996185302734 -8.199999809265137
vertex 59.5 -55.499996185302734 -9.199999809265137
vertex 59.5 -46.499996185302734 -9.199999809265137
endloop
endfacet
facet normal -1 0 0
outer loop
vertex 69.5 -55.499996185302734 -9.199999809265137
vertex 69.5 -55.499996185302734 -8.199999809265137
vertex 69.5 -46.499996185302734 -9.199999809265137
endloop
endfacet
facet normal 0 1 0
outer loop
vertex 69.5 -55.499996185302734 -9.199999809265137
vertex 59.5 -55.499996185302734 -8.199999809265137
vertex 69.5 -55.499996185302734 -8.199999809265137
endloop
endfacet
facet normal 1 0 0
outer loop
vertex 59.5 -46.499996185302734 -8.199999809265137
vertex 59.5 -55.499996185302734 -8.199999809265137
vertex 59.5 -55.499996185302734 -9.199999809265137
endloop
endfacet
facet normal 0 0 1
outer loop
vertex 59.5 -55.499996185302734 -9.199999809265137
vertex 69.5 -55.499996185302734 -9.199999809265137
vertex 59.5 -46.499996185302734 -9.199999809265137
endloop
endfacet
facet normal 0 -0.7071067811865475 0.7071067811865475
outer loop
vertex 18.013452529907227 -57.19999694824219 0
vertex 17.66515350341797 -58.19999694824219 -1
vertex 72.9865493774414 -57.19999694824219 0
endloop
endfacet
facet normal 0 -0.7071067811865476 0.7071067811865476
outer loop
vertex 72.9865493774414 -57.19999694824219 0
vertex 17.66515350341797 -58.19999694824219 -1
vertex 73.33484649658203 -58.19999694824219 -1
endloop
endfacet
facet normal 0.43927918021504575 -0.5541067571488095 0.7071064301161655
outer loop
vertex 72.9865493774414 -57.19999694824219 0
vertex 73.33484649658203 -58.19999694824219 -1
vertex 74.07829284667969 -56.334495544433594 0
endloop
endfacet
facet normal 0.4392802423281493 -0.5541068061465558 0.7071057318974197
outer loop
vertex 73.33484649658203 -58.19999694824219 -1
vertex 74.97245788574219 -56.9017448425293 -1
vertex 74.07829284667969 -56.334495544433594 0
endloop
endfacet
facet normal 0.689345773563084 -0.16265699747902543 0.7059356242900776
outer loop
vertex 74.07829284667969 -56.334495544433594 0
vertex 75.53563690185547 -54.49824905395508 -1
vertex 74.56522369384766 -54.27086639404297 0
endloop
endfacet
facet normal 0.6884610825837113 -0.1613178758061328 0.7071052826227939
outer loop
vertex 74.07829284667969 -56.334495544433594 0
vertex 74.97245788574219 -56.9017448425293 -1
vertex 75.53563690185547 -54.49824905395508 -1
endloop
endfacet
facet normal 0.6843144840252647 -0.18335219703751604 0.7057589239922877
outer loop
vertex 74.56522369384766 -54.27086639404297 0
vertex 75.53563690185547 -54.49824905395508 -1
vertex 74.59593963623047 -54.156227111816406 0
endloop
endfacet
facet normal 0.6420709583825339 -0.2994150230189432 0.7057588316077243
outer loop
vertex 74.59593963623047 -54.156227111816406 0
vertex 75.53563690185547 -54.49824905395508 -1
vertex 74.66960906982422 -53.99824905395508 0
endloop
endfacet
facet normal 0.5803268715547568 -0.40635749254495407 0.7057579687145208
outer loop
vertex 74.66960906982422 -53.99824905395508 0
vertex 75.53563690185547 -54.49824905395508 -1
vertex 74.76959228515625 -53.85546112060547 0
endloop
endfacet
facet normal 0.5009595549990224 -0.5009440506953797 0.7057581613613024
outer loop
vertex 74.8928451538086 -53.73220443725586 0
vertex 74.76959228515625 -53.85546112060547 0
vertex 75.53563690185547 -54.49824905395508 -1
endloop
endfacet
facet normal 0.4394644115121352 -0.5541304557430266 0.7069727498513068
outer loop
vertex 76.55200958251953 -52.4163703918457 0
vertex 74.8928451538086 -53.73220443725586 0
vertex 75.53563690185547 -54.49824905395508 -1
endloop
endfacet
facet normal 0.43927869952725596 -0.554104860062045 0.7071082153371323
outer loop
vertex 75.53563690185547 -54.49824905395508 -1
vertex 77.17324829101562 -53.19999694824219 -1
vertex 76.55200958251953 -52.4163703918457 0
endloop
endfacet
facet normal 0.39799983507256825 -0.5856125351053872 0.7061544377893905
outer loop
vertex 76.55200958251953 -52.4163703918457 0
vertex 77.17324829101562 -53.19999694824219 -1
vertex 76.67324829101562 -52.3339729309082 0
endloop
endfacet
facet normal 0.2994097227794474 -0.6420750962711286 0.7057573156925512
outer loop
vertex 76.67324829101562 -52.3339729309082 0
vertex 77.17324829101562 -53.19999694824219 -1
vertex 76.83123016357422 -52.26030349731445 0
endloop
endfacet
facet normal 0.18335827724839032 -0.6843143010853167 0.7057575217414386
outer loop
vertex 76.83123016357422 -52.26030349731445 0
vertex 77.17324829101562 -53.19999694824219 -1
vertex 76.99959564208984 -52.21519088745117 0
endloop
endfacet
facet normal 0.06175105291838915 -0.7057573263748207 0.7057573263748207
outer loop
vertex 76.99959564208984 -52.21519088745117 0
vertex 77.17324829101562 -53.19999694824219 -1
vertex 77.17324829101562 -52.19999694824219 0
endloop
endfacet
facet normal 0 -0.7071067811865476 0.7071067811865476
outer loop
vertex 77.17324829101562 -52.19999694824219 0
vertex 77.17324829101562 -53.19999694824219 -1
vertex 96.23971557617188 -52.19999694824219 0
endloop
endfacet
facet normal 1.8857441011798937e-7 -0.7071078381494548 0.7071057242220353
outer loop
vertex 97.23971557617188 -52.19999694824219 0
vertex 97.3573989868164 -52.558345794677734 -0.3583499491214752
vertex 98.12088012695312 -52.520145416259766 -0.32014966011047363
endloop
endfacet
facet normal -0.0000031908949500262177 -0.7071124888768716 0.7071010734429515
outer loop
vertex 97.23971557617188 -52.19999694824219 0
vertex 98.12088012695312 -52.520145416259766 -0.32014966011047363
vertex 98.6294174194336 -52.49799728393555 -0.2979988753795624
endloop
endfacet
facet normal 0.0000013908084556511038 -0.7071018056469018 0.7071117566898155
outer loop
vertex 97.23971557617188 -52.19999694824219 0
vertex 98.6294174194336 -52.49799728393555 -0.2979988753795624
vertex 99.72254943847656 -52.46865463256836 -0.2686587870121002
endloop
endfacet
facet normal -0.0000015050185655933268 -0.7071151866621326 0.7070983756094426
outer loop
vertex 97.23971557617188 -52.19999694824219 0
vertex 99.72254943847656 -52.46865463256836 -0.2686587870121002
vertex 100.73971557617188 -52.459434509277344 -0.2594362795352936
endloop
endfacet
facet normal 0.0000019244369616412733 -0.7070920535855971 0.7071215084781395
outer loop
vertex 100.73971557617188 -52.459434509277344 -0.2594362795352936
vertex 101.75688934326172 -52.46865463256836 -0.2686587870121002
vertex 97.23971557617188 -52.19999694824219 0
endloop
endfacet
facet normal 0 -0.7071082323162615 0.7071053300538555
outer loop
vertex 104.23971557617188 -52.19999694824219 0
vertex 97.23971557617188 -52.19999694824219 0
vertex 101.75688934326172 -52.46865463256836 -0.2686587870121002
endloop
endfacet
facet normal -0.000001390817082810708 -0.7071018056267856 0.7071117567099314
outer loop
vertex 104.23971557617188 -52.19999694824219 0
vertex 101.75688934326172 -52.46865463256836 -0.2686587870121002
vertex 102.85001373291016 -52.49799728393555 -0.2979988753795624
endloop
endfacet
facet normal 0.000003190855160707912 -0.707112488784095 0.7071010735357298
outer loop
vertex 102.85001373291016 -52.49799728393555 -0.2979988753795624
vertex 103.35855865478516 -52.520145416259766 -0.32014966011047363
vertex 104.23971557617188 -52.19999694824219 0
endloop
endfacet
facet normal -1.885746077500197e-7 -0.7071078381514297 0.7071057242200603
outer loop
vertex 104.23971557617188 -52.19999694824219 0
vertex 103.35855865478516 -52.520145416259766 -0.32014966011047363
vertex 104.12203979492188 -52.558345794677734 -0.3583499491214752
endloop
endfacet
facet normal -0.000012232775038954594 -0.707105860544552 0.7071077017215326
outer loop
vertex 104.23971557617188 -52.19999694824219 0
vertex 104.12203979492188 -52.558345794677734 -0.3583499491214752
vertex 104.23971557617188 -52.56625747680664 -0.3662595748901367
endloop
endfacet
facet normal 0 -0.7071067811865475 0.7071067811865475
outer loop
vertex 105.23971557617188 -52.19999694824219 0
vertex 105.23971557617188 -53.19999694824219 -1
vertex 109.55139923095703 -52.19999694824219 0
endloop
endfacet
facet normal 0 -0.7071067811865476 0.7071067811865476
outer loop
vertex 109.55139923095703 -52.19999694824219 0
vertex 105.23971557617188 -53.19999694824219 -1
vertex 109.73971557617188 -53.19999694824219 -1
endloop
endfacet
facet normal 0.00001223198199032982 -0.7071058605445588 0.7071077017215394
outer loop
vertex 97.3573989868164 -52.558345794677734 -0.3583499491214752
vertex 97.23971557617188 -52.19999694824219 0
vertex 97.23971557617188 -52.56625747680664 -0.3662595748901367
endloop
endfacet
facet normal 0 -0.7071067811865476 0.7071067811865476
outer loop
vertex 96.23971557617188 -52.19999694824219 0
vertex 77.17324829101562 -53.19999694824219 -1
vertex 96.23971557617188 -53.19999694824219 -1
endloop
endfacet
facet normal 0.2571969101215255 -0.6586733251402944 0.7071062156229202
outer loop
vertex 109.73971557617188 -53.19999694824219 -1
vertex 110.7922134399414 -52.78902053833008 -1
vertex 110.25306701660156 -51.9260139465332 0
endloop
endfacet
facet normal 0.2571947264378307 -0.6586731769979214 0.7071071478892252
outer loop
vertex 109.55139923095703 -52.19999694824219 0
vertex 109.73971557617188 -53.19999694824219 -1
vertex 110.25306701660156 -51.9260139465332 0
endloop
endfacet
facet normal 0.47915957325464903 -0.5200065684645833 0.7071062664918982
outer loop
vertex 110.25306701660156 -51.9260139465332 0
vertex 110.7922134399414 -52.78902053833008 -1
vertex 112.75636291503906 -49.619354248046875 0
endloop
endfacet
facet normal 0.47915891825679563 -0.5200063526769592 0.7071068690308301
outer loop
vertex 112.75636291503906 -49.619354248046875 0
vertex 110.7922134399414 -52.78902053833008 -1
vertex 113.58782958984375 -50.21300506591797 -1
endloop
endfacet
facet normal 0.6474176451254202 -0.2843464108800138 0.7071050214783585
outer loop
vertex 113.58782958984375 -50.21300506591797 -1
vertex 114.092529296875 -49.063873291015625 -1
vertex 113.09283447265625 -48.853267669677734 0
endloop
endfacet
facet normal 0.647413797525857 -0.28434949133310444 0.7071073055426266
outer loop
vertex 112.75636291503906 -49.619354248046875 0
vertex 113.58782958984375 -50.21300506591797 -1
vertex 113.09283447265625 -48.853267669677734 0
endloop
endfacet
facet normal 0.7071079581413409 -0.0010100250585326292 0.707104882872806
outer loop
vertex 113.09283447265625 -48.853267669677734 0
vertex 114.092529296875 -49.063873291015625 -1
vertex 113.2005386352539 26.549287796020508 0
endloop
endfacet
facet normal 0.7071065813507298 -0.0010100595079464722 0.7071062596175163
outer loop
vertex 113.2005386352539 26.549287796020508 0
vertex 114.092529296875 -49.063873291015625 -1
vertex 114.2008056640625 26.736543655395508 -1
endloop
endfacet
facet normal 0.6588549775159666 0.25672338659825933 0.7071090590396619
outer loop
vertex 114.2008056640625 26.736543655395508 -1
vertex 113.78977966308594 27.791400909423828 -1
vertex 112.926513671875 27.252525329589844 0
endloop
endfacet
facet normal 0.6588555032683149 0.25673097145246465 0.7071058153558979
outer loop
vertex 113.2005386352539 26.549287796020508 0
vertex 114.2008056640625 26.736543655395508 -1
vertex 112.926513671875 27.252525329589844 0
endloop
endfacet
facet normal 0.5200056002324589 0.4791593507977414 0.7071071292738939
outer loop
vertex 113.78977966308594 27.791400909423828 -1
vertex 112.60552978515625 29.076602935791016 -1
vertex 110.62776947021484 29.747234344482422 0
endloop
endfacet
facet normal 0.5200049797220399 0.47915745877958366 0.7071088676859968
outer loop
vertex 112.926513671875 27.252525329589844 0
vertex 113.78977966308594 27.791400909423828 -1
vertex 110.62776947021484 29.747234344482422 0
endloop
endfacet
facet normal 0.5200055963056883 0.47916087203534113 0.7071061013179684
outer loop
vertex 110.62776947021484 29.747234344482422 0
vertex 112.60552978515625 29.076602935791016 -1
vertex 111.22562408447266 30.574134826660156 -1
endloop
endfacet
facet normal 0.29203750539323764 0.6439835476319135 0.7071062761870451
outer loop
vertex 110.62776947021484 29.747234344482422 0
vertex 111.22562408447266 30.574134826660156 -1
vertex 109.88835144042969 30.082550048828125 0
endloop
endfacet
facet normal 0.29203814678518114 0.6439827470888948 0.7071067403681833
outer loop
vertex 111.22562408447266 30.574134826660156 -1
vertex 110.11650085449219 31.07710838317871 -1
vertex 109.88835144042969 30.082550048828125 0
endloop
endfacet
facet normal 0.020358965273842077 0.7074828730526861 0.706437185367599
outer loop
vertex 109.88835144042969 30.082550048828125 0
vertex 109.37865447998047 31.095739364624023 -1
vertex 109.35346221923828 30.097942352294922 0
endloop
endfacet
facet normal 0.017849098178406207 0.7068812997263892 0.7071069493304024
outer loop
vertex 110.11650085449219 31.07710838317871 -1
vertex 109.37865447998047 31.095739364624023 -1
vertex 109.88835144042969 30.082550048828125 0
endloop
endfacet
facet normal 0.2994032260114719 0.6420777879522097 0.7057576230352177
outer loop
vertex 109.03663635253906 30.15604591369629 0
vertex 109.37865447998047 31.095739364624023 -1
vertex 108.87865447998047 30.229713439941406 0
endloop
endfacet
facet normal 0.4063570845257376 0.580327787162738 0.705757450759496
outer loop
vertex 109.37865447998047 31.095739364624023 -1
vertex 108.80754089355469 30.279508590698242 0
vertex 108.87865447998047 30.229713439941406 0
endloop
endfacet
facet normal 0.061747849888469174 0.7057570695916133 0.7057578634033134
outer loop
vertex 109.35346221923828 30.097942352294922 0
vertex 109.37865447998047 31.095739364624023 -1
vertex 109.20500183105469 30.110931396484375 0
endloop
endfacet
facet normal 0.18336542580772294 0.6843120478120881 0.7057578492922193
outer loop
vertex 109.37865447998047 31.095739364624023 -1
vertex 109.03663635253906 30.15604591369629 0
vertex 109.20500183105469 30.110931396484375 0
endloop
endfacet
facet normal 0.40493081401378794 0.5813248087265223 0.7057566879748314
outer loop
vertex 107.3241958618164 31.312755584716797 0
vertex 108.80754089355469 30.279508590698242 0
vertex 109.37865447998047 31.095739364624023 -1
endloop
endfacet
facet normal 0.4053799533053424 0.5793722573903265 0.7071031613736398
outer loop
vertex 109.37865447998047 31.095739364624023 -1
vertex 108.99689483642578 31.362852096557617 -1
vertex 107.3241958618164 31.312755584716797 0
endloop
endfacet
facet normal 0.40538206618031675 0.5793667993389666 0.7071064221481084
outer loop
vertex 108.99689483642578 31.362852096557617 -1
vertex 107.89749145507812 32.132102966308594 -1
vertex 107.3241958618164 31.312755584716797 0
endloop
endfacet
facet normal 0.6420734764667255 0.2994108027993351 0.7057583311481282
outer loop
vertex 106.9687728881836 31.766542434692383 0
vertex 107.03146362304688 31.632104873657227 0
vertex 107.89749145507812 32.132102966308594 -1
endloop
endfacet
facet normal 0.5803271889986255 0.40635771482605254 0.7057575797044635
outer loop
vertex 107.1314468383789 31.489316940307617 0
vertex 107.89749145507812 32.132102966308594 -1
vertex 107.03146362304688 31.632104873657227 0
endloop
endfacet
facet normal 0.5009598928133183 0.5009443884992205 0.7057576818027634
outer loop
vertex 107.1314468383789 31.489316940307617 0
vertex 107.25469970703125 31.366060256958008 0
vertex 107.89749145507812 32.132102966308594 -1
endloop
endfacet
facet normal 0.43055599489861873 0.5613388997075204 0.7067674121887703
outer loop
vertex 107.89749145507812 32.132102966308594 -1
vertex 107.25469970703125 31.366060256958008 0
vertex 107.3241958618164 31.312755584716797 0
endloop
endfacet
facet normal 0.657969910856284 0.2589916279357895 0.7071060267505456
outer loop
vertex 107.64462280273438 32.774505615234375 -1
vertex 107.03305053710938 34.328208923339844 -1
vertex 106.17203521728516 33.785396575927734 0
endloop
endfacet
facet normal 0.6583725949225161 0.25982572844066376 0.7064248842554112
outer loop
vertex 107.89749145507812 32.132102966308594 -1
vertex 106.17203521728516 33.785396575927734 0
vertex 106.9687728881836 31.766542434692383 0
endloop
endfacet
facet normal 0.6579713379496518 0.25899694807666485 0.7071027501882018
outer loop
vertex 106.17203521728516 33.785396575927734 0
vertex 107.89749145507812 32.132102966308594 -1
vertex 107.64462280273438 32.774505615234375 -1
endloop
endfacet
facet normal 0.518210094185303 0.4827534187639373 0.7059797695091482
outer loop
vertex 107.03305053710938 34.328208923339844 -1
vertex 105.79229736328125 35.660091400146484 -1
vertex 105.06292724609375 34.980628967285156 0
endloop
endfacet
facet normal 0.5182304152940217 0.48088847714682814 0.7072365298905241
outer loop
vertex 106.17203521728516 33.785396575927734 0
vertex 107.03305053710938 34.328208923339844 -1
vertex 105.06292724609375 34.980628967285156 0
endloop
endfacet
facet normal 0.5803268715547568 0.40635749254495407 0.7057579687145208
outer loop
vertex 105.79229736328125 35.660091400146484 -1
vertex 104.92626953125 35.160091400146484 0
vertex 105.02625274658203 35.017303466796875 0
endloop
endfacet
facet normal 0.6420762187098724 0.29940491605520164 0.7057583337157344
outer loop
vertex 104.92626953125 35.160091400146484 0
vertex 105.79229736328125 35.660091400146484 -1
vertex 104.8661880493164 35.288936614990234 0
endloop
endfacet
facet normal 0.5009521406968299 0.5009521406968299 0.7057576818303342
outer loop
vertex 105.06292724609375 34.980628967285156 0
vertex 105.79229736328125 35.660091400146484 -1
vertex 105.02625274658203 35.017303466796875 0
endloop
endfacet
facet normal 0.6563567691379936 0.2630498055559962 0.7071071993719815
outer loop
vertex 105.79229736328125 35.660091400146484 -1
vertex 105.3759536743164 36.698944091796875 -1
vertex 104.44772338867188 36.326934814453125 0
endloop
endfacet
facet normal 0.6565688726588802 0.2646930125978348 0.7062966264518963
outer loop
vertex 104.8661880493164 35.288936614990234 0
vertex 105.79229736328125 35.660091400146484 -1
vertex 104.44772338867188 36.326934814453125 0
endloop
endfacet
facet normal 0.6999115468211242 0.13756825812622314 0.7008557633226525
outer loop
vertex 104.44772338867188 36.326934814453125 0
vertex 105.3759536743164 36.698944091796875 -1
vertex 104.37702941894531 36.686607360839844 0
endloop
endfacet
facet normal 0.7074057049055589 0.008786567226306287 0.706753114533956
outer loop
vertex 104.37702941894531 36.686607360839844 0
vertex 105.3759536743164 36.698944091796875 -1
vertex 104.19527435302734 51.3196907043457 0
endloop
endfacet
facet normal 0.7070536485268223 0.008734003364371462 0.7071059717539797
outer loop
vertex 104.19527435302734 51.3196907043457 0
vertex 105.3759536743164 36.698944091796875 -1
vertex 105.19290924072266 51.517147064208984 -1
endloop
endfacet
facet normal 0.6570722619108688 0.26126104705863035 0.7071058675454212
outer loop
vertex 105.19290924072266 51.517147064208984 -1
vertex 104.78252410888672 52.54926681518555 -1
vertex 103.92168426513672 52.00777053833008 0
endloop
endfacet
facet normal 0.6570722619108688 0.26126104705863035 0.7071058675454212
outer loop
vertex 104.19527435302734 51.3196907043457 0
vertex 105.19290924072266 51.517147064208984 -1
vertex 103.92168426513672 52.00777053833008 0
endloop
endfacet
facet normal 0.5200067876932748 0.47915974635946973 0.7071059879690244
outer loop
vertex 104.78252410888672 52.54926681518555 -1
vertex 102.2130126953125 55.33782196044922 -1
vertex 101.6193618774414 54.5063591003418 0
endloop
endfacet
facet normal 0.5200068267499387 0.47915986536688804 0.707105878603088
outer loop
vertex 103.92168426513672 52.00777053833008 0
vertex 104.78252410888672 52.54926681518555 -1
vertex 101.6193618774414 54.5063591003418 0
endloop
endfacet
facet normal 0.2843533851988919 0.6474129917284009 0.7071064774609352
outer loop
vertex 100.85328674316406 54.842830657958984 0
vertex 101.6193618774414 54.5063591003418 0
vertex 102.2130126953125 55.33782196044922 -1
endloop
endfacet
facet normal 0.284350433597696 0.6474145023677239 0.7071062812878661
outer loop
vertex 101.63970184326172 55.589630126953125 -1
vertex 101.06389617919922 55.842529296875 -1
vertex 100.85328674316406 54.842830657958984 0
endloop
endfacet
facet normal 0.2843545080106286 0.6474115892882498 0.7071073099815159
outer loop
vertex 102.2130126953125 55.33782196044922 -1
vertex 101.63970184326172 55.589630126953125 -1
vertex 100.85328674316406 54.842830657958984 0
endloop
endfacet
facet normal 0.0010172415270789609 0.7071058420954963 0.7071069885767604
outer loop
vertex 101.06389617919922 55.842529296875 -1
vertex 28.078044891357422 54.94752502441406 0
vertex 100.85328674316406 54.842830657958984 0
endloop
endfacet
facet normal 0.0010172456353737499 0.7071056838617662 0.7071071468042883
outer loop
vertex 28.078044891357422 54.94752502441406 0
vertex 101.06389617919922 55.842529296875 -1
vertex 28.079483032226562 55.94752502441406 -1
endloop
endfacet
facet normal 0.19216806703383718 0.6823311973520411 0.7053336594354537
outer loop
vertex 28.079483032226562 55.94752502441406 -1
vertex 27.7249698638916 55.01365661621094 0
vertex 27.905834197998047 54.96271896362305 0
endloop
endfacet
facet normal 0.062262175933872614 0.7056901005168831 0.7057796422966952
outer loop
vertex 28.078044891357422 54.94752502441406 0
vertex 28.079483032226562 55.94752502441406 -1
vertex 27.905834197998047 54.96271896362305 0
endloop
endfacet
facet normal 0.2509564262947874 0.6610754598032583 0.7071068579410467
outer loop
vertex 28.079483032226562 55.94752502441406 -1
vertex 27.054759979248047 56.33652877807617 -1
vertex 26.699853897094727 55.40162658691406 0
endloop
endfacet
facet normal 0.2504277816165593 0.6616942981422044 0.7067153472231266
outer loop
vertex 28.079483032226562 55.94752502441406 -1
vertex 26.699853897094727 55.40162658691406 0
vertex 27.7249698638916 55.01365661621094 0
endloop
endfacet
facet normal 0.3037163069032394 0.6398228519090647 0.7059625507744786
outer loop
vertex 26.699853897094727 55.40162658691406 0
vertex 27.054759979248047 56.33652877807617 -1
vertex 26.554759979248047 55.47050094604492 0
endloop
endfacet
facet normal 0.40635749254495407 0.5803268715547568 0.7057579687145208
outer loop
vertex 27.054759979248047 56.33652877807617 -1
vertex 26.411972045898438 55.57048416137695 0
vertex 26.554759979248047 55.47050094604492 0
endloop
endfacet
facet normal 0.4684602992607095 0.5298227837309467 0.7069885188998172
outer loop
vertex 26.411972045898438 55.57048416137695 0
vertex 27.054759979248047 56.33652877807617 -1
vertex 24.983745574951172 56.83329772949219 0
endloop
endfacet
facet normal 0.4684762427109985 0.5296501472499116 0.70710729845868
outer loop
vertex 27.054759979248047 56.33652877807617 -1
vertex 25.509592056274414 57.70323181152344 -1
vertex 24.983745574951172 56.83329772949219 0
endloop
endfacet
facet normal 0.2512207432726484 0.6609742741315516 0.7071075922982348
outer loop
vertex 24.983745574951172 56.83329772949219 0
vertex 25.509592056274414 57.70323181152344 -1
vertex 24.30147361755371 57.092613220214844 0
endloop
endfacet
facet normal 0.2512187946712964 0.6609762454525305 0.707106441882251
outer loop
vertex 25.509592056274414 57.70323181152344 -1
vertex 24.486183166503906 58.092201232910156 -1
vertex 24.30147361755371 57.092613220214844 0
endloop
endfacet
facet normal 0.0015828760733233027 0.7071053684136135 0.7071064223042982
outer loop
vertex 24.486183166503906 58.092201232910156 -1
vertex -24.050907135009766 57.20085144042969 0
vertex 24.30147361755371 57.092613220214844 0
endloop
endfacet
facet normal 0.0015828890335569457 0.707105035803698 0.7071067548845498
outer loop
vertex -24.238975524902344 58.20127487182617 -1
vertex -24.050907135009766 57.20085144042969 0
vertex 24.486183166503906 58.092201232910156 -1
endloop
endfacet
facet normal -0.25825658582550043 0.6582580581510797 0.707106685555246
outer loop
vertex -24.050907135009766 57.20085144042969 0
vertex -24.238975524902344 58.20127487182617 -1
vertex -24.759546279907227 56.922828674316406 0
endloop
endfacet
facet normal -0.2582542784778901 0.6582578959190537 0.7071076792880167
outer loop
vertex -24.238975524902344 58.20127487182617 -1
vertex -25.157777786254883 57.84080123901367 -1
vertex -24.759546279907227 56.922828674316406 0
endloop
endfacet
facet normal -0.2582549960189084 0.6582575996260986 0.7071076930466536
outer loop
vertex -25.157777786254883 57.84080123901367 -1
vertex -25.30193328857422 57.784244537353516 -1
vertex -24.759546279907227 56.922828674316406 0
endloop
endfacet
facet normal -0.4819871366073883 0.5173852480997162 0.7071074212549363
outer loop
vertex -24.759546279907227 56.922828674316406 0
vertex -25.30193328857422 57.784244537353516 -1
vertex -25.934471130371094 55.82828903198242 0
endloop
endfacet
facet normal -0.48198699363512765 0.5173852507113306 0.7071075167985029
outer loop
vertex -25.30193328857422 57.784244537353516 -1
vertex -26.616104125976562 56.55998611450195 -1
vertex -25.934471130371094 55.82828903198242 0
endloop
endfacet
facet normal -0.46847106444197856 0.5298135105744856 0.7069883349768503
outer loop
vertex -25.934471130371094 55.82828903198242 0
vertex -26.616104125976562 56.55998611450195 -1
vertex -25.973316192626953 55.793941497802734 0
endloop
endfacet
facet normal -0.40635749254495407 0.5803268715547568 0.7057579687145208
outer loop
vertex -25.973316192626953 55.793941497802734 0
vertex -26.616104125976562 56.55998611450195 -1
vertex -26.116104125976562 55.6939582824707 0
endloop
endfacet
facet normal -0.2994046142750467 0.6420763757744777 0.7057583188479766
outer loop
vertex -26.616104125976562 56.55998611450195 -1
vertex -26.24933433532715 55.631832122802734 0
vertex -26.116104125976562 55.6939582824707 0
endloop
endfacet
facet normal -0.2601539253363659 0.6582738577162506 0.7063961094028237
outer loop
vertex -26.616104125976562 56.55998611450195 -1
vertex -26.670534133911133 56.538475036621094 -1
vertex -26.24933433532715 55.631832122802734 0
endloop
endfacet
facet normal -0.25986618414111745 0.6576245392904182 0.7071064500222013
outer loop
vertex -26.670534133911133 56.538475036621094 -1
vertex -27.67095375061035 56.143150329589844 -1
vertex -27.30344581604004 55.213130950927734 0
endloop
endfacet
facet normal -0.26127925660595785 0.657790048275034 0.7064314563053987
outer loop
vertex -26.24933433532715 55.631832122802734 0
vertex -26.670534133911133 56.538475036621094 -1
vertex -27.30344581604004 55.213130950927734 0
endloop
endfacet
facet normal -0.133942570218889 0.700638171603034 0.700832034353393
outer loop
vertex -27.67095375061035 56.143150329589844 -1
vertex -27.668289184570312 55.14338302612305 0
vertex -27.30344581604004 55.213130950927734 0
endloop
endfacet
facet normal -0.0018835848807239688 0.7071043457708547 0.7071067078595483
outer loop
vertex -100.55535125732422 54.948997497558594 0
vertex -27.67095375061035 56.143150329589844 -1
vertex -100.74563598632812 55.94849395751953 -1
endloop
endfacet
facet normal -0.001886021767504678 0.7071852861366591 0.7070257520017953
outer loop
vertex -27.67095375061035 56.143150329589844 -1
vertex -100.55535125732422 54.948997497558594 0
vertex -27.668289184570312 55.14338302612305 0
endloop
endfacet
facet normal -0.2580752206106247 0.6583293844709291 0.7071064997925737
outer loop
vertex -100.74563598632812 55.94849395751953 -1
vertex -101.79373168945312 55.53762435913086 -1
vertex -101.25408172607422 54.67508316040039 0
endloop
endfacet
facet normal -0.25807645002033575 0.6583294644847135 0.7071059765948606
outer loop
vertex -100.74563598632812 55.94849395751953 -1
vertex -101.25408172607422 54.67508316040039 0
vertex -100.55535125732422 54.948997497558594 0
endloop
endfacet
facet normal -0.4791604726461541 0.5200063410503314 0.7071058242731143
outer loop
vertex -101.79373168945312 55.53762435913086 -1
vertex -103.75506591796875 52.370548248291016 0
vertex -101.25408172607422 54.67508316040039 0
endloop
endfacet
facet normal -0.4791589149098828 0.5200058286408191 0.7071072566746566
outer loop
vertex -101.79373168945312 55.53762435913086 -1
vertex -104.58588409423828 52.96479797363281 -1
vertex -103.75506591796875 52.370548248291016 0
endloop
endfacet
facet normal -0.6469329672820125 0.2854404220879061 0.707107842752411
outer loop
vertex -104.58588409423828 52.96479797363281 -1
vertex -105.09040069580078 51.82134246826172 -1
vertex -104.0914077758789 51.608245849609375 0
endloop
endfacet
facet normal -0.6469343217510191 0.28543933759082507 0.70710704132844
outer loop
vertex -103.75506591796875 52.370548248291016 0
vertex -104.58588409423828 52.96479797363281 -1
vertex -104.0914077758789 51.608245849609375 0
endloop
endfacet
facet normal -0.7072428788067568 0.003407331578424824 0.7069624462930443
outer loop
vertex -104.18133544921875 32.942405700683594 0
vertex -104.0914077758789 51.608245849609375 0
vertex -105.18091583251953 32.947200775146484 -1
endloop
endfacet
facet normal -0.7070974575841975 0.0033910428398479546 0.7071079735842485
outer loop
vertex -105.09040069580078 51.82134246826172 -1
vertex -105.18091583251953 32.947200775146484 -1
vertex -104.0914077758789 51.608245849609375 0
endloop
endfacet
facet normal -0.7057565651362356 0.061768049280177505 0.7057566002916472
outer loop
vertex -104.18133544921875 32.942405700683594 0
vertex -105.18091583251953 32.947200775146484 -1
vertex -104.19611358642578 32.77355194091797 0
endloop
endfacet
facet normal -0.684317638914925 0.18335086315211163 0.7057562114861462
outer loop
vertex -104.19611358642578 32.77355194091797 0
vertex -105.18091583251953 32.947200775146484 -1
vertex -104.24122619628906 32.60517883300781 0
endloop
endfacet
facet normal -0.6420731781791937 0.29941605817005745 0.7057563729593761
outer loop
vertex -105.18091583251953 32.947200775146484 -1
vertex -104.31489562988281 32.447200775146484 0
vertex -104.24122619628906 32.60517883300781 0
endloop
endfacet
facet normal -0.5803423473806947 0.4063373204069687 0.7057568574807825
outer loop
vertex -105.18091583251953 32.947200775146484 -1
vertex -104.41487121582031 32.304412841796875 0
vertex -104.31489562988281 32.447200775146484 0
endloop
endfacet
facet normal -0.5009232756593002 0.5009836351334126 0.7057558141675268
outer loop
vertex -104.47819519042969 32.24109649658203 0
vertex -104.41487121582031 32.304412841796875 0
vertex -105.18091583251953 32.947200775146484 -1
endloop
endfacet
facet normal -0.49880085373215494 0.5011976670999787 0.7071057960514905
outer loop
vertex -106.5340805053711 31.600513458251953 -1
vertex -106.93651580810547 31.200002670288086 -1
vertex -106.23110961914062 30.49120330810547 0
endloop
endfacet
facet normal -0.49879935258989483 0.5011984996801875 0.7071062648387659
outer loop
vertex -105.18091583251953 32.947200775146484 -1
vertex -106.5340805053711 31.600513458251953 -1
vertex -106.23110961914062 30.49120330810547 0
endloop
endfacet
facet normal -0.5005207998564492 0.5013849632171765 0.7057563655899753
outer loop
vertex -105.18091583251953 32.947200775146484 -1
vertex -106.23110961914062 30.49120330810547 0
vertex -104.47819519042969 32.24109649658203 0
endloop
endfacet
facet normal -0.06174603310276911 0.705757545973145 0.705757545973145
outer loop
vertex -106.93651580810547 31.200002670288086 -1
vertex -106.93651580810547 30.200002670288086 0
vertex -106.76287078857422 30.215194702148438 0
endloop
endfacet
facet normal -0.18336508130911866 0.6843128400119962 0.7057571706693574
outer loop
vertex -106.93651580810547 31.200002670288086 -1
vertex -106.76287078857422 30.215194702148438 0
vertex -106.59449768066406 30.260311126708984 0
endloop
endfacet
facet normal -0.2993969879493316 0.6420810345882461 0.7057573156751231
outer loop
vertex -106.93651580810547 31.200002670288086 -1
vertex -106.59449768066406 30.260311126708984 0
vertex -106.43651580810547 30.33397674560547 0
endloop
endfacet
facet normal -0.40635995654227286 0.5803259571291811 0.7057573019112604
outer loop
vertex -106.93651580810547 31.200002670288086 -1
vertex -106.43651580810547 30.33397674560547 0
vertex -106.29373168945312 30.433958053588867 0
endloop
endfacet
facet normal -0.4773074452007924 0.5221390077910377 0.7067874215765891
outer loop
vertex -106.23110961914062 30.49120330810547 0
vertex -106.93651580810547 31.200002670288086 -1
vertex -106.29373168945312 30.433958053588867 0
endloop
endfacet
facet normal 0 0.7071067811865476 0.7071067811865476
outer loop
vertex -106.93651580810547 31.200002670288086 -1
vertex -109.73971557617188 31.200002670288086 -1
vertex -109.55139923095703 30.200002670288086 0
endloop
endfacet
facet normal 0 0.7071067811865475 0.7071067811865475
outer loop
vertex -106.93651580810547 31.200002670288086 -1
vertex -109.55139923095703 30.200002670288086 0
vertex -106.93651580810547 30.200002670288086 0
endloop
endfacet
facet normal -0.2571947264378307 0.6586731769979214 0.7071071478892252
outer loop
vertex -109.55139923095703 30.200002670288086 0
vertex -109.73971557617188 31.200002670288086 -1
vertex -110.25306701660156 29.9260196685791 0
endloop
endfacet
facet normal -0.2571969101215255 0.6586733251402944 0.7071062156229202
outer loop
vertex -109.73971557617188 31.200002670288086 -1
vertex -110.7922134399414 30.789026260375977 -1
vertex -110.25306701660156 29.9260196685791 0
endloop
endfacet
facet normal -0.4791585822073283 0.5200059879798802 0.7071073649468881
outer loop
vertex -110.7922134399414 30.789026260375977 -1
vertex -113.58782958984375 28.213010787963867 -1
vertex -112.75636291503906 27.61935806274414 0
endloop
endfacet
facet normal -0.47915980612143716 0.5200063911956936 0.7071062390569738
outer loop
vertex -110.7922134399414 30.789026260375977 -1
vertex -112.75636291503906 27.61935806274414 0
vertex -110.25306701660156 29.9260196685791 0
endloop
endfacet
facet normal -0.6474135492412875 0.2843493822844692 0.7071075767188751
outer loop
vertex -112.75636291503906 27.61935806274414 0
vertex -113.58782958984375 28.213010787963867 -1
vertex -113.09283447265625 26.853271484375 0
endloop
endfacet
facet normal -0.6474170161718011 0.2843466066063952 0.7071055186339797
outer loop
vertex -113.58782958984375 28.213010787963867 -1
vertex -114.092529296875 27.063880920410156 -1
vertex -113.09283447265625 26.853271484375 0
endloop
endfacet
facet normal -0.7071079562121643 0.0010100250813261486 0.7071048848019585
outer loop
vertex -114.092529296875 27.063880920410156 -1
vertex -113.2005386352539 -48.54928207397461 0
vertex -113.09283447265625 26.853271484375 0
endloop
endfacet
facet normal -0.7071065813483682 0.001010059482527202 0.7071062596199139
outer loop
vertex -114.092529296875 27.063880920410156 -1
vertex -114.2008056640625 -48.73653793334961 -1
vertex -113.2005386352539 -48.54928207397461 0
endloop
endfacet
facet normal -0.658855681794412 -0.2567303447031179 0.707105876567179
outer loop
vertex -114.2008056640625 -48.73653793334961 -1
vertex -112.926513671875 -49.25252151489258 0
vertex -113.2005386352539 -48.54928207397461 0
endloop
endfacet
facet normal -0.6588552387116213 -0.2567239525708429 0.707108610185632
outer loop
vertex -114.2008056640625 -48.73653793334961 -1
vertex -113.78977966308594 -49.7913932800293 -1
vertex -112.926513671875 -49.25252151489258 0
endloop
endfacet
facet normal -0.5200055911344761 -0.47916126860703495 0.7071058363892786
outer loop
vertex -112.78419494628906 -50.8827018737793 -1
vertex -111.21269226074219 -52.58816146850586 -1
vertex -110.61914825439453 -51.75658416748047 0
endloop
endfacet
facet normal -0.520005383830977 -0.4791582047710997 0.7071080649994985
outer loop
vertex -112.78419494628906 -50.8827018737793 -1
vertex -110.61914825439453 -51.75658416748047 0
vertex -113.78977966308594 -49.7913932800293 -1
endloop
endfacet
facet normal -0.5200054356933743 -0.4791583621043771 0.7071079202461209
outer loop
vertex -112.926513671875 -49.25252151489258 0
vertex -113.78977966308594 -49.7913932800293 -1
vertex -110.61914825439453 -51.75658416748047 0
endloop
endfacet
facet normal -0.28415838688054806 -0.6474990199654721 0.7071060955112732
outer loop
vertex -109.85240173339844 -52.093074798583984 0
vertex -111.21269226074219 -52.58816146850586 -1
vertex -110.06256866455078 -53.092899322509766 -1
endloop
endfacet
facet normal -0.28415830206005066 -0.6474991259108035 0.7071060325828755
outer loop
vertex -110.61914825439453 -51.75658416748047 0
vertex -111.21269226074219 -52.58816146850586 -1
vertex -109.85240173339844 -52.093074798583984 0
endloop
endfacet
facet normal -0.0005963555474857883 -0.7071053067512038 0.707108004143884
outer loop
vertex -4.5625715255737305 -52.18144607543945 0
vertex -4.5625715255737305 -53.18144989013672 -1
vertex 13.828468322753906 -52.196956634521484 0
endloop
endfacet
facet normal -0.0005934894270373877 -0.7071066566545319 0.7071066566545319
outer loop
vertex -13.56257152557373 -52.173892974853516 0
vertex -69.63399505615234 -53.1268310546875 -1
vertex -13.56257152557373 -53.173892974853516 -1
endloop
endfacet
facet normal -0.0005934914085210013 -0.7071053079560716 0.7071080053487564
outer loop
vertex -96.56256866455078 -52.10422897338867 0
vertex -96.56256866455078 -53.10423278808594 -1
vertex -13.56257152557373 -52.173892974853516 0
endloop
endfacet
facet normal -0.0005936935552668574 -0.7071039632578007 0.707109349869646
outer loop
vertex -97.56256866455078 -52.103389739990234 0
vertex -100.06403350830078 -52.3598747253418 -0.25858327746391296
vertex -98.99056243896484 -52.389678955078125 -0.2874859869480133
endloop
endfacet
facet normal -0.0005924965117047776 -0.7071069429305201 0.7071063712111055
outer loop
vertex -98.99056243896484 -52.389678955078125 -0.2874859869480133
vertex -98.24201965332031 -52.422969818115234 -0.32014966011047363
vertex -97.56256866455078 -52.103389739990234 0
endloop
endfacet
facet normal -0.0005939291374666214 -0.7071028190318356 0.7071104938872078
outer loop
vertex -97.56256866455078 -52.103389739990234 0
vertex -101.06256866455078 -52.34989547729492 -0.24944284558296204
vertex -100.06403350830078 -52.3598747253418 -0.25858327746391296
endloop
endfacet
facet normal -0.0005949078327068586 -0.7071036184892859 0.7071096936148087
outer loop
vertex -97.56256866455078 -52.103389739990234 0
vertex -97.74189758300781 -52.44845962524414 -0.3452177941799164
vertex -97.56256866455078 -52.46067810058594 -0.3572852909564972
endloop
endfacet
facet normal -0.0005958580730641208 -0.707103371226367 0.7071099400754196
outer loop
vertex -98.24201965332031 -52.422969818115234 -0.32014966011047363
vertex -97.74189758300781 -52.44845962524414 -0.3452177941799164
vertex -97.56256866455078 -52.103389739990234 0
endloop
endfacet
facet normal -0.0005928033868050527 -0.7071038986496865 0.7071094152240929
outer loop
vertex -12.56257152557373 -52.17473220825195 0
vertex -11.164387702941895 -52.47157669067383 -0.2956700026988983
vertex -10.075831413269043 -52.443363189697266 -0.2665441334247589
endloop
endfacet
facet normal -0.000594838205851477 -0.7071086994559667 0.7071046127138474
outer loop
vertex -12.56257152557373 -52.17473220825195 0
vertex -11.72740650177002 -52.495582580566406 -0.32014966011047363
vertex -11.164387702941895 -52.47157669067383 -0.2956700026988983
endloop
endfacet
facet normal -0.0005938128001810111 -0.7071073638782431 0.707105949158625
outer loop
vertex -12.56257152557373 -52.17473220825195 0
vertex -12.43038272857666 -52.53010177612305 -0.3552592694759369
vertex -11.72740650177002 -52.495582580566406 -0.32014966011047363
endloop
endfacet
facet normal -0.000577721083798804 -0.7071043772118513 0.7071089491487075
outer loop
vertex -12.56257152557373 -52.17473220825195 0
vertex -12.56257152557373 -52.53886795043945 -0.36413338780403137
vertex -12.43038272857666 -52.53010177612305 -0.3552592694759369
endloop
endfacet
facet normal -0.000593427254601406 -0.7071063374101408 0.7071069759509586
outer loop
vertex -105.56256866455078 -53.096675872802734 -1
vertex -109.85240173339844 -52.093074798583984 0
vertex -110.06256866455078 -53.092899322509766 -1
endloop
endfacet
facet normal -0.000593576372364005 -0.7071066566180416 0.7071066566180416
outer loop
vertex -109.85240173339844 -52.093074798583984 0
vertex -105.56256866455078 -53.096675872802734 -1
vertex -105.56256866455078 -52.096675872802734 0
endloop
endfacet
facet normal -0.0005957092155618886 -0.7071042041002991 0.7071091073336654
outer loop
vertex -104.56256866455078 -52.09751510620117 0
vertex -104.56256866455078 -52.45423889160156 -0.35672131180763245
vertex -104.37957763671875 -52.442108154296875 -0.34443649649620056
endloop
endfacet
facet normal -0.0005919191480023454 -0.7071031991289148 0.7071101154794608
outer loop
vertex -104.56256866455078 -52.09751510620117 0
vertex -104.37957763671875 -52.442108154296875 -0.34443649649620056
vertex -103.89329528808594 -52.41822814941406 -0.32014966011047363
endloop
endfacet
facet normal -0.0005921239696516663 -0.7071034129460461 0.7071099014928711
outer loop
vertex -104.56256866455078 -52.09751510620117 0
vertex -103.89329528808594 -52.41822814941406 -0.32014966011047363
vertex -103.13317108154297 -52.38581466674805 -0.2870999574661255
endloop
endfacet
facet normal -0.0005941882042496526 -0.7071103327475282 0.7071029799555776
outer loop
vertex -12.56257152557373 -52.17473220825195 0
vertex -10.075831413269043 -52.443363189697266 -0.2665441334247589
vertex -9.06257152557373 -52.435115814208984 -0.25744521617889404
endloop
endfacet
facet normal -0.0005934009858411086 -0.7071091959510574 0.7071041174231129
outer loop
vertex -13.56257152557373 -52.173892974853516 0
vertex -96.56256866455078 -53.10423278808594 -1
vertex -69.63399505615234 -53.1268310546875 -1
endloop
endfacet
facet normal -0.0005934262860131674 -0.7071051832756171 0.7071081300833694
outer loop
vertex -12.56257152557373 -52.17473220825195 0
vertex -9.06257152557373 -52.435115814208984 -0.25744521617889404
vertex -5.5625715255737305 -52.180606842041016 0
endloop
endfacet
facet normal -0.0005928928674498183 -0.7071088302410711 0.707104483561766
outer loop
vertex -5.5625715255737305 -52.180606842041016 0
vertex -9.06257152557373 -52.435115814208984 -0.25744521617889404
vertex -8.048980712890625 -52.44524383544922 -0.2667234241962433
endloop
endfacet
facet normal -0.0005922336842532904 -0.7071059971068553 0.7071073172544483
outer loop
vertex -6.407311916351318 -52.50004959106445 -0.32014966011047363
vertex -5.691036701202393 -52.53655242919922 -0.3560525178909302
vertex -5.5625715255737305 -52.180606842041016 0
endloop
endfacet
facet normal -0.0006044278793660258 -0.7071037917538153 0.7071095122782013
outer loop
vertex -5.5625715255737305 -52.180606842041016 0
vertex -5.691036701202393 -52.53655242919922 -0.3560525178909302
vertex -5.5625715255737305 -52.54530715942383 -0.3646973669528961
endloop
endfacet
facet normal -0.000593107412269786 -0.7071058555930069 0.7071074580356788
outer loop
vertex -103.13317108154297 -52.38581466674805 -0.2870999574661255
vertex -102.06078338623047 -52.3580207824707 -0.2584066390991211
vertex -104.56256866455078 -52.09751510620117 0
endloop
endfacet
facet normal -0.0005941734755232303 -0.7071028373104727 0.7071104754034974
outer loop
vertex -5.5625715255737305 -52.180606842041016 0
vertex -8.048980712890625 -52.44524383544922 -0.2667234241962433
vertex -6.959327697753906 -52.47549819946289 -0.29606184363365173
endloop
endfacet
facet normal -0.0005936009912951128 -0.7071041906609427 0.7071091225458745
outer loop
vertex -6.959327697753906 -52.47549819946289 -0.29606184363365173
vertex -6.407311916351318 -52.50004959106445 -0.32014966011047363
vertex -5.5625715255737305 -52.180606842041016 0
endloop
endfacet
facet normal -0.0005939086566024746 -0.7071097182191985 0.7071035947246156
outer loop
vertex -102.06078338623047 -52.3580207824707 -0.2584066390991211
vertex -101.06256866455078 -52.34989547729492 -0.24944284558296204
vertex -104.56256866455078 -52.09751510620117 0
endloop
endfacet
facet normal -0.0005934272743936129 -0.7071063609938147 0.7071069523672887
outer loop
vertex -101.06256866455078 -52.34989547729492 -0.24944284558296204
vertex -97.56256866455078 -52.103389739990234 0
vertex -104.56256866455078 -52.09751510620117 0
endloop
endfacet
facet normal -0.0005934716819193754 -0.7071320333749975 0.7070812790382052
outer loop
vertex 13.828468322753906 -52.196956634521484 0
vertex -4.5625715255737305 -53.18144989013672 -1
vertex 13.827629089355469 -53.19688415527344 -1
endloop
endfacet
facet normal -0.06174106836636781 -0.7057574319449247 0.705758094343582
outer loop
vertex 13.828468322753906 -52.196956634521484 0
vertex 13.827629089355469 -53.19688415527344 -1
vertex 14.001276969909668 -52.212074279785156 0
endloop
endfacet
facet normal -0.1833658248423228 -0.6843117388546743 0.7057580451865829
outer loop
vertex 14.001276969909668 -52.212074279785156 0
vertex 13.827629089355469 -53.19688415527344 -1
vertex 14.169649124145508 -52.2571907043457 0
endloop
endfacet
facet normal -0.40635821283840334 -0.5803264125884796 0.7057579313836754
outer loop
vertex 14.447938919067383 -52.41510009765625 0
vertex 14.327629089355469 -52.33085632324219 0
vertex 13.827629089355469 -53.19688415527344 -1
endloop
endfacet
facet normal -0.29939963797297603 -0.6420789657290582 0.7057580736696916
outer loop
vertex 14.169649124145508 -52.2571907043457 0
vertex 13.827629089355469 -53.19688415527344 -1
vertex 14.327629089355469 -52.33085632324219 0
endloop
endfacet
facet normal -0.4395117047977234 -0.5539219311747592 0.707106749726959
outer loop
vertex 13.827629089355469 -53.19688415527344 -1
vertex 15.463591575622559 -54.49494552612305 -1
vertex 16.085155487060547 -53.71158218383789 0
endloop
endfacet
facet normal -0.43941956083417494 -0.554905457596271 0.706392513186666
outer loop
vertex 14.447938919067383 -52.41510009765625 0
vertex 13.827629089355469 -53.19688415527344 -1
vertex 16.085155487060547 -53.71158218383789 0
endloop
endfacet
facet normal -0.5803343827319566 -0.4063472479234284 0.705757690942277
outer loop
vertex 16.229637145996094 -53.85215759277344 0
vertex 15.463591575622559 -54.49494552612305 -1
vertex 16.32961654663086 -53.99494552612305 0
endloop
endfacet
facet normal -0.4943590431988579 -0.5080960831770303 0.7052995864649787
outer loop
vertex 15.463591575622559 -54.49494552612305 -1
vertex 16.229637145996094 -53.85215759277344 0
vertex 16.085155487060547 -53.71158218383789 0
endloop
endfacet
facet normal -0.6843127506798177 -0.18336311809028458 0.7057577673545152
outer loop
vertex 16.434001922607422 -54.26756286621094 0
vertex 16.403284072875977 -54.152923583984375 0
vertex 15.463591575622559 -54.49494552612305 -1
endloop
endfacet
facet normal -0.6420750375205364 -0.29940917313591964 0.705757602321836
outer loop
vertex 16.32961654663086 -53.99494552612305 0
vertex 15.463591575622559 -54.49494552612305 -1
vertex 16.403284072875977 -54.152923583984375 0
endloop
endfacet
facet normal -0.688459658404064 -0.16131626737901725 0.7071070361897561
outer loop
vertex 15.463591575622559 -54.49494552612305 -1
vertex 16.02754020690918 -56.9017448425293 -1
vertex 16.921710968017578 -56.334495544433594 0
endloop
endfacet
facet normal -0.689346829703926 -0.1626568140383345 0.7059346352347682
outer loop
vertex 15.463591575622559 -54.49494552612305 -1
vertex 16.921710968017578 -56.334495544433594 0
vertex 16.434001922607422 -54.26756286621094 0
endloop
endfacet
facet normal -0.4392792775150594 -0.5541062345086037 0.7071067792240034
outer loop
vertex 16.02754020690918 -56.9017448425293 -1
vertex 17.66515350341797 -58.19999694824219 -1
vertex 18.013452529907227 -57.19999694824219 0
endloop
endfacet
facet normal -0.43927932616501575 -0.55410597318833 0.7071069537778732
outer loop
vertex 16.921710968017578 -56.334495544433594 0
vertex 16.02754020690918 -56.9017448425293 -1
vertex 18.013452529907227 -57.19999694824219 0
endloop
endfacet
facet normal 0.4396832043212194 -0.5121786381058326 -0.7378019534440657
outer loop
vertex 74.99436950683594 -56.8082389831543 -12.462165832519531
vertex 74.08247375488281 -56.16670227050781 -13.450949668884277
vertex 74.97245788574219 -56.78690719604492 -12.490032196044922
endloop
endfacet
facet normal 0.4397269886393861 -0.5121291408106753 -0.7378102185485483
outer loop
vertex 72.98783111572266 -57.03450393676758 -13.500986099243164
vertex 74.08247375488281 -56.16670227050781 -13.450949668884277
vertex 74.99436950683594 -56.8082389831543 -12.462165832519531
endloop
endfacet
facet normal 0.4397272781111916 -0.5121294190167538 -0.7378098529177317
outer loop
vertex 73.33484649658203 -58.08515548706055 -12.564888954162598
vertex 72.98783111572266 -57.03450393676758 -13.500986099243164
vertex 74.97245788574219 -56.9017448425293 -12.410319328308105
endloop
endfacet
facet normal 0.43972560793506427 -0.5121364674145253 -0.7378059558381925
outer loop
vertex 74.97245788574219 -56.9017448425293 -12.410319328308105
vertex 72.98783111572266 -57.03450393676758 -13.500986099243164
vertex 74.99436950683594 -56.8082389831543 -12.462165832519531
endloop
endfacet
facet normal 0.4397249684535646 -0.5121257065256458 -0.7378138063455575
outer loop
vertex 73.37701416015625 -58.166568756103516 -12.483247756958008
vertex 73.33484649658203 -58.08515548706055 -12.564888954162598
vertex 74.97245788574219 -56.9017448425293 -12.410319328308105
endloop
endfacet
facet normal 0.6876682303996847 -0.1220651840280651 -0.7156902233139424
outer loop
vertex 74.97245788574219 -56.78690719604492 -12.490032196044922
vertex 74.08247375488281 -56.16670227050781 -13.450949668884277
vertex 75.40232849121094 -55.067169189453125 -12.370304107666016
endloop
endfacet
facet normal 0.688531783360324 -0.12429617868467989 -0.7144749423646978
outer loop
vertex 74.4161605834961 -54.77840042114258 -13.37090015411377
vertex 75.40232849121094 -55.067169189453125 -12.370304107666016
vertex 74.08247375488281 -56.16670227050781 -13.450949668884277
endloop
endfacet
facet normal 0.7262622023068498 -0.134607063716026 -0.6741098960096595
outer loop
vertex 74.99436950683594 -56.8082389831543 -12.462165832519531
vertex 74.97245788574219 -56.78690719604492 -12.490032196044922
vertex 75.40232849121094 -55.067169189453125 -12.370304107666016
endloop
endfacet
facet normal 0.4295479921181064 -0.5223219784031155 -0.736660215665512
outer loop
vertex 76.0169677734375 -52.69395446777344 -13.250711441040039
vertex 76.68085479736328 -53.59034729003906 -12.228018760681152
vertex 75.46199798583984 -53.11602783203125 -13.27504825592041
endloop
endfacet
facet normal 0.43788698387797786 -0.5096401371814414 -0.7406226569069629
outer loop
vertex 76.13461303710938 -54.02339553833008 -12.252988815307617
vertex 75.46199798583984 -53.11602783203125 -13.27504825592041
vertex 76.68085479736328 -53.59034729003906 -12.228018760681152
endloop
endfacet
facet normal 0.678291508108402 -0.16480411339899115 -0.7160727855705745
outer loop
vertex 75.40232849121094 -55.067169189453125 -12.370304107666016
vertex 74.4161605834961 -54.77840042114258 -13.37090015411377
vertex 75.47648620605469 -54.750667572021484 -12.372901916503906
endloop
endfacet
facet normal 0.5479146260696178 -0.40831840882691917 -0.7301134429333866
outer loop
vertex 75.65686798095703 -54.40213394165039 -12.35818099975586
vertex 75.20670318603516 -53.343318939208984 -13.288153648376465
vertex 75.96273803710938 -54.15965270996094 -12.264248847961426
endloop
endfacet
facet normal 0.6782903870292992 -0.16481524661095 -0.7160712851024088
outer loop
vertex 74.4161605834961 -54.77840042114258 -13.37090015411377
vertex 74.55746459960938 -54.3133659362793 -13.344086647033691
vertex 75.47648620605469 -54.750667572021484 -12.372901916503906
endloop
endfacet
facet normal 0.6251319719764655 -0.2929456451622862 -0.723458959854163
outer loop
vertex 75.53563690185547 -54.49824905395508 -12.424015998840332
vertex 74.834228515625 -53.796424865722656 -13.314279556274414
vertex 75.65686798095703 -54.40213394165039 -12.35818099975586
endloop
endfacet
facet normal 0.6251116609161396 -0.29298490294685897 -0.7234606126333936
outer loop
vertex 75.47648620605469 -54.750667572021484 -12.372901916503906
vertex 74.55746459960938 -54.3133659362793 -13.344086647033691
vertex 75.53563690185547 -54.49824905395508 -12.424015998840332
endloop
endfacet
facet normal 0.449664451337482 -0.5064048666577418 -0.7357689802028323
outer loop
vertex 75.96273803710938 -54.15965270996094 -12.264248847961426
vertex 75.20670318603516 -53.343318939208984 -13.288153648376465
vertex 76.13461303710938 -54.02339553833008 -12.252988815307617
endloop
endfacet
facet normal 0.4690432532065346 -0.48424636248203884 -0.7385823495347995
outer loop
vertex 75.20670318603516 -53.343318939208984 -13.288153648376465
vertex 75.46199798583984 -53.11602783203125 -13.27504825592041
vertex 76.13461303710938 -54.02339553833008 -12.252988815307617
endloop
endfacet
facet normal 0.5479175064809783 -0.4083163143977671 -0.730112452631984
outer loop
vertex 74.834228515625 -53.796424865722656 -13.314279556274414
vertex 75.20670318603516 -53.343318939208984 -13.288153648376465
vertex 75.65686798095703 -54.40213394165039 -12.35818099975586
endloop
endfacet
facet normal 0.6251178622101934 -0.2929651784832849 -0.7234632420116551
outer loop
vertex 74.55746459960938 -54.3133659362793 -13.344086647033691
vertex 74.834228515625 -53.796424865722656 -13.314279556274414
vertex 75.53563690185547 -54.49824905395508 -12.424015998840332
endloop
endfacet
facet normal 3.07180088805974e-7 -0.6652258392785669 -0.7466422053139187
outer loop
vertex 77.8707504272461 -52.03450393676758 -13.212688446044922
vertex 109.73971557617188 -53.08515548706055 -12.276590347290039
vertex 109.73971557617188 -53.19999694824219 -12.174271583557129
endloop
endfacet
facet normal 0 -0.6652310335346032 -0.7466375774246053
outer loop
vertex 77.8707504272461 -52.03450393676758 -13.212688446044922
vertex 109.55204772949219 -52.03450393676758 -13.212688446044922
vertex 109.73971557617188 -53.08515548706055 -12.276590347290039
endloop
endfacet
facet normal 0 -0.6652305217246276 -0.74663803343118
outer loop
vertex 77.8707504272461 -53.19999694824219 -12.174271583557129
vertex 77.8707504272461 -52.03450393676758 -13.212688446044922
vertex 109.73971557617188 -53.19999694824219 -12.174271583557129
endloop
endfacet
facet normal 0.4496667324477085 -0.5064039470388013 -0.7357682190427388
outer loop
vertex 76.68085479736328 -53.59034729003906 -12.228018760681152
vertex 76.0169677734375 -52.69395446777344 -13.250711441040039
vertex 76.20680236816406 -52.53841781616211 -13.241744041442871
endloop
endfacet
facet normal 0.33413061353902923 -0.5834732867383022 -0.7402132508668261
outer loop
vertex 76.20680236816406 -52.53841781616211 -13.241744041442871
vertex 76.72460174560547 -52.262107849121094 -13.225811958312988
vertex 77.1103515625 -53.24985885620117 -12.273090362548828
endloop
endfacet
facet normal 0.20575501760359938 -0.6365602489234164 -0.7432737868521266
outer loop
vertex 77.28645324707031 -52.091957092285156 -13.2160005569458
vertex 77.49496459960938 -53.19999694824219 -12.20932388305664
vertex 76.72460174560547 -52.262107849121094 -13.225811958312988
endloop
endfacet
facet normal 0.06947528668634267 -0.663623107221645 -0.7448339117557279
outer loop
vertex 77.8707504272461 -52.03450393676758 -13.212688446044922
vertex 77.8707504272461 -53.19999694824219 -12.174271583557129
vertex 77.28645324707031 -52.091957092285156 -13.2160005569458
endloop
endfacet
facet normal 0.4496530143209269 -0.5064125212902896 -0.7357707013686507
outer loop
vertex 76.68085479736328 -53.59034729003906 -12.228018760681152
vertex 76.20680236816406 -52.53841781616211 -13.241744041442871
vertex 76.80406188964844 -53.49267578125 -12.219947814941406
endloop
endfacet
facet normal 0.33412990221825767 -0.5834739333468645 -0.7402130622654239
outer loop
vertex 76.80406188964844 -53.49267578125 -12.219947814941406
vertex 76.20680236816406 -52.53841781616211 -13.241744041442871
vertex 77.1103515625 -53.24985885620117 -12.273090362548828
endloop
endfacet
facet normal 0.20575031139705371 -0.6365619441087449 -0.7432736378161885
outer loop
vertex 77.1103515625 -53.24985885620117 -12.273090362548828
vertex 76.72460174560547 -52.262107849121094 -13.225811958312988
vertex 77.17324829101562 -53.19999694824219 -12.298382759094238
endloop
endfacet
facet normal 0.20575628678486083 -0.6365595107931032 -0.7432740676677421
outer loop
vertex 77.17324829101562 -53.19999694824219 -12.298382759094238
vertex 76.72460174560547 -52.262107849121094 -13.225811958312988
vertex 77.49496459960938 -53.19999694824219 -12.20932388305664
endloop
endfacet
facet normal 0.06947613650122286 -0.6636228228075387 -0.7448340858914939
outer loop
vertex 77.49496459960938 -53.19999694824219 -12.20932388305664
vertex 77.28645324707031 -52.091957092285156 -13.2160005569458
vertex 77.8707504272461 -53.19999694824219 -12.174271583557129
endloop
endfacet
facet normal 0.2575362160488733 -0.6167326060847742 -0.7438521291326059
outer loop
vertex 110.7922134399414 -52.78902053833008 -12.15767765045166
vertex 110.7922134399414 -52.67417907714844 -12.252893447875977
vertex 110.83006286621094 -52.754146575927734 -12.173487663269043
endloop
endfacet
facet normal 0.25756602631733483 -0.616734400587826 -0.74384031970489
outer loop
vertex 109.55204772949219 -52.03450393676758 -13.212688446044922
vertex 110.25514221191406 -51.75996398925781 -13.196858406066895
vertex 110.7922134399414 -52.67417907714844 -12.252893447875977
endloop
endfacet
facet normal 0.2620393328469667 -0.6419809819511159 -0.7205524317176354
outer loop
vertex 109.73971557617188 -53.08515548706055 -12.276590347290039
vertex 110.7922134399414 -52.78902053833008 -12.15767765045166
vertex 109.73971557617188 -53.19999694824219 -12.174271583557129
endloop
endfacet
facet normal 0.25757344621683753 -0.6167262722305976 -0.7438444897588021
outer loop
vertex 110.7922134399414 -52.78902053833008 -12.15767765045166
vertex 109.55204772949219 -52.03450393676758 -13.212688446044922
vertex 110.7922134399414 -52.67417907714844 -12.252893447875977
endloop
endfacet
facet normal 0.25756665870806117 -0.6167329607713145 -0.7438412945112778
outer loop
vertex 109.73971557617188 -53.08515548706055 -12.276590347290039
vertex 109.55204772949219 -52.03450393676758 -13.212688446044922
vertex 110.7922134399414 -52.78902053833008 -12.15767765045166
endloop
endfacet
facet normal 0.47958994588567266 -0.4780457085981741 -0.735843586841828
outer loop
vertex 110.7922134399414 -52.67417907714844 -12.252893447875977
vertex 110.25514221191406 -51.75996398925781 -13.196858406066895
vertex 113.58782958984375 -50.09816360473633 -12.104361534118652
endloop
endfacet
facet normal 0.4795894748039099 -0.47804370724576184 -0.7358451940592112
outer loop
vertex 113.58782958984375 -50.09816360473633 -12.104361534118652
vertex 110.25514221191406 -51.75996398925781 -13.196858406066895
vertex 112.76009368896484 -49.45177459716797 -13.063769340515137
endloop
endfacet
facet normal 0.4792289026601345 -0.4784432413918837 -0.7358204425140626
outer loop
vertex 110.83006286621094 -52.754146575927734 -12.173487663269043
vertex 113.58782958984375 -50.09816360473633 -12.104361534118652
vertex 113.62334442138672 -50.13212966918945 -12.0591459274292
endloop
endfacet
facet normal 0.4879481565543439 -0.4878083536380693 -0.723843634106244
outer loop
vertex 110.7922134399414 -52.67417907714844 -12.252893447875977
vertex 113.58782958984375 -50.09816360473633 -12.104361534118652
vertex 110.83006286621094 -52.754146575927734 -12.173487663269043
endloop
endfacet
facet normal 0.47872389756050676 -0.4778748216256599 -0.7365182175348559
outer loop
vertex 110.83006286621094 -52.754146575927734 -12.173487663269043
vertex 113.62334442138672 -50.13212966918945 -12.0591459274292
vertex 113.58782958984375 -50.21300506591797 -12.029755592346191
endloop
endfacet
facet normal 0.6475895620805668 -0.24277564379277494 -0.7222795482812062
outer loop
vertex 113.58782958984375 -50.09816360473633 -12.104361534118652
vertex 112.76009368896484 -49.45177459716797 -13.063769340515137
vertex 114.092529296875 -49.063873291015625 -11.999502182006836
endloop
endfacet
facet normal 0.647588103414755 -0.24277481166727147 -0.7222811358021206
outer loop
vertex 112.76009368896484 -49.45177459716797 -13.063769340515137
vertex 113.0978012084961 -48.682861328125 -13.019433975219727
vertex 114.09269714355469 -48.9490966796875 -12.037935256958008
endloop
endfacet
facet normal 0.6475898866588967 -0.24280025649796963 -0.7222709838707612
outer loop
vertex 114.092529296875 -49.063873291015625 -11.999502182006836
vertex 112.76009368896484 -49.45177459716797 -13.063769340515137
vertex 114.09269714355469 -48.9490966796875 -12.037935256958008
endloop
endfacet
facet normal 0.6608299670212484 -0.2507438757453595 -0.7074116647772297
outer loop
vertex 113.58782958984375 -50.09816360473633 -12.104361534118652
vertex 114.092529296875 -49.063873291015625 -11.999502182006836
vertex 113.62334442138672 -50.13212966918945 -12.0591459274292
endloop
endfacet
facet normal 0.7071057419996919 0.03969723921064616 -0.7059926336939485
outer loop
vertex 114.2008056640625 26.736543655395508 -7.6739349365234375
vertex 113.0978012084961 -48.682861328125 -13.019433975219727
vertex 113.20551300048828 26.723508834838867 -8.671529769897461
endloop
endfacet
facet normal 0.7071072676650149 0.039697109111106556 -0.7059911129352395
outer loop
vertex 114.09269714355469 -48.9490966796875 -12.037935256958008
vertex 113.0978012084961 -48.682861328125 -13.019433975219727
vertex 114.2008056640625 26.736543655395508 -7.6739349365234375
endloop
endfacet
facet normal 0.7071063467500373 0.03967978815619813 -0.7059930090289104
outer loop
vertex 114.2008056640625 26.736543655395508 -7.6739349365234375
vertex 113.20551300048828 26.723508834838867 -8.671529769897461
vertex 114.15798950195312 26.846433639526367 -7.710642337799072
endloop
endfacet
facet normal 0.6589984085930766 0.2966364932070945 -0.6911786226219602
outer loop
vertex 113.20551300048828 26.723508834838867 -8.671529769897461
vertex 112.93045806884766 27.429397583007812 -8.630828857421875
vertex 113.71943664550781 27.86773681640625 -7.690459728240967
endloop
endfacet
facet normal 0.6589992203150746 0.296634351145313 -0.6911787680077585
outer loop
vertex 114.15798950195312 26.846433639526367 -7.710642337799072
vertex 113.20551300048828 26.723508834838867 -8.671529769897461
vertex 113.78977966308594 27.791400909423828 -7.656156063079834
endloop
endfacet
facet normal 0.6589861607244838 0.29664783355791396 -0.6911854330199683
outer loop
vertex 113.78977966308594 27.791400909423828 -7.656156063079834
vertex 113.20551300048828 26.723508834838867 -8.671529769897461
vertex 113.71943664550781 27.86773681640625 -7.690459728240967
endloop
endfacet
facet normal 0.5204012346416669 0.5186390762219786 -0.6783775229170269
outer loop
vertex 113.71943664550781 27.86773681640625 -7.690459728240967
vertex 112.93045806884766 27.429397583007812 -8.630828857421875
vertex 111.22562408447266 30.574134826660156 -7.534409999847412
endloop
endfacet
facet normal 0.5204010836917868 0.5186390434872437 -0.6783776637412605
outer loop
vertex 111.22562408447266 30.574134826660156 -7.534409999847412
vertex 112.93045806884766 27.429397583007812 -8.630828857421875
vertex 111.16706848144531 30.600688934326172 -7.559028148651123
endloop
endfacet
facet normal 0.520403989715989 0.5186397288506412 -0.6783749104628015
outer loop
vertex 112.93045806884766 27.429397583007812 -8.630828857421875
vertex 110.68391418457031 29.86745834350586 -8.490250587463379
vertex 111.16706848144531 30.600688934326172 -7.559028148651123
endloop
endfacet
facet normal 0.20020706865199409 0.7193856037809498 -0.6651326805491473
outer loop
vertex 110.68391418457031 29.86745834350586 -8.490250587463379
vertex 109.43760681152344 30.233840942382812 -8.469125747680664
vertex 109.69506072998047 31.087749481201172 -7.468071937561035
endloop
endfacet
facet normal 0.20678676031333773 0.7212915802555229 -0.6610428821276307
outer loop
vertex 110.68391418457031 29.86745834350586 -8.490250587463379
vertex 109.69506072998047 31.087749481201172 -7.468071937561035
vertex 110.11650085449219 31.07710838317871 -7.347848415374756
endloop
endfacet
facet normal 0.19247349911247605 0.7199833293203016 -0.6667667940444048
outer loop
vertex 111.16706848144531 30.600688934326172 -7.559028148651123
vertex 110.68391418457031 29.86745834350586 -8.490250587463379
vertex 110.11650085449219 31.07710838317871 -7.347848415374756
endloop
endfacet
facet normal 0.40217138452450263 0.6194722844788184 -0.6741752489021224
outer loop
vertex 109.04405975341797 31.32985496520996 -7.513070106506348
vertex 108.53012084960938 30.649089813232422 -8.445181846618652
vertex 108.33372497558594 31.826873779296875 -7.480121612548828
endloop
endfacet
facet normal 0.4058331315940426 0.6187938779293627 -0.6726021156209024
outer loop
vertex 107.81967163085938 31.146188735961914 -8.416520118713379
vertex 108.33372497558594 31.826873779296875 -7.480121612548828
vertex 108.53012084960938 30.649089813232422 -8.445181846618652
endloop
endfacet
facet normal 0.20575331894672202 0.7177719427301953 -0.6651834408429976
outer loop
vertex 109.43760681152344 30.233840942382812 -8.469125747680664
vertex 109.10292053222656 30.33519744873047 -8.46328067779541
vertex 109.43880462646484 31.094219207763672 -7.540356636047363
endloop
endfacet
facet normal 0.3341485341102693 0.66467605604182 -0.6682443398014304
outer loop
vertex 109.43880462646484 31.094219207763672 -7.540356636047363
vertex 109.10292053222656 30.33519744873047 -8.46328067779541
vertex 109.37865447998047 31.095739364624023 -7.56892204284668
endloop
endfacet
facet normal 0.20575641708428377 0.7177714628745605 -0.6651830003176206
outer loop
vertex 109.43880462646484 31.094219207763672 -7.540356636047363
vertex 109.69506072998047 31.087749481201172 -7.468071937561035
vertex 109.43760681152344 30.233840942382812 -8.469125747680664
endloop
endfacet
facet normal 0.3454830611621055 0.6542545447567475 -0.6727499127574837
outer loop
vertex 109.37865447998047 31.095739364624023 -7.56892204284668
vertex 108.58512115478516 30.611509323120117 -8.447349548339844
vertex 109.04405975341797 31.32985496520996 -7.513070106506348
endloop
endfacet
facet normal 0.3984641352907074 0.6220435011966514 -0.674009061887183
outer loop
vertex 108.58512115478516 30.611509323120117 -8.447349548339844
vertex 108.53012084960938 30.649089813232422 -8.445181846618652
vertex 109.04405975341797 31.32985496520996 -7.513070106506348
endloop
endfacet
facet normal 0.33413300786845546 0.6646828582428577 -0.6682453374404372
outer loop
vertex 109.10292053222656 30.33519744873047 -8.46328067779541
vertex 108.58512115478516 30.611509323120117 -8.447349548339844
vertex 109.37865447998047 31.095739364624023 -7.56892204284668
endloop
endfacet
facet normal 0.657117022784937 0.300869708779339 -0.6911400991877812
outer loop
vertex 106.75564575195312 32.5029411315918 -8.338290214538574
vertex 106.17596435546875 33.96229553222656 -8.254143714904785
vertex 106.96246337890625 34.40398406982422 -7.314084529876709
endloop
endfacet
facet normal 0.6592330980327962 0.3007600528218743 -0.689169872444135
outer loop
vertex 107.63691711425781 32.79408645629883 -7.37150239944458
vertex 106.96246337890625 34.40398406982422 -7.314084529876709
vertex 107.03305053710938 34.328208923339844 -7.279632568359375
endloop
endfacet
facet normal 0.6581498909801536 0.30034952384750657 -0.6903831432816042
outer loop
vertex 107.63691711425781 32.79408645629883 -7.37150239944458
vertex 106.75564575195312 32.5029411315918 -8.338290214538574
vertex 106.96246337890625 34.40398406982422 -7.314084529876709
endloop
endfacet
facet normal 0.5479202922777536 0.48952250024507094 -0.6783443631844195
outer loop
vertex 107.42081451416016 31.48046112060547 -8.397245407104492
vertex 107.04834747314453 31.933565139770508 -8.371119499206543
vertex 107.89749145507812 32.132102966308594 -7.541965484619141
endloop
endfacet
facet normal 0.6251155758589446 0.37418294857747403 -0.6849946261193642
outer loop
vertex 107.04834747314453 31.933565139770508 -8.371119499206543
vertex 106.77157592773438 32.45050811767578 -8.341313362121582
vertex 107.650634765625 32.759246826171875 -7.370447158813477
endloop
endfacet
facet normal 0.6782987321247905 0.2460013818561475 -0.6923829504853275
outer loop
vertex 106.77157592773438 32.45050811767578 -8.341313362121582
vertex 106.75564575195312 32.5029411315918 -8.338290214538574
vertex 107.63691711425781 32.79408645629883 -7.37150239944458
endloop
endfacet
facet normal 0.5479226020287937 0.4895203749543626 -0.6783440312190684
outer loop
vertex 108.03021240234375 32.03923797607422 -7.501777172088623
vertex 107.42081451416016 31.48046112060547 -8.397245407104492
vertex 107.89749145507812 32.132102966308594 -7.541965484619141
endloop
endfacet
facet normal 0.4554949719363641 0.5823319725863186 -0.6733600851286166
outer loop
vertex 108.33372497558594 31.826873779296875 -7.480121612548828
vertex 107.81967163085938 31.146188735961914 -8.416520118713379
vertex 108.03021240234375 32.03923797607422 -7.501777172088623
endloop
endfacet
facet normal 0.5479198372437648 0.48952336754115167 -0.6783441048508764
outer loop
vertex 107.89749145507812 32.132102966308594 -7.541965484619141
vertex 107.04834747314453 31.933565139770508 -8.371119499206543
vertex 107.79899597167969 32.38233184814453 -7.44094705581665
endloop
endfacet
facet normal 0.6251159562872682 0.3741825284569101 -0.6849945084397742
outer loop
vertex 107.79899597167969 32.38233184814453 -7.44094705581665
vertex 107.04834747314453 31.933565139770508 -8.371119499206543
vertex 107.650634765625 32.759246826171875 -7.370447158813477
endloop
endfacet
facet normal 0.6782661974871012 0.2460872037957682 -0.6923843249773701
outer loop
vertex 107.650634765625 32.759246826171875 -7.370447158813477
vertex 106.77157592773438 32.45050811767578 -8.341313362121582
vertex 107.63691711425781 32.79408645629883 -7.37150239944458
endloop
endfacet
facet normal 0.4554972355011131 0.5823308579339042 -0.6733595179016977
outer loop
vertex 107.81967163085938 31.146188735961914 -8.416520118713379
vertex 107.42081451416016 31.48046112060547 -8.397245407104492
vertex 108.03021240234375 32.03923797607422 -7.501777172088623
endloop
endfacet
facet normal 0.5218557999028981 0.5185251757316832 -0.6773464152412215
outer loop
vertex 105.32392883300781 34.889652252197266 -8.20067310333252
vertex 105.98599243164062 35.45217514038086 -7.259966850280762
vertex 106.17596435546875 33.96229553222656 -8.254143714904785
endloop
endfacet
facet normal 0.5196127139383729 0.5190968620240071 -0.6786317671244306
outer loop
vertex 106.96246337890625 34.40398406982422 -7.314084529876709
vertex 106.17596435546875 33.96229553222656 -8.254143714904785
vertex 105.98599243164062 35.45217514038086 -7.259966850280762
endloop
endfacet
facet normal 0.6568731677089784 0.3030664561387248 -0.6904117356385875
outer loop
vertex 104.5936050415039 36.15860366821289 -8.1275053024292
vertex 105.4735336303711 36.455467224121094 -7.160008907318115
vertex 104.73309326171875 35.81055450439453 -8.147574424743652
endloop
endfacet
facet normal 0.6568741412351065 0.3030649395135959 -0.6904114751467142
outer loop
vertex 105.61302185058594 36.107418060302734 -7.180077075958252
vertex 104.73309326171875 35.81055450439453 -8.147574424743652
vertex 105.4735336303711 36.455467224121094 -7.160008907318115
endloop
endfacet
facet normal 0.5479119665299981 0.4895296949513716 -0.6783458960545478
outer loop
vertex 105.32392883300781 34.889652252197266 -8.20067310333252
vertex 105.79229736328125 35.660091400146484 -7.266374588012695
vertex 105.98599243164062 35.45217514038086 -7.259966850280762
endloop
endfacet
facet normal 0.6268177455513598 0.36667054989674563 -0.6874970703212697
outer loop
vertex 105.7728271484375 35.70867919921875 -7.247040271759033
vertex 104.74365234375 35.77580642700195 -8.149577140808105
vertex 105.61302185058594 36.107418060302734 -7.180077075958252
endloop
endfacet
facet normal 0.678289264618538 0.24602117795979195 -0.6923851915650125
outer loop
vertex 104.74365234375 35.77580642700195 -8.149577140808105
vertex 104.73309326171875 35.81055450439453 -8.147574424743652
vertex 105.61302185058594 36.107418060302734 -7.180077075958252
endloop
endfacet
facet normal 0.5479354462339138 0.48950151782991075 -0.6783472641668536
outer loop
vertex 105.79229736328125 35.660091400146484 -7.266374588012695
vertex 105.02042388916016 35.25886535644531 -8.179384231567383
vertex 105.7728271484375 35.70867919921875 -7.247040271759033
endloop
endfacet
facet normal 0.6251138589755049 0.3741847085833101 -0.6849952315010491
outer loop
vertex 105.02042388916016 35.25886535644531 -8.179384231567383
vertex 104.74365234375 35.77580642700195 -8.149577140808105
vertex 105.7728271484375 35.70867919921875 -7.247040271759033
endloop
endfacet
facet normal 0.5479210677356745 0.48952199009163844 -0.6783441049704199
outer loop
vertex 105.32392883300781 34.889652252197266 -8.20067310333252
vertex 105.02042388916016 35.25886535644531 -8.179384231567383
vertex 105.79229736328125 35.660091400146484 -7.266374588012695
endloop
endfacet
facet normal 0.707056671499407 0.04937793512696346 -0.7054308490637313
outer loop
vertex 105.19290924072266 51.517147064208984 -6.246688365936279
vertex 104.20023345947266 51.49399185180664 -7.24327278137207
vertex 105.1494369506836 51.62649154663086 -6.282607078552246
endloop
endfacet
facet normal 0.7074523188828026 0.04950288833342872 -0.7050253049033015
outer loop
vertex 105.36993408203125 37.186397552490234 -7.075278282165527
vertex 104.37981414794922 37.23127365112305 -8.065655708312988
vertex 105.19290924072266 51.517147064208984 -6.246688365936279
endloop
endfacet
facet normal 0.7070473711832846 0.04957698210607302 -0.7054262099951069
outer loop
vertex 105.19290924072266 51.517147064208984 -6.246688365936279
vertex 104.37981414794922 37.23127365112305 -8.065655708312988
vertex 104.20023345947266 51.49399185180664 -7.24327278137207
endloop
endfacet
facet normal 0.6782903323169632 0.24601927283239527 -0.6923848225375561
outer loop
vertex 104.5936050415039 36.15860366821289 -8.1275053024292
vertex 104.43373107910156 36.68476867675781 -8.097167015075684
vertex 105.3759536743164 36.698944091796875 -7.169087886810303
endloop
endfacet
facet normal 0.7053966691908176 0.10996788898068785 -0.7002303924335413
outer loop
vertex 104.43373107910156 36.68476867675781 -8.097167015075684
vertex 104.37981414794922 37.23127365112305 -8.065655708312988
vertex 105.36993408203125 37.186397552490234 -7.075278282165527
endloop
endfacet
facet normal 0.6782879165803861 0.24602399316807907 -0.6923855118405297
outer loop
vertex 105.4735336303711 36.455467224121094 -7.160008907318115
vertex 104.5936050415039 36.15860366821289 -8.1275053024292
vertex 105.3759536743164 36.698944091796875 -7.169087886810303
endloop
endfacet
facet normal 0.6782916314399239 0.24601227966629738 -0.6923860346453832
outer loop
vertex 105.3759536743164 36.698944091796875 -7.169087886810303
vertex 104.43373107910156 36.68476867675781 -8.097167015075684
vertex 105.37450408935547 36.816375732421875 -7.128783226013184
endloop
endfacet
facet normal 0.7053976585242935 0.10996495190529612 -0.7002298570476055
outer loop
vertex 105.37450408935547 36.816375732421875 -7.128783226013184
vertex 104.43373107910156 36.68476867675781 -8.097167015075684
vertex 105.36993408203125 37.186397552490234 -7.075278282165527
endloop
endfacet
facet normal 0.6572199505541524 0.3011576053711 -0.690916806367266
outer loop
vertex 104.20023345947266 51.49399185180664 -7.24327278137207
vertex 103.92561340332031 52.184661865234375 -7.203449249267578
vertex 104.71238708496094 52.625389099121094 -6.262942790985107
endloop
endfacet
facet normal 0.6572463122997206 0.30113317153504143 -0.6909023794789431
outer loop
vertex 104.78252410888672 52.54926681518555 -6.229400634765625
vertex 104.20023345947266 51.49399185180664 -7.24327278137207
vertex 104.71238708496094 52.625389099121094 -6.262942790985107
endloop
endfacet
facet normal 0.6572197753120842 0.3011605868276173 -0.6909156734945147
outer loop
vertex 105.1494369506836 51.62649154663086 -6.282607078552246
vertex 104.20023345947266 51.49399185180664 -7.24327278137207
vertex 104.78252410888672 52.54926681518555 -6.229400634765625
endloop
endfacet
facet normal 0.520402198448499 0.5186402286420619 -0.6783759024936535
outer loop
vertex 103.92561340332031 52.184661865234375 -7.203449249267578
vertex 101.6217041015625 54.684967041015625 -7.059282302856445
vertex 102.14662170410156 55.366981506347656 -6.135180473327637
endloop
endfacet
facet normal 0.5203898469583136 0.5186372650896101 -0.6783876431975102
outer loop
vertex 103.92561340332031 52.184661865234375 -7.203449249267578
vertex 102.14662170410156 55.366981506347656 -6.135180473327637
vertex 102.2130126953125 55.33782196044922 -6.1065449714660645
endloop
endfacet
facet normal 0.5204019720918592 0.518639911239754 -0.6783763188025684
outer loop
vertex 104.71238708496094 52.625389099121094 -6.262942790985107
vertex 103.92561340332031 52.184661865234375 -7.203449249267578
vertex 102.2130126953125 55.33782196044922 -6.1065449714660645
endloop
endfacet
facet normal 0.2847506380234253 0.6868720632414553 -0.6686731958764897
outer loop
vertex 102.14662170410156 55.366981506347656 -6.135180473327637
vertex 101.5711898803711 55.28742599487305 -6.461945533752441
vertex 101.6635971069336 55.46031188964844 -6.2450032234191895
endloop
endfacet
facet normal 0.2847533810648477 0.686867342443873 -0.6686768770162678
outer loop
vertex 102.14662170410156 55.366981506347656 -6.135180473327637
vertex 101.6217041015625 54.684967041015625 -7.059282302856445
vertex 101.5711898803711 55.28742599487305 -6.461945533752441
endloop
endfacet
facet normal 0.2847349487469341 0.6868704323224812 -0.6686815521331575
outer loop
vertex 101.6217041015625 54.684967041015625 -7.059282302856445
vertex 101.44682312011719 55.135887145996094 -6.670563697814941
vertex 101.5711898803711 55.28742599487305 -6.461945533752441
endloop
endfacet
facet normal 0.2847483828705762 0.6868705801231194 -0.6686756796937668
outer loop
vertex 101.2952880859375 55.01152420043945 -6.862840175628662
vertex 101.44682312011719 55.135887145996094 -6.670563697814941
vertex 101.6217041015625 54.684967041015625 -7.059282302856445
endloop
endfacet
facet normal 0.28475058993118757 0.6868733710873752 -0.6686718729129448
outer loop
vertex 102.14662170410156 55.366981506347656 -6.135180473327637
vertex 101.6635971069336 55.46031188964844 -6.2450032234191895
vertex 101.69540405273438 55.565162658691406 -6.123753547668457
endloop
endfacet
facet normal 0.28475427598426095 0.6868732878657835 -0.6686703887006868
outer loop
vertex 101.6217041015625 54.684967041015625 -7.059282302856445
vertex 101.10240936279297 54.91305160522461 -7.046131134033203
vertex 101.2952880859375 55.01152420043945 -6.862840175628662
endloop
endfacet
facet normal 0.001133363540860333 0.7466381619439741 -0.665229412019649
outer loop
vertex 100.18415069580078 55.01152420043945 -7.04045295715332
vertex 28.443973541259766 55.126319885253906 -7.033833980560303
vertex 28.44523048400879 55.946998596191406 -6.112720966339111
endloop
endfacet
facet normal 0.0010189452918512398 0.7466363694906586 -0.6652316089185037
outer loop
vertex 99.7589340209961 55.64790344238281 -6.339184284210205
vertex 28.44523048400879 55.946998596191406 -6.112720966339111
vertex 99.73986053466797 55.84443283081055 -6.1186347007751465
endloop
endfacet
facet normal 0.00027424954041160876 0.7146869403718438 -0.6994444238458994
outer loop
vertex 100.18415069580078 55.01152420043945 -7.04045295715332
vertex 28.44523048400879 55.946998596191406 -6.112720966339111
vertex 100.03260803222656 55.135887145996094 -6.9134392738342285
endloop
endfacet
facet normal 0.001018838097241419 0.7466327241823587 -0.6652357004468126
outer loop
vertex 100.03260803222656 55.135887145996094 -6.9134392738342285
vertex 28.44523048400879 55.946998596191406 -6.112720966339111
vertex 99.90824890136719 55.28742599487305 -6.74354887008667
endloop
endfacet
facet normal 0.0010189578389003518 0.746638981144364 -0.6652286776444838
outer loop
vertex 99.90824890136719 55.28742599487305 -6.74354887008667
vertex 28.44523048400879 55.946998596191406 -6.112720966339111
vertex 99.81583404541016 55.46031188964844 -6.549646854400635
endloop
endfacet
facet normal 0.0010189756440588326 0.7466402817005108 -0.6652272178968768
outer loop
vertex 99.81583404541016 55.46031188964844 -6.549646854400635
vertex 28.44523048400879 55.946998596191406 -6.112720966339111
vertex 99.7589340209961 55.64790344238281 -6.339184284210205
endloop
endfacet
facet normal 0.26072632749481534 0.6969337969663693 -0.6680606744878087
outer loop
vertex 27.696855545043945 56.092777252197266 -6.095834732055664
vertex 27.383798599243164 55.3215446472168 -7.022577285766602
vertex 27.35582733154297 56.22223663330078 -6.093874454498291
endloop
endfacet
facet normal 0.25057473903722405 0.6987089958628807 -0.6700880832075078
outer loop
vertex 27.383798599243164 55.3215446472168 -7.022577285766602
vertex 27.04287338256836 55.450965881347656 -7.015114784240723
vertex 27.35582733154297 56.22223663330078 -6.093874454498291
endloop
endfacet
facet normal 0.0694727499967268 0.7448351433125482 -0.6636219905145309
outer loop
vertex 28.079483032226562 55.94752502441406 -6.150738716125488
vertex 27.863988876342773 55.18376922607422 -7.030521392822266
vertex 28.02967071533203 55.966434478759766 -6.134729862213135
endloop
endfacet
facet normal 0.19565339326563 0.7202863982506972 -0.6655127753835253
outer loop
vertex 27.863988876342773 55.18376922607422 -7.030521392822266
vertex 27.383798599243164 55.3215446472168 -7.022577285766602
vertex 27.696855545043945 56.092777252197266 -6.095834732055664
endloop
endfacet
facet normal 0.1956574976107593 0.720286168188506 -0.6655118177350533
outer loop
vertex 28.02967071533203 55.966434478759766 -6.134729862213135
vertex 27.863988876342773 55.18376922607422 -7.030521392822266
vertex 27.696855545043945 56.092777252197266 -6.095834732055664
endloop
endfacet
facet normal 0.06997894242700214 0.7447461306665718 -0.6636687038530353
outer loop
vertex 28.443973541259766 55.126319885253906 -7.033833980560303
vertex 27.863988876342773 55.18376922607422 -7.030521392822266
vertex 28.079483032226562 55.94752502441406 -6.150738716125488
endloop
endfacet
facet normal 0.07005506245112354 0.7447575273094958 -0.6636478838516813
outer loop
vertex 28.079483032226562 55.94752502441406 -6.150738716125488
vertex 28.44523048400879 55.946998596191406 -6.112720966339111
vertex 28.443973541259766 55.126319885253906 -7.033833980560303
endloop
endfacet
facet normal 0.4689137785973992 0.569091126340517 -0.6754666225373325
outer loop
vertex 26.12123680114746 56.007755279541016 -6.983010768890381
vertex 24.985754013061523 57.01209259033203 -6.925101280212402
vertex 25.449472427368164 57.726078033447266 -6.001640796661377
endloop
endfacet
facet normal 0.4688838559787075 0.569091237766228 -0.6754873001768733
outer loop
vertex 25.509592056274414 57.70323181152344 -5.979156970977783
vertex 26.12123680114746 56.007755279541016 -6.983010768890381
vertex 25.449472427368164 57.726078033447266 -6.001640796661377
endloop
endfacet
facet normal 0.46382662333115554 0.5692499711233516 -0.6788367505264292
outer loop
vertex 26.72085189819336 56.63187026977539 -6.049951553344727
vertex 26.12123680114746 56.007755279541016 -6.983010768890381
vertex 25.509592056274414 57.70323181152344 -5.979156970977783
endloop
endfacet
facet normal 0.4303056420912567 0.5977839104850103 -0.6763811431062229
outer loop
vertex 26.443418502807617 55.75965118408203 -6.997316360473633
vertex 26.12123680114746 56.007755279541016 -6.983010768890381
vertex 26.72085189819336 56.63187026977539 -6.049951553344727
endloop
endfacet
facet normal 0.26024317488146054 0.6949960943607704 -0.6702640664326953
outer loop
vertex 27.35582733154297 56.22223663330078 -6.093874454498291
vertex 27.04287338256836 55.450965881347656 -7.015114784240723
vertex 26.961219787597656 55.483341217041016 -7.013248443603516
endloop
endfacet
facet normal 0.33413113885617707 0.6646848454907269 -0.6682442953154502
outer loop
vertex 27.054759979248047 56.33652877807617 -6.117834091186523
vertex 27.297922134399414 56.24422073364258 -6.088066101074219
vertex 26.961219787597656 55.483341217041016 -7.013248443603516
endloop
endfacet
facet normal 0.20578008420562652 0.7177626816135126 -0.665185154545187
outer loop
vertex 27.35582733154297 56.22223663330078 -6.093874454498291
vertex 26.961219787597656 55.483341217041016 -7.013248443603516
vertex 27.297922134399414 56.24422073364258 -6.088066101074219
endloop
endfacet
facet normal 0.33412463903954776 0.6646888567050281 -0.6682435554188716
outer loop
vertex 27.054759979248047 56.33652877807617 -6.117834091186523
vertex 26.443418502807617 55.75965118408203 -6.997316360473633
vertex 26.93467140197754 56.442745208740234 -6.072227478027344
endloop
endfacet
facet normal 0.3341294587979549 0.6646853669543581 -0.668244616678755
outer loop
vertex 26.961219787597656 55.483341217041016 -7.013248443603516
vertex 26.443418502807617 55.75965118408203 -6.997316360473633
vertex 27.054759979248047 56.33652877807617 -6.117834091186523
endloop
endfacet
facet normal 0.44966779174306953 0.5876137590293007 -0.6726878527730127
outer loop
vertex 26.72085189819336 56.63187026977539 -6.049951553344727
vertex 26.93467140197754 56.442745208740234 -6.072227478027344
vertex 26.443418502807617 55.75965118408203 -6.997316360473633
endloop
endfacet
facet normal 0.2515859272854214 0.7004458269025704 -0.6678923302200055
outer loop
vertex 24.985754013061523 57.01209259033203 -6.925101280212402
vertex 24.302106857299805 57.27193069458008 -6.91011905670166
vertex 24.46348762512207 58.09225082397461 -5.989026069641113
endloop
endfacet
facet normal 0.2515848987351848 0.7004457422680672 -0.6678928064195206
outer loop
vertex 25.449472427368164 57.726078033447266 -6.001640796661377
vertex 24.985754013061523 57.01209259033203 -6.925101280212402
vertex 24.46348762512207 58.09225082397461 -5.989026069641113
endloop
endfacet
facet normal 0.0015855133509010673 0.7466376820064932 -0.6652290266933524
outer loop
vertex 24.302106857299805 57.27193069458008 -6.91011905670166
vertex -24.215866088867188 58.20122146606445 -5.982742786407471
vertex 24.46348762512207 58.09225082397461 -5.989026069641113
endloop
endfacet
facet normal 0.0015854573517319272 0.7466363030066775 -0.6652305745811048
outer loop
vertex -24.215866088867188 58.20122146606445 -5.982742786407471
vertex 24.302106857299805 57.27193069458008 -6.91011905670166
vertex -24.05155372619629 57.38016891479492 -6.9038777351379395
endloop
endfacet
facet normal -0.2586263835504267 0.6977254346254986 -0.6680506055743731
outer loop
vertex -24.05155372619629 57.38016891479492 -6.9038777351379395
vertex -25.24019432067871 57.80846405029297 -5.996392250061035
vertex -24.215866088867188 58.20122146606445 -5.982742786407471
endloop
endfacet
facet normal -0.25862708671218165 0.6977246477281259 -0.6680511552055218
outer loop
vertex -24.761634826660156 57.10158157348633 -6.919940948486328
vertex -25.24019432067871 57.80846405029297 -5.996392250061035
vertex -24.05155372619629 57.38016891479492 -6.9038777351379395
endloop
endfacet
facet normal -0.48084779630481844 0.5552890162368179 -0.678556928514879
outer loop
vertex -25.660642623901367 56.26408386230469 -6.968230724334717
vertex -26.27910614013672 56.873924255371094 -6.030911445617676
vertex -24.761634826660156 57.10158157348633 -6.919940948486328
endloop
endfacet
facet normal -0.48239614600642633 0.5568482092697892 -0.6761760348837982
outer loop
vertex -25.24019432067871 57.80846405029297 -5.996392250061035
vertex -24.761634826660156 57.10158157348633 -6.919940948486328
vertex -25.30193328857422 57.784244537353516 -5.972291946411133
endloop
endfacet
facet normal -0.4800205495967845 0.5588186617196497 -0.6762410629935605
outer loop
vertex -24.761634826660156 57.10158157348633 -6.919940948486328
vertex -26.27910614013672 56.873924255371094 -6.030911445617676
vertex -25.30193328857422 57.784244537353516 -5.972291946411133
endloop
endfacet
facet normal -0.26506729052474676 0.693932630065664 -0.6694750454079823
outer loop
vertex -26.926027297973633 56.43751525878906 -6.078526973724365
vertex -26.601686477661133 55.670013427734375 -7.0024847984313965
vertex -27.277070999145508 56.298797607421875 -6.083322525024414
endloop
endfacet
facet normal -0.26024052436480394 0.6970893017127056 -0.6680878496994422
outer loop
vertex -26.952669143676758 55.53131866455078 -7.010481834411621
vertex -27.277070999145508 56.298797607421875 -6.083322525024414
vertex -26.601686477661133 55.670013427734375 -7.0024847984313965
endloop
endfacet
facet normal -0.4496615264351834 0.587617740379737 -0.6726885630326958
outer loop
vertex -26.27910614013672 56.873924255371094 -6.030911445617676
vertex -26.040016174316406 55.96406173706055 -6.985529899597168
vertex -26.52776527404785 56.64228057861328 -6.067043304443359
endloop
endfacet
facet normal -0.33413105249174885 0.6646848268108548 -0.66824435707919
outer loop
vertex -26.616104125976562 56.55998611450195 -6.104729652404785
vertex -26.557817459106445 55.68775177001953 -7.001461982727051
vertex -26.895023345947266 56.44976806640625 -6.074897289276123
endloop
endfacet
facet normal -0.20500390571966035 0.7163149326521728 -0.666982995209921
outer loop
vertex -26.895023345947266 56.44976806640625 -6.074897289276123
vertex -26.601686477661133 55.670013427734375 -7.0024847984313965
vertex -26.926027297973633 56.43751525878906 -6.078526973724365
endloop
endfacet
facet normal -0.2654500515269303 0.6950184090914149 -0.6681958404303252
outer loop
vertex -26.557817459106445 55.68775177001953 -7.001461982727051
vertex -26.601686477661133 55.670013427734375 -7.0024847984313965
vertex -26.895023345947266 56.44976806640625 -6.074897289276123
endloop
endfacet
facet normal -0.3341294182297196 0.6646852961599024 -0.6682447073806811
outer loop
vertex -26.557817459106445 55.68775177001953 -7.001461982727051
vertex -26.616104125976562 56.55998611450195 -6.104729652404785
vertex -26.040016174316406 55.96406173706055 -6.985529899597168
endloop
endfacet
facet normal -0.43836192982496475 0.5932346969967839 -0.6752121242685638
outer loop
vertex -25.660642623901367 56.26408386230469 -6.968230724334717
vertex -26.040016174316406 55.96406173706055 -6.985529899597168
vertex -26.27910614013672 56.873924255371094 -6.030911445617676
endloop
endfacet
facet normal -0.33412684597751763 0.6646870723979272 -0.6682442267496136
outer loop
vertex -26.040016174316406 55.96406173706055 -6.985529899597168
vertex -26.616104125976562 56.55998611450195 -6.104729652404785
vertex -26.52776527404785 56.64228057861328 -6.067043304443359
endloop
endfacet
facet normal -0.0018867351650075324 0.7466316483649231 -0.6652350125258705
outer loop
vertex -28.046953201293945 55.32146072387695 -7.022582054138184
vertex -100.1386947631836 55.441566467285156 -6.683314323425293
vertex -100.081787109375 55.6291618347168 -6.472926616668701
endloop
endfacet
facet normal -0.0018866977411937853 0.7466370347600377 -0.6652289671206235
outer loop
vertex -28.046953201293945 55.32146072387695 -7.022582054138184
vertex -100.2311019897461 55.268680572509766 -6.8770952224731445
vertex -100.1386947631836 55.441566467285156 -6.683314323425293
endloop
endfacet
facet normal -0.0018867782749864787 0.746632242023438 -0.665234346105788
outer loop
vertex -100.06256866455078 55.824249267578125 -6.254017353057861
vertex -100.07498168945312 55.950279235839844 -6.1125311851501465
vertex -28.046953201293945 55.32146072387695 -7.022582054138184
endloop
endfacet
facet normal -0.001886621216180026 0.7466405260310501 -0.6652250487981218
outer loop
vertex -28.046953201293945 55.32146072387695 -7.022582054138184
vertex -100.081787109375 55.6291618347168 -6.472926616668701
vertex -100.06256866455078 55.824249267578125 -6.254017353057861
endloop
endfacet
facet normal -0.0018867300141600404 0.7466343485569018 -0.6652319819467978
outer loop
vertex -28.046953201293945 55.32146072387695 -7.022582054138184
vertex -100.07498168945312 55.950279235839844 -6.1125311851501465
vertex -28.049280166625977 56.14214324951172 -6.101468563079834
endloop
endfacet
facet normal -0.0018867011213282603 0.746634826878304 -0.6652314451762513
outer loop
vertex -28.046953201293945 55.32146072387695 -7.022582054138184
vertex -100.34584045410156 55.12887191772461 -7.033686637878418
vertex -100.2311019897461 55.268680572509766 -6.8770952224731445
endloop
endfacet
facet normal -0.20031683090781016 0.7191359018781515 -0.6653696129858573
outer loop
vertex -27.277070999145508 56.298797607421875 -6.083322525024414
vertex -27.470643997192383 55.37890625 -7.019269943237305
vertex -27.635398864746094 56.15719985961914 -6.128483772277832
endloop
endfacet
facet normal -0.06947944859953462 0.7448335447344848 -0.6636230834295674
outer loop
vertex -27.67095375061035 56.143150329589844 -6.140530109405518
vertex -27.635398864746094 56.15719985961914 -6.128483772277832
vertex -27.470643997192383 55.37890625 -7.019269943237305
endloop
endfacet
facet normal -0.07050892727298597 0.7446612219285637 -0.6637078843366796
outer loop
vertex -27.470643997192383 55.37890625 -7.019269943237305
vertex -28.049280166625977 56.14214324951172 -6.101468563079834
vertex -27.67095375061035 56.143150329589844 -6.140530109405518
endloop
endfacet
facet normal -0.20031456867874503 0.7191360051851855 -0.6653701823957406
outer loop
vertex -26.952669143676758 55.53131866455078 -7.010481834411621
vertex -27.470643997192383 55.37890625 -7.019269943237305
vertex -27.277070999145508 56.298797607421875 -6.083322525024414
endloop
endfacet
facet normal -0.07041583808749739 0.7446963219407757 -0.6636783843356026
outer loop
vertex -27.470643997192383 55.37890625 -7.019269943237305
vertex -28.046953201293945 55.32146072387695 -7.022582054138184
vertex -28.049280166625977 56.14214324951172 -6.101468563079834
endloop
endfacet
facet normal -0.47958944479122656 0.5594532029014272 -0.6760222468293317
outer loop
vertex -101.26499938964844 54.8456916809082 -7.050014972686768
vertex -104.51214599609375 53.032745361328125 -6.246729850769043
vertex -101.44525146484375 54.90037155151367 -6.876887798309326
endloop
endfacet
facet normal -0.4795892759954039 0.5594526417528121 -0.6760228309650527
outer loop
vertex -103.75879669189453 52.547786712646484 -7.182511329650879
vertex -104.51214599609375 53.032745361328125 -6.246729850769043
vertex -101.26499938964844 54.8456916809082 -7.050014972686768
endloop
endfacet
facet normal -0.47958679964854745 0.5594462980361041 -0.6760298375194416
outer loop
vertex -101.44525146484375 54.90037155151367 -6.876887798309326
vertex -104.51214599609375 53.032745361328125 -6.246729850769043
vertex -101.6181411743164 54.99278259277344 -6.677762508392334
endloop
endfacet
facet normal -0.4795885545196725 0.5594504317122618 -0.676025171743401
outer loop
vertex -101.89404296875 55.268680572509766 -6.2537078857421875
vertex -104.51214599609375 53.032745361328125 -6.246729850769043
vertex -101.95726013183594 55.38694763183594 -6.110987186431885
endloop
endfacet
facet normal -0.4795901294560875 0.559452943368318 -0.676021975888964
outer loop
vertex -101.6181411743164 54.99278259277344 -6.677762508392334
vertex -104.51214599609375 53.032745361328125 -6.246729850769043
vertex -101.7696762084961 55.11714553833008 -6.467340469360352
endloop
endfacet
facet normal -0.4795882357711165 0.5594500568089787 -0.6760257081253481
outer loop
vertex -101.7696762084961 55.11714553833008 -6.467340469360352
vertex -104.51214599609375 53.032745361328125 -6.246729850769043
vertex -101.89404296875 55.268680572509766 -6.2537078857421875
endloop
endfacet
facet normal -0.6471095292251364 0.3252771263336226 -0.6895245088248588
outer loop
vertex -103.75879669189453 52.547786712646484 -7.182511329650879
vertex -105.04273986816406 51.92936706542969 -6.26928186416626
vertex -104.58588409423828 52.96479797363281 -6.2095794677734375
endloop
endfacet
facet normal -0.6471152993140251 0.3252656637212299 -0.6895245009408352
outer loop
vertex -104.51214599609375 53.032745361328125 -6.246729850769043
vertex -103.75879669189453 52.547786712646484 -7.182511329650879
vertex -104.58588409423828 52.96479797363281 -6.2095794677734375
endloop
endfacet
facet normal -0.6471089380510464 0.3252703801530715 -0.6895282460418306
outer loop
vertex -104.09637451171875 51.78267288208008 -7.226627349853516
vertex -105.04273986816406 51.92936706542969 -6.26928186416626
vertex -103.75879669189453 52.547786712646484 -7.182511329650879
endloop
endfacet
facet normal -0.7070984380740036 0.04406607966115134 -0.7057407310738141
outer loop
vertex -105.04273986816406 51.92936706542969 -6.26928186416626
vertex -104.09637451171875 51.78267288208008 -7.226627349853516
vertex -105.09040069580078 51.82134246826172 -6.228274345397949
endloop
endfacet
facet normal -0.7070984669009172 0.04408386029091901 -0.7057395917533771
outer loop
vertex -104.18195343017578 33.938419342041016 -8.255520820617676
vertex -105.1764144897461 33.88592529296875 -7.262423992156982
vertex -104.09637451171875 51.78267288208008 -7.226627349853516
endloop
endfacet
facet normal -0.7070975401566885 0.04408380622736583 -0.7057405236578586
outer loop
vertex -104.09637451171875 51.78267288208008 -7.226627349853516
vertex -105.1764144897461 33.88592529296875 -7.262423992156982
vertex -105.09040069580078 51.82134246826172 -6.228274345397949
endloop
endfacet
facet normal -0.4992155416043033 0.5406567624797617 -0.6771071615376878
outer loop
vertex -105.7046890258789 32.42593765258789 -7.431554317474365
vertex -105.06246948242188 31.83513069152832 -8.376795768737793
vertex -106.29084777832031 31.84258270263672 -7.465190410614014
endloop
endfacet
facet normal -0.4992155416043033 0.5406567624797617 -0.6771071615376878
outer loop
vertex -105.64862823486328 31.25177574157715 -8.410431861877441
vertex -106.29084777832031 31.84258270263672 -7.465190410614014
vertex -105.06246948242188 31.83513069152832 -8.376795768737793
endloop
endfacet
facet normal -0.6782888391891058 0.24602019852893287 -0.6923859563475272
outer loop
vertex -104.40990447998047 32.80849075317383 -8.320672035217285
vertex -105.18029022216797 33.079063415527344 -7.4698309898376465
vertex -104.23947143554688 33.36940383911133 -8.288330078125
endloop
endfacet
facet normal -0.6251170023736531 0.3741835028996915 -0.6849930214980987
outer loop
vertex -104.68667602539062 32.29154586791992 -8.350479125976562
vertex -105.18091583251953 32.947200775146484 -7.541284084320068
vertex -104.40990447998047 32.80849075317383 -8.320672035217285
endloop
endfacet
facet normal -0.5475860335972743 0.4899696876016617 -0.6782914130672264
outer loop
vertex -105.06246948242188 31.83513069152832 -8.376795768737793
vertex -105.40701293945312 32.722190856933594 -7.457869529724121
vertex -104.68667602539062 32.29154586791992 -8.350479125976562
endloop
endfacet
facet normal -0.5475883819568526 0.4899680425403333 -0.6782907055496705
outer loop
vertex -105.40701293945312 32.722190856933594 -7.457869529724121
vertex -105.06246948242188 31.83513069152832 -8.376795768737793
vertex -105.7046890258789 32.42593765258789 -7.431554317474365
endloop
endfacet
facet normal -0.6251095409714523 0.37419188199814096 -0.6849952534384084
outer loop
vertex -105.18091583251953 32.947200775146484 -7.541284084320068
vertex -104.68667602539062 32.29154586791992 -8.350479125976562
vertex -105.40701293945312 32.722190856933594 -7.457869529724121
endloop
endfacet
facet normal -0.7051461006582347 0.1116527902232909 -0.7002161317492197
outer loop
vertex -104.18195343017578 33.938419342041016 -8.255520820617676
vertex -104.23947143554688 33.36940383911133 -8.288330078125
vertex -105.17826843261719 33.500732421875 -7.321982383728027
endloop
endfacet
facet normal -0.625129688226498 0.37415018837945785 -0.6849996419221384
outer loop
vertex -105.18029022216797 33.079063415527344 -7.4698309898376465
vertex -104.40990447998047 32.80849075317383 -8.320672035217285
vertex -105.18091583251953 32.947200775146484 -7.541284084320068
endloop
endfacet
facet normal -0.6782888388542052 0.2460213862395741 -0.6923855346543374
outer loop
vertex -105.17826843261719 33.500732421875 -7.321982383728027
vertex -104.23947143554688 33.36940383911133 -8.288330078125
vertex -105.18029022216797 33.079063415527344 -7.4698309898376465
endloop
endfacet
facet normal -0.7051472796234206 0.11166069462146563 -0.7002136840396231
outer loop
vertex -105.17826843261719 33.500732421875 -7.321982383728027
vertex -105.1764144897461 33.88592529296875 -7.262423992156982
vertex -104.18195343017578 33.938419342041016 -8.255520820617676
endloop
endfacet
facet normal 0 0.7466380448697709 -0.66523050888624
outer loop
vertex -109.55204772949219 30.37932014465332 -8.460737228393555
vertex -109.7165756225586 31.200002670288086 -7.539623737335205
vertex -107.76310729980469 30.37932014465332 -8.460737228393555
endloop
endfacet
facet normal 0 0.7466380448697709 -0.6652305088862401
outer loop
vertex -107.76310729980469 30.37932014465332 -8.460737228393555
vertex -109.7165756225586 31.200002670288086 -7.539623737335205
vertex -107.76310729980469 31.200002670288086 -7.539623737335205
endloop
endfacet
facet normal -0.44921745829630716 0.5879477957742135 -0.6726968593698421
outer loop
vertex -105.64862823486328 31.25177574157715 -8.410431861877441
vertex -106.09915924072266 30.883237838745117 -8.431681632995605
vertex -106.58124542236328 31.553577423095703 -7.523863792419434
endloop
endfacet
facet normal -0.2057571129101836 0.7177712253003485 -0.6651830414387474
outer loop
vertex -107.1788101196289 30.4367733001709 -8.45742416381836
vertex -106.93651580810547 31.200002670288086 -7.708802700042725
vertex -106.61695861816406 30.60692596435547 -8.447613716125488
endloop
endfacet
facet normal -0.3341329210457863 0.6646848880389796 -0.66824336187202
outer loop
vertex -106.61695861816406 30.60692596435547 -8.447613716125488
vertex -106.89686584472656 31.239459991455078 -7.678489685058594
vertex -106.09915924072266 30.883237838745117 -8.431681632995605
endloop
endfacet
facet normal -0.20575772172360612 0.7177712294574352 -0.6651828486320682
outer loop
vertex -107.1788101196289 30.4367733001709 -8.45742416381836
vertex -107.34037017822266 31.200002670288086 -7.583880424499512
vertex -106.93651580810547 31.200002670288086 -7.708802700042725
endloop
endfacet
facet normal -0.20574628699857792 0.7177754930863429 -0.6651817848610679
outer loop
vertex -106.89686584472656 31.239459991455078 -7.678489685058594
vertex -106.61695861816406 30.60692596435547 -8.447613716125488
vertex -106.93651580810547 31.200002670288086 -7.708802700042725
endloop
endfacet
facet normal -0.33413592607247444 0.664681695664598 -0.6682450346662703
outer loop
vertex -106.58124542236328 31.553577423095703 -7.523863792419434
vertex -106.09915924072266 30.883237838745117 -8.431681632995605
vertex -106.89686584472656 31.239459991455078 -7.678489685058594
endloop
endfacet
facet normal -0.06947567034607513 0.7448340062751749 -0.6636229609695827
outer loop
vertex -107.76310729980469 30.37932014465332 -8.460737228393555
vertex -107.34037017822266 31.200002670288086 -7.583880424499512
vertex -107.1788101196289 30.4367733001709 -8.45742416381836
endloop
endfacet
facet normal -0.44921599305727444 0.5879498706587246 -0.6726960243482608
outer loop
vertex -106.29084777832031 31.84258270263672 -7.465190410614014
vertex -105.64862823486328 31.25177574157715 -8.410431861877441
vertex -106.58124542236328 31.553577423095703 -7.523863792419434
endloop
endfacet
facet normal -0.06947523247012968 0.7448339259858422 -0.6636230969260626
outer loop
vertex -107.34037017822266 31.200002670288086 -7.583880424499512
vertex -107.76310729980469 30.37932014465332 -8.460737228393555
vertex -107.76310729980469 31.200002670288086 -7.539623737335205
endloop
endfacet
facet normal -0.25756519500557384 0.6981408595243725 -0.6680265792498912
outer loop
vertex -110.25514221191406 30.104780197143555 -8.476567268371582
vertex -110.73080444335938 30.813007354736328 -7.553016662597656
vertex -109.55204772949219 30.37932014465332 -8.460737228393555
endloop
endfacet
facet normal -0.2575654484753522 0.6981405792078684 -0.668026774474641
outer loop
vertex -110.73080444335938 30.813007354736328 -7.553016662597656
vertex -109.7165756225586 31.200002670288086 -7.539623737335205
vertex -109.55204772949219 30.37932014465332 -8.460737228393555
endloop
endfacet
facet normal -0.4796127850550226 0.5594340679702118 -0.6760215233304818
outer loop
vertex -110.73080444335938 30.813007354736328 -7.553016662597656
vertex -110.25514221191406 30.104780197143555 -8.476567268371582
vertex -110.7922134399414 30.789026260375977 -7.529294490814209
endloop
endfacet
facet normal -0.4795898349629095 0.5594529685831915 -0.6760221639441296
outer loop
vertex -110.25514221191406 30.104780197143555 -8.476567268371582
vertex -113.51403045654297 28.2810115814209 -7.673905849456787
vertex -110.7922134399414 30.789026260375977 -7.529294490814209
endloop
endfacet
facet normal -0.4795894910732296 0.5594518331775423 -0.6760233475305479
outer loop
vertex -112.76009368896484 27.796592712402344 -8.60965633392334
vertex -113.51403045654297 28.2810115814209 -7.673905849456787
vertex -110.25514221191406 30.104780197143555 -8.476567268371582
endloop
endfacet
facet normal -0.6475885028495046 0.32418237648445697 -0.689590398536716
outer loop
vertex -112.76009368896484 27.796592712402344 -8.60965633392334
vertex -113.0978012084961 27.027677536010742 -8.65399169921875
vertex -114.0450210571289 27.172054290771484 -7.696592807769775
endloop
endfacet
facet normal -0.6475887119098264 0.324184669838768 -0.6895891240793324
outer loop
vertex -114.0450210571289 27.172054290771484 -7.696592807769775
vertex -113.58782958984375 28.213010787963867 -7.636571407318115
vertex -112.76009368896484 27.796592712402344 -8.60965633392334
endloop
endfacet
facet normal -0.6475827632198461 0.32419652485958184 -0.6895891371313208
outer loop
vertex -113.51403045654297 28.2810115814209 -7.673905849456787
vertex -112.76009368896484 27.796592712402344 -8.60965633392334
vertex -113.58782958984375 28.213010787963867 -7.636571407318115
endloop
endfacet
facet normal -0.7071072009354765 0.04171054819792267 -0.7058750856590877
outer loop
vertex -113.0978012084961 27.027677536010742 -8.65399169921875
vertex -113.20551300048828 -48.378692626953125 -13.001895904541016
vertex -114.20063781738281 -48.62165832519531 -12.019391059875488
endloop
endfacet
facet normal -0.7071254225045349 0.0417094954968139 -0.705856894018316
outer loop
vertex -114.0450210571289 27.172054290771484 -7.696592807769775
vertex -114.20063781738281 -48.62165832519531 -12.019391059875488
vertex -114.092529296875 27.063880920410156 -7.655391216278076
endloop
endfacet
facet normal -0.7071051039182428 0.04171061091438504 -0.7058771826245128
outer loop
vertex -113.0978012084961 27.027677536010742 -8.65399169921875
vertex -114.20063781738281 -48.62165832519531 -12.019391059875488
vertex -114.0450210571289 27.172054290771484 -7.696592807769775
endloop
endfacet
facet normal -0.6589981796621125 -0.21522976753361223 -0.7206924075980331
outer loop
vertex -113.20551300048828 -48.378692626953125 -13.001895904541016
vertex -112.93045806884766 -49.08457946777344 -13.042596817016602
vertex -113.82646179199219 -49.697242736816406 -12.040327072143555
endloop
endfacet
facet normal -0.6593708615373787 -0.21448856474127231 -0.7205724963878958
outer loop
vertex -113.82646179199219 -49.697242736816406 -12.040327072143555
vertex -112.93045806884766 -49.08457946777344 -13.042596817016602
vertex -113.78977966308594 -49.67655563354492 -12.08005142211914
endloop
endfacet
facet normal -0.6590000929732714 -0.2152279799438153 -0.720691191919621
outer loop
vertex -113.20551300048828 -48.378692626953125 -13.001895904541016
vertex -113.82646179199219 -49.697242736816406 -12.040327072143555
vertex -114.2008056640625 -48.73653793334961 -11.984932899475098
endloop
endfacet
facet normal -0.659006780700955 -0.21520851732712948 -0.7206908887033484
outer loop
vertex -113.20551300048828 -48.378692626953125 -13.001895904541016
vertex -114.2008056640625 -48.73653793334961 -11.984932899475098
vertex -114.20063781738281 -48.62165832519531 -12.019391059875488
endloop
endfacet
facet normal -0.5203624150944987 -0.43721987784081723 -0.7335269152375267
outer loop
vertex -111.21269226074219 -52.47332000732422 -12.241312026977539
vertex -111.26260375976562 -52.53400421142578 -12.169734001159668
vertex -112.93045806884766 -49.08457946777344 -13.042596817016602
endloop
endfacet
facet normal -0.520403275880928 -0.4372320239467665 -0.7334906868446339
outer loop
vertex -112.93045806884766 -49.08457946777344 -13.042596817016602
vertex -110.62149047851562 -51.59038162231445 -13.187080383300781
vertex -111.21269226074219 -52.47332000732422 -12.241312026977539
endloop
endfacet
facet normal -0.52040125477652 -0.4372301374408459 -0.7334932453271009
outer loop
vertex -112.93045806884766 -49.08457946777344 -13.042596817016602
vertex -111.26260375976562 -52.53400421142578 -12.169734001159668
vertex -113.78977966308594 -49.7913932800293 -12.011595726013184
endloop
endfacet
facet normal -0.5203918119535216 -0.4372415054162493 -0.7334931683342817
outer loop
vertex -113.78977966308594 -49.67655563354492 -12.08005142211914
vertex -112.93045806884766 -49.08457946777344 -13.042596817016602
vertex -113.78977966308594 -49.7913932800293 -12.011595726013184
endloop
endfacet
facet normal -0.5399111541477694 -0.4309918026602869 -0.7230089983302143
outer loop
vertex -113.78977966308594 -49.67655563354492 -12.08005142211914
vertex -113.78977966308594 -49.7913932800293 -12.011595726013184
vertex -113.82646179199219 -49.697242736816406 -12.040327072143555
endloop
endfacet
facet normal -0.2845530233314963 -0.6055472438342738 -0.7431972230825539
outer loop
vertex -110.62149047851562 -51.59038162231445 -13.187080383300781
vertex -109.8531265258789 -51.927581787109375 -13.206522941589355
vertex -110.06256866455078 -52.97806167602539 -12.270415306091309
endloop
endfacet
facet normal -0.28457352508892875 -0.605537392892909 -0.7431973995022585
outer loop
vertex -111.21269226074219 -52.47332000732422 -12.241312026977539
vertex -110.62149047851562 -51.59038162231445 -13.187080383300781
vertex -111.21269226074219 -52.58816146850586 -12.14774227142334
endloop
endfacet
facet normal -0.3309328454718863 -0.6092923975110844 -0.7205874174054633
outer loop
vertex -110.06256866455078 -52.97806167602539 -12.270415306091309
vertex -110.07347106933594 -53.08811950683594 -12.172348976135254
vertex -110.62149047851562 -51.59038162231445 -13.187080383300781
endloop
endfacet
facet normal -0.3251211806418769 -0.5973373575821079 -0.7331332069514085
outer loop
vertex -111.21269226074219 -52.47332000732422 -12.241312026977539
vertex -111.21269226074219 -52.58816146850586 -12.14774227142334
vertex -111.26260375976562 -52.53400421142578 -12.169734001159668
endloop
endfacet
facet normal -0.28232418531532166 -0.6067411278167792 -0.7430735213972187
outer loop
vertex -110.62149047851562 -51.59038162231445 -13.187080383300781
vertex -110.07347106933594 -53.08811950683594 -12.172348976135254
vertex -111.21269226074219 -52.58816146850586 -12.14774227142334
endloop
endfacet
facet normal -0.0005953459698105732 -0.6652291244249166 -0.7466390410231942
outer loop
vertex -110.06256866455078 -52.97806167602539 -12.270415306091309
vertex -109.8531265258789 -51.927581787109375 -13.206522941589355
vertex 13.130505561828613 -53.19629669189453 -12.174205780029297
endloop
endfacet
facet normal -0.0005959195895518894 -0.6652613588057983 -0.7466103196177413
outer loop
vertex 13.130505561828613 -53.19629669189453 -12.174205780029297
vertex -109.8531265258789 -51.927581787109375 -13.206522941589355
vertex 13.131433486938477 -52.03105163574219 -13.212489128112793
endloop
endfacet
facet normal -0.0005953457877054425 -0.6652290506175184 -0.7466391067831287
outer loop
vertex -110.06256866455078 -52.97806167602539 -12.270415306091309
vertex 13.130505561828613 -53.19629669189453 -12.174205780029297
vertex -110.07347106933594 -53.08811950683594 -12.172348976135254
endloop
endfacet
facet normal -0.4269539250029616 -0.518222847053598 -0.741050218754592
outer loop
vertex 15.538107872009277 -53.1130485534668 -13.274876594543457
vertex 14.865153312683105 -54.020111083984375 -12.252839088439941
vertex 14.983664512634277 -52.69104766845703 -13.250544548034668
endloop
endfacet
facet normal -0.4409928925980283 -0.5133391020783441 -0.7362120855809304
outer loop
vertex 14.31945514678955 -53.58712387084961 -12.227873802185059
vertex 14.983664512634277 -52.69104766845703 -13.250544548034668
vertex 14.865153312683105 -54.020111083984375 -12.252839088439941
endloop
endfacet
facet normal -0.44966468696451944 -0.5064051279976747 -0.7357686563280333
outer loop
vertex 14.792862892150879 -52.53472137451172 -13.241530418395996
vertex 14.983664512634277 -52.69104766845703 -13.250544548034668
vertex 14.31945514678955 -53.58712387084961 -12.227873802185059
endloop
endfacet
facet normal -0.2057554563512029 -0.6365596019894243 -0.7432742194484979
outer loop
vertex 13.713216781616211 -52.0882568359375 -13.215787887573242
vertex 13.827629089355469 -53.19688415527344 -12.298002243041992
vertex 13.504646301269531 -53.19661331176758 -12.20882511138916
endloop
endfacet
facet normal -0.20575565784461278 -0.6365595871375656 -0.7432741763899663
outer loop
vertex 13.713216781616211 -52.0882568359375 -13.215787887573242
vertex 14.275062561035156 -52.25840759277344 -13.225598335266113
vertex 13.827629089355469 -53.19688415527344 -12.298002243041992
endloop
endfacet
facet normal -0.06947558758245771 -0.6636233969100201 -0.7448336255860621
outer loop
vertex 13.131433486938477 -52.03105163574219 -13.212489128112793
vertex 13.713216781616211 -52.0882568359375 -13.215787887573242
vertex 13.130505561828613 -53.19629669189453 -12.174205780029297
endloop
endfacet
facet normal -0.3341316428247652 -0.5834745295324151 -0.7402118066135871
outer loop
vertex 14.792862892150879 -52.53472137451172 -13.241530418395996
vertex 14.195657730102539 -53.488895416259766 -12.219820976257324
vertex 13.889415740966797 -53.245906829833984 -12.273119926452637
endloop
endfacet
facet normal -0.4496704929959191 -0.5064015021598054 -0.7357676034857064
outer loop
vertex 14.195657730102539 -53.488895416259766 -12.219820976257324
vertex 14.792862892150879 -52.53472137451172 -13.241530418395996
vertex 14.31945514678955 -53.58712387084961 -12.227873802185059
endloop
endfacet
facet normal -0.33413385853621236 -0.5834725150975242 -0.7402123943203545
outer loop
vertex 13.889415740966797 -53.245906829833984 -12.273119926452637
vertex 14.275062561035156 -52.25840759277344 -13.225598335266113
vertex 14.792862892150879 -52.53472137451172 -13.241530418395996
endloop
endfacet
facet normal -0.069481336147617 -0.6636214773744197 -0.7448347995995719
outer loop
vertex 13.130505561828613 -53.19629669189453 -12.174205780029297
vertex 13.713216781616211 -52.0882568359375 -13.215787887573242
vertex 13.504646301269531 -53.19661331176758 -12.20882511138916
endloop
endfacet
facet normal -0.20573789268520795 -0.6365668064116862 -0.7432729111761551
outer loop
vertex 13.827629089355469 -53.19688415527344 -12.298002243041992
vertex 14.275062561035156 -52.25840759277344 -13.225598335266113
vertex 13.889415740966797 -53.245906829833984 -12.273119926452637
endloop
endfacet
facet normal -0.6862025008651043 -0.12164155177920595 -0.7171676656732534
outer loop
vertex 15.59679126739502 -55.06340789794922 -12.370087623596191
vertex 16.590909957885742 -54.77278518676758 -13.370576858520508
vertex 16.003355026245117 -56.798526763916016 -12.464797019958496
endloop
endfacet
facet normal -0.6886026840727705 -0.11989750230052876 -0.7151579772538869
outer loop
vertex 16.003355026245117 -56.798526763916016 -12.464797019958496
vertex 16.917526245117188 -56.16670227050781 -13.450949668884277
vertex 16.02754020690918 -56.78690719604492 -12.490032196044922
endloop
endfacet
facet normal -0.688519389163509 -0.12009220069161564 -0.7152055047879269
outer loop
vertex 16.917526245117188 -56.16670227050781 -13.450949668884277
vertex 16.003355026245117 -56.798526763916016 -12.464797019958496
vertex 16.590909957885742 -54.77278518676758 -13.370576858520508
endloop
endfacet
facet normal -0.46914758606296025 -0.48414135802330427 -0.7385849226342548
outer loop
vertex 15.792417526245117 -53.33955764770508 -13.28793716430664
vertex 14.865153312683105 -54.020111083984375 -12.252839088439941
vertex 15.538107872009277 -53.1130485534668 -13.274876594543457
endloop
endfacet
facet normal -0.6251167753780088 -0.2929708683058144 -0.7234618769950059
outer loop
vertex 15.463591575622559 -54.49494552612305 -12.4237060546875
vertex 15.342058181762695 -54.39851379394531 -12.357744216918945
vertex 16.164886474609375 -53.79266357421875 -13.31406307220459
endloop
endfacet
facet normal -0.44966434498127056 -0.5064047917122925 -0.7357690967847145
outer loop
vertex 14.865153312683105 -54.020111083984375 -12.252839088439941
vertex 15.792417526245117 -53.33955764770508 -13.28793716430664
vertex 15.036336898803711 -54.15593719482422 -12.263973236083984
endloop
endfacet
facet normal -0.547919495735371 -0.4083134083883999 -0.7301125849643632
outer loop
vertex 15.036336898803711 -54.15593719482422 -12.263973236083984
vertex 16.164886474609375 -53.79266357421875 -13.31406307220459
vertex 15.342058181762695 -54.39851379394531 -12.357744216918945
endloop
endfacet
facet normal -0.625113996542946 -0.29297565256769253 -0.7234623406429948
outer loop
vertex 15.463591575622559 -54.49494552612305 -12.4237060546875
vertex 16.44165802001953 -54.30960464477539 -13.34386920928955
vertex 15.52263069152832 -54.74690628051758 -12.372684478759766
endloop
endfacet
facet normal -0.6782909012260733 -0.16480794246286207 -0.7160724791633033
outer loop
vertex 15.59679126739502 -55.06340789794922 -12.370087623596191
vertex 15.52263069152832 -54.74690628051758 -12.372684478759766
vertex 16.44165802001953 -54.30960464477539 -13.34386920928955
endloop
endfacet
facet normal -0.6251145200601491 -0.29297398891760845 -0.7234625620083424
outer loop
vertex 16.44165802001953 -54.30960464477539 -13.34386920928955
vertex 15.463591575622559 -54.49494552612305 -12.4237060546875
vertex 16.164886474609375 -53.79266357421875 -13.31406307220459
endloop
endfacet
facet normal -0.5479203427605678 -0.4083117004945003 -0.7301129044390542
outer loop
vertex 16.164886474609375 -53.79266357421875 -13.31406307220459
vertex 15.036336898803711 -54.15593719482422 -12.263973236083984
vertex 15.792417526245117 -53.33955764770508 -13.28793716430664
endloop
endfacet
facet normal -0.6724669513592046 -0.17522739483288358 -0.7190852240379701
outer loop
vertex 16.44165802001953 -54.30960464477539 -13.34386920928955
vertex 16.590909957885742 -54.77278518676758 -13.370576858520508
vertex 15.59679126739502 -55.06340789794922 -12.370087623596191
endloop
endfacet
facet normal -0.43972642127545847 -0.5121293817643876 -0.7378103894402032
outer loop
vertex 16.917526245117188 -56.16670227050781 -13.450949668884277
vertex 18.012170791625977 -57.03450393676758 -13.500986099243164
vertex 17.66515350341797 -58.08515548706055 -12.564888954162598
endloop
endfacet
facet normal -0.43972673422648784 -0.5121294714344654 -0.737810140683064
outer loop
vertex 16.917526245117188 -56.16670227050781 -13.450949668884277
vertex 17.622987747192383 -58.166568756103516 -12.483247756958008
vertex 16.02754020690918 -56.9017448425293 -12.410319328308105
endloop
endfacet
facet normal -0.43971727223483875 -0.5121392762995898 -0.7378089740371048
outer loop
vertex 16.917526245117188 -56.16670227050781 -13.450949668884277
vertex 16.02754020690918 -56.9017448425293 -12.410319328308105
vertex 16.02754020690918 -56.78690719604492 -12.490032196044922
endloop
endfacet
facet normal -0.5037813044405746 -0.49257771615130475 -0.709627783311306
outer loop
vertex 16.02754020690918 -56.78690719604492 -12.490032196044922
vertex 16.02754020690918 -56.9017448425293 -12.410319328308105
vertex 16.003355026245117 -56.798526763916016 -12.464797019958496
endloop
endfacet
facet normal -0.43972835996836834 -0.5121295497652227 -0.7378091173852486
outer loop
vertex 16.917526245117188 -56.16670227050781 -13.450949668884277
vertex 17.66515350341797 -58.08515548706055 -12.564888954162598
vertex 17.622987747192383 -58.166568756103516 -12.483247756958008
endloop
endfacet
facet normal -0.23288148252334975 -0.6258410857609394 -0.7443716480840032
outer loop
vertex 17.622987747192383 -58.166568756103516 -12.483247756958008
vertex 17.66515350341797 -58.08515548706055 -12.564888954162598
vertex 17.64881134033203 -58.187042236328125 -12.474113464355469
endloop
endfacet
facet normal 0.00010206532610068762 -0.6652118593878944 -0.7466546535797989
outer loop
vertex 73.35118865966797 -58.187042236328125 -12.474113464355469
vertex 72.98783111572266 -57.03450393676758 -13.500986099243164
vertex 73.33484649658203 -58.08515548706055 -12.564888954162598
endloop
endfacet
facet normal 0 -0.6652306557265545 -0.7466379140397428
outer loop
vertex 17.66515350341797 -58.08515548706055 -12.564888954162598
vertex 18.012170791625977 -57.03450393676758 -13.500986099243164
vertex 72.98783111572266 -57.03450393676758 -13.500986099243164
endloop
endfacet
facet normal -3.303110469895065e-7 -0.6652209597807872 -0.7466465527063118
outer loop
vertex 17.64881134033203 -58.187042236328125 -12.474113464355469
vertex 17.66515350341797 -58.08515548706055 -12.564888954162598
vertex 72.98783111572266 -57.03450393676758 -13.500986099243164
endloop
endfacet
facet normal 0 -0.6652298012095489 -0.746638675386364
outer loop
vertex 17.64881134033203 -58.187042236328125 -12.474113464355469
vertex 72.98783111572266 -57.03450393676758 -13.500986099243164
vertex 73.35118865966797 -58.187042236328125 -12.474113464355469
endloop
endfacet
facet normal 0.23286669408916452 -0.625844798554323 -0.7443731529995438
outer loop
vertex 73.35118865966797 -58.187042236328125 -12.474113464355469
vertex 73.33484649658203 -58.08515548706055 -12.564888954162598
vertex 73.37701416015625 -58.166568756103516 -12.483247756958008
endloop
endfacet
facet normal -0.831471006472263 0 -0.5555681464915011
outer loop
vertex 52.88581848144531 -58.19999694824219 -4.375974655151367
vertex 52.56066131591797 -58.19999694824219 -3.8893399238586426
vertex 52.56066131591797 -56.69999694824219 -3.8893399238586426
endloop
endfacet
facet normal 0.8314712579435086 0 0.5555677701359567
outer loop
vertex 38.11418151855469 -58.19999694824219 -10.524024963378906
vertex 38.43933868408203 -56.69999694824219 -11.010660171508789
vertex 38.11418151855469 -56.69999694824219 -10.524024963378906
endloop
endfacet
facet normal 0 -1 0
outer loop
vertex 50.25 -56.69999694824219 -6.699999809265137
vertex 51.5 -56.69999694824219 -11.449999809265137
vertex 51.5 -56.69999694824219 -3.450000047683716
endloop
endfacet
facet normal 0 0 -1
outer loop
vertex 39.5 -58.19999694824219 -3.450000047683716
vertex 39.5 -56.69999694824219 -3.450000047683716
vertex 51.5 -58.19999694824219 -3.450000047683716
endloop
endfacet
facet normal -0.9807850135586839 0 -0.1950916635294606
outer loop
vertex 52.88581848144531 -56.69999694824219 -4.375974655151367
vertex 53 -58.19999694824219 -4.949999809265137
vertex 52.88581848144531 -58.19999694824219 -4.375974655151367
endloop
endfacet
facet normal 0 -1 0
outer loop
vertex 52.88581848144531 -56.69999694824219 -10.524024963378906
vertex 53 -56.69999694824219 -9.949999809265137
vertex 52.88581848144531 -56.69999694824219 -4.375974655151367
endloop
endfacet
facet normal -1 0 0
outer loop
vertex 53 -56.69999694824219 -9.949999809265137
vertex 53 -58.19999694824219 -9.949999809265137
vertex 53 -56.69999694824219 -4.949999809265137
endloop
endfacet
facet normal -0.9807850135586839 0 -0.1950916635294606
outer loop
vertex 53 -56.69999694824219 -4.949999809265137
vertex 53 -58.19999694824219 -4.949999809265137
vertex 52.88581848144531 -56.69999694824219 -4.375974655151367
endloop
endfacet
facet normal 0 -1 0
outer loop
vertex 49.25 -56.69999694824219 -5.699999809265137
vertex 49.63268280029297 -56.69999694824219 -5.776120662689209
vertex 51.5 -56.69999694824219 -3.450000047683716
endloop
endfacet
facet normal 0 -1 0
outer loop
vertex 39.5 -56.69999694824219 -11.449999809265137
vertex 40.75 -56.69999694824219 -8.199999809265137
vertex 39.5 -56.69999694824219 -3.450000047683716
endloop
endfacet
facet normal -0.831471006472263 0 -0.5555681464915011
outer loop
vertex 52.56066131591797 -56.69999694824219 -3.8893399238586426
vertex 52.88581848144531 -56.69999694824219 -4.375974655151367
vertex 52.88581848144531 -58.19999694824219 -4.375974655151367
endloop
endfacet
facet normal 1 0 0
outer loop
vertex 38 -58.19999694824219 -4.949999809265137
vertex 38 -58.19999694824219 -9.949999809265137
vertex 38 -56.69999694824219 -9.949999809265137
endloop
endfacet
facet normal 0 -1 0
outer loop
vertex 41.75 -56.69999694824219 -5.699999809265137
vertex 49.25 -56.69999694824219 -5.699999809265137
vertex 51.5 -56.69999694824219 -3.450000047683716
endloop
endfacet
facet normal 0.19509040787318935 0 -0.9807852633251952
outer loop
vertex 39.5 -58.19999694824219 -3.450000047683716
vertex 38.92597579956055 -56.69999694824219 -3.564180612564087
vertex 39.5 -56.69999694824219 -3.450000047683716
endloop
endfacet
facet normal 0.19509040787318935 0 -0.9807852633251952
outer loop
vertex 38.92597579956055 -56.69999694824219 -3.564180612564087
vertex 39.5 -58.19999694824219 -3.450000047683716
vertex 38.92597579956055 -58.19999694824219 -3.564180612564087
endloop
endfacet
facet normal 0 -1 0
outer loop
vertex 52.56066131591797 -56.69999694824219 -11.010660171508789
vertex 52.88581848144531 -56.69999694824219 -10.524024963378906
vertex 52.56066131591797 -56.69999694824219 -3.8893399238586426
endloop
endfacet
facet normal 0 -1 0
outer loop
vertex 52.07402420043945 -56.69999694824219 -11.335819244384766
vertex 52.56066131591797 -56.69999694824219 -11.010660171508789
vertex 52.07402420043945 -56.69999694824219 -3.564180612564087
endloop
endfacet
facet normal 0 -1 0
outer loop
vertex 51.5 -56.69999694824219 -11.449999809265137
vertex 52.07402420043945 -56.69999694824219 -11.335819244384766
vertex 51.5 -56.69999694824219 -3.450000047683716
endloop
endfacet
facet normal 0 -1 0
outer loop
vertex 50.25 -56.69999694824219 -8.199999809265137
vertex 51.5 -56.69999694824219 -11.449999809265137
vertex 50.25 -56.69999694824219 -6.699999809265137
endloop
endfacet
facet normal 0.555568799375624 0 -0.8314705702310381
outer loop
vertex 38.92597579956055 -58.19999694824219 -3.564180612564087
vertex 38.43933868408203 -56.69999694824219 -3.8893399238586426
vertex 38.92597579956055 -56.69999694824219 -3.564180612564087
endloop
endfacet
facet normal 0.555568799375624 0 -0.8314705702310381
outer loop
vertex 38.43933868408203 -56.69999694824219 -3.8893399238586426
vertex 38.92597579956055 -58.19999694824219 -3.564180612564087
vertex 38.43933868408203 -58.19999694824219 -3.8893399238586426
endloop
endfacet
facet normal -0.555568799375624 0 -0.8314705702310381
outer loop
vertex 52.56066131591797 -58.19999694824219 -3.8893399238586426
vertex 52.07402420043945 -58.19999694824219 -3.564180612564087
vertex 52.07402420043945 -56.69999694824219 -3.564180612564087
endloop
endfacet
facet normal 0.831471006472263 0 -0.5555681464915011
outer loop
vertex 38.43933868408203 -58.19999694824219 -3.8893399238586426
vertex 38.11418151855469 -56.69999694824219 -4.375974655151367
vertex 38.43933868408203 -56.69999694824219 -3.8893399238586426
endloop
endfacet
facet normal 0.831471006472263 0 -0.5555681464915011
outer loop
vertex 38.11418151855469 -56.69999694824219 -4.375974655151367
vertex 38.43933868408203 -58.19999694824219 -3.8893399238586426
vertex 38.11418151855469 -58.19999694824219 -4.375974655151367
endloop
endfacet
facet normal -0.555568799375624 0 -0.8314705702310381
outer loop
vertex 52.07402420043945 -56.69999694824219 -3.564180612564087
vertex 52.56066131591797 -56.69999694824219 -3.8893399238586426
vertex 52.56066131591797 -58.19999694824219 -3.8893399238586426
endloop
endfacet
facet normal 0 -1 0
outer loop
vertex 50.17387771606445 -56.69999694824219 -8.582683563232422
vertex 51.5 -56.69999694824219 -11.449999809265137
vertex 50.25 -56.69999694824219 -8.199999809265137
endloop
endfacet
facet normal 0 -1 0
outer loop
vertex 49.95710754394531 -56.69999694824219 -8.907106399536133
vertex 51.5 -56.69999694824219 -11.449999809265137
vertex 50.17387771606445 -56.69999694824219 -8.582683563232422
endloop
endfacet
facet normal 0 -1 0
outer loop
vertex 49.63268280029297 -56.69999694824219 -9.123879432678223
vertex 51.5 -56.69999694824219 -11.449999809265137
vertex 49.95710754394531 -56.69999694824219 -8.907106399536133
endloop
endfacet
facet normal 0 -1 0
outer loop
vertex 49.25 -56.69999694824219 -9.199999809265137
vertex 51.5 -56.69999694824219 -11.449999809265137
vertex 49.63268280029297 -56.69999694824219 -9.123879432678223
endloop
endfacet
facet normal 0 -1 0
outer loop
vertex 41.75 -56.69999694824219 -9.199999809265137
vertex 39.5 -56.69999694824219 -11.449999809265137
vertex 49.25 -56.69999694824219 -9.199999809265137
endloop
endfacet
facet normal -0.19509040787318935 0 -0.9807852633251952
outer loop
vertex 51.5 -56.69999694824219 -3.450000047683716
vertex 52.07402420043945 -58.19999694824219 -3.564180612564087
vertex 51.5 -58.19999694824219 -3.450000047683716
endloop
endfacet
facet normal -0.19509040787318935 0 -0.9807852633251952
outer loop
vertex 52.07402420043945 -56.69999694824219 -3.564180612564087
vertex 52.07402420043945 -58.19999694824219 -3.564180612564087
vertex 51.5 -56.69999694824219 -3.450000047683716
endloop
endfacet
facet normal 0.19509040787318935 0 0.9807852633251952
outer loop
vertex 38.92597579956055 -58.19999694824219 -11.335819244384766
vertex 39.5 -58.19999694824219 -11.449999809265137
vertex 39.5 -56.69999694824219 -11.449999809265137
endloop
endfacet
facet normal 0 -1 0
outer loop
vertex 38 -56.69999694824219 -9.949999809265137
vertex 38.11418151855469 -56.69999694824219 -10.524024963378906
vertex 38 -56.69999694824219 -4.949999809265137
endloop
endfacet
facet normal 0 -1 0
outer loop
vertex 38.11418151855469 -56.69999694824219 -10.524024963378906
vertex 38.43933868408203 -56.69999694824219 -11.010660171508789
vertex 38.11418151855469 -56.69999694824219 -4.375974655151367
endloop
endfacet
facet normal 0 -1 0
outer loop
vertex 38.43933868408203 -56.69999694824219 -11.010660171508789
vertex 38.92597579956055 -56.69999694824219 -11.335819244384766
vertex 38.43933868408203 -56.69999694824219 -3.8893399238586426
endloop
endfacet
facet normal 0 -1 0
outer loop
vertex 38.92597579956055 -56.69999694824219 -11.335819244384766
vertex 39.5 -56.69999694824219 -11.449999809265137
vertex 38.92597579956055 -56.69999694824219 -3.564180612564087
endloop
endfacet
facet normal 0.9807850135586839 0 -0.1950916635294606
outer loop
vertex 38.11418151855469 -58.19999694824219 -4.375974655151367
vertex 38 -56.69999694824219 -4.949999809265137
vertex 38.11418151855469 -56.69999694824219 -4.375974655151367
endloop
endfacet
facet normal 0 -1 0
outer loop
vertex 39.5 -56.69999694824219 -3.450000047683716
vertex 41.36731719970703 -56.69999694824219 -5.776120662689209
vertex 41.75 -56.69999694824219 -5.699999809265137
endloop
endfacet
facet normal 0.9807850135586839 0 -0.1950916635294606
outer loop
vertex 38 -56.69999694824219 -4.949999809265137
vertex 38.11418151855469 -58.19999694824219 -4.375974655151367
vertex 38 -58.19999694824219 -4.949999809265137
endloop
endfacet
facet normal 0 -1 0
outer loop
vertex 39.5 -56.69999694824219 -3.450000047683716
vertex 41.75 -56.69999694824219 -5.699999809265137
vertex 51.5 -56.69999694824219 -3.450000047683716
endloop
endfacet
facet normal 0 -1 0
outer loop
vertex 39.5 -56.69999694824219 -11.449999809265137
vertex 40.82612228393555 -56.69999694824219 -8.582683563232422
vertex 40.75 -56.69999694824219 -8.199999809265137
endloop
endfacet
facet normal 0 -1 0
outer loop
vertex 39.5 -56.69999694824219 -11.449999809265137
vertex 41.04289245605469 -56.69999694824219 -8.907106399536133
vertex 40.82612228393555 -56.69999694824219 -8.582683563232422
endloop
endfacet
facet normal 0 -1 0
outer loop
vertex 39.5 -56.69999694824219 -11.449999809265137
vertex 41.36731719970703 -56.69999694824219 -9.123879432678223
vertex 41.04289245605469 -56.69999694824219 -8.907106399536133
endloop
endfacet
facet normal 0 -1 0
outer loop
vertex 41.75 -56.69999694824219 -9.199999809265137
vertex 41.36731719970703 -56.69999694824219 -9.123879432678223
vertex 39.5 -56.69999694824219 -11.449999809265137
endloop
endfacet
facet normal -0.9807850135586839 0 0.1950916635294606
outer loop
vertex 52.88581848144531 -56.69999694824219 -10.524024963378906
vertex 52.88581848144531 -58.19999694824219 -10.524024963378906
vertex 53 -56.69999694824219 -9.949999809265137
endloop
endfacet
facet normal -0.9807850135586839 0 0.1950916635294606
outer loop
vertex 52.88581848144531 -58.19999694824219 -10.524024963378906
vertex 53 -58.19999694824219 -9.949999809265137
vertex 53 -56.69999694824219 -9.949999809265137
endloop
endfacet
facet normal -0.8314712579435086 0 0.5555677701359567
outer loop
vertex 52.88581848144531 -56.69999694824219 -10.524024963378906
vertex 52.56066131591797 -58.19999694824219 -11.010660171508789
vertex 52.88581848144531 -58.19999694824219 -10.524024963378906
endloop
endfacet
facet normal -0.8314712579435086 0 0.5555677701359567
outer loop
vertex 52.56066131591797 -56.69999694824219 -11.010660171508789
vertex 52.56066131591797 -58.19999694824219 -11.010660171508789
vertex 52.88581848144531 -56.69999694824219 -10.524024963378906
endloop
endfacet
facet normal 0 -1 0
outer loop
vertex 39.5 -56.69999694824219 -11.449999809265137
vertex 51.5 -56.69999694824219 -11.449999809265137
vertex 49.25 -56.69999694824219 -9.199999809265137
endloop
endfacet
facet normal -0.5555685177477351 0 0.8314707584080059
outer loop
vertex 52.56066131591797 -56.69999694824219 -11.010660171508789
vertex 52.07402420043945 -58.19999694824219 -11.335819244384766
vertex 52.56066131591797 -58.19999694824219 -11.010660171508789
endloop
endfacet
facet normal -0.5555685177477351 0 0.8314707584080059
outer loop
vertex 52.07402420043945 -56.69999694824219 -11.335819244384766
vertex 52.07402420043945 -58.19999694824219 -11.335819244384766
vertex 52.56066131591797 -56.69999694824219 -11.010660171508789
endloop
endfacet
facet normal -0.19509040787318935 0 0.9807852633251952
outer loop
vertex 52.07402420043945 -56.69999694824219 -11.335819244384766
vertex 51.5 -58.19999694824219 -11.449999809265137
vertex 52.07402420043945 -58.19999694824219 -11.335819244384766
endloop
endfacet
facet normal -0.19509040787318935 0 0.9807852633251952
outer loop
vertex 51.5 -56.69999694824219 -11.449999809265137
vertex 51.5 -58.19999694824219 -11.449999809265137
vertex 52.07402420043945 -56.69999694824219 -11.335819244384766
endloop
endfacet
facet normal 0 0 1
outer loop
vertex 51.5 -56.69999694824219 -11.449999809265137
vertex 39.5 -58.19999694824219 -11.449999809265137
vertex 51.5 -58.19999694824219 -11.449999809265137
endloop
endfacet
facet normal 0 0 1
outer loop
vertex 39.5 -56.69999694824219 -11.449999809265137
vertex 39.5 -58.19999694824219 -11.449999809265137
vertex 51.5 -56.69999694824219 -11.449999809265137
endloop
endfacet
facet normal 1 0 0
outer loop
vertex 38 -58.19999694824219 -4.949999809265137
vertex 38 -56.69999694824219 -9.949999809265137
vertex 38 -56.69999694824219 -4.949999809265137
endloop
endfacet
facet normal 0 -1 0
outer loop
vertex 38 -56.69999694824219 -4.949999809265137
vertex 38.11418151855469 -56.69999694824219 -10.524024963378906
vertex 38.11418151855469 -56.69999694824219 -4.375974655151367
endloop
endfacet
facet normal 0 -1 0
outer loop
vertex 38.11418151855469 -56.69999694824219 -4.375974655151367
vertex 38.43933868408203 -56.69999694824219 -11.010660171508789
vertex 38.43933868408203 -56.69999694824219 -3.8893399238586426
endloop
endfacet
facet normal 0.5555685177477351 0 0.8314707584080059
outer loop
vertex 38.43933868408203 -58.19999694824219 -11.010660171508789
vertex 38.92597579956055 -58.19999694824219 -11.335819244384766
vertex 38.92597579956055 -56.69999694824219 -11.335819244384766
endloop
endfacet
facet normal 0 0 -1
outer loop
vertex 51.5 -58.19999694824219 -3.450000047683716
vertex 39.5 -56.69999694824219 -3.450000047683716
vertex 51.5 -56.69999694824219 -3.450000047683716
endloop
endfacet
facet normal 0 -1 0
outer loop
vertex 38.43933868408203 -56.69999694824219 -3.8893399238586426
vertex 38.92597579956055 -56.69999694824219 -11.335819244384766
vertex 38.92597579956055 -56.69999694824219 -3.564180612564087
endloop
endfacet
facet normal 0 -1 0
outer loop
vertex 38.92597579956055 -56.69999694824219 -3.564180612564087
vertex 39.5 -56.69999694824219 -11.449999809265137
vertex 39.5 -56.69999694824219 -3.450000047683716
endloop
endfacet
facet normal 0 -1 0
outer loop
vertex 39.5 -56.69999694824219 -3.450000047683716
vertex 40.75 -56.69999694824219 -8.199999809265137
vertex 40.75 -56.69999694824219 -6.699999809265137
endloop
endfacet
facet normal 0.19509040787318935 0 0.9807852633251952
outer loop
vertex 38.92597579956055 -58.19999694824219 -11.335819244384766
vertex 39.5 -56.69999694824219 -11.449999809265137
vertex 38.92597579956055 -56.69999694824219 -11.335819244384766
endloop
endfacet
facet normal 0.5555685177477351 0 0.8314707584080059
outer loop
vertex 38.43933868408203 -58.19999694824219 -11.010660171508789
vertex 38.92597579956055 -56.69999694824219 -11.335819244384766
vertex 38.43933868408203 -56.69999694824219 -11.010660171508789
endloop
endfacet
facet normal 0 -1 0
outer loop
vertex 49.63268280029297 -56.69999694824219 -5.776120662689209
vertex 49.95710754394531 -56.69999694824219 -5.992893218994141
vertex 51.5 -56.69999694824219 -3.450000047683716
endloop
endfacet
facet normal 0.9807850135586839 0 0.1950916635294606
outer loop
vertex 38 -58.19999694824219 -9.949999809265137
vertex 38.11418151855469 -56.69999694824219 -10.524024963378906
vertex 38 -56.69999694824219 -9.949999809265137
endloop
endfacet
facet normal 0.9807850135586839 0 0.1950916635294606
outer loop
vertex 38 -58.19999694824219 -9.949999809265137
vertex 38.11418151855469 -58.19999694824219 -10.524024963378906
vertex 38.11418151855469 -56.69999694824219 -10.524024963378906
endloop
endfacet
facet normal 0 -1 0
outer loop
vertex 39.5 -56.69999694824219 -3.450000047683716
vertex 40.75 -56.69999694824219 -6.699999809265137
vertex 40.82612228393555 -56.69999694824219 -6.31731653213501
endloop
endfacet
facet normal 0 -1 0
outer loop
vertex 50.17387771606445 -56.69999694824219 -6.31731653213501
vertex 51.5 -56.69999694824219 -3.450000047683716
vertex 49.95710754394531 -56.69999694824219 -5.992893218994141
endloop
endfacet
facet normal 0 -1 0
outer loop
vertex 50.25 -56.69999694824219 -6.699999809265137
vertex 51.5 -56.69999694824219 -3.450000047683716
vertex 50.17387771606445 -56.69999694824219 -6.31731653213501
endloop
endfacet
facet normal 0 -1 0
outer loop
vertex 51.5 -56.69999694824219 -3.450000047683716
vertex 52.07402420043945 -56.69999694824219 -11.335819244384766
vertex 52.07402420043945 -56.69999694824219 -3.564180612564087
endloop
endfacet
facet normal 0 -1 0
outer loop
vertex 39.5 -56.69999694824219 -3.450000047683716
vertex 40.82612228393555 -56.69999694824219 -6.31731653213501
vertex 41.04289245605469 -56.69999694824219 -5.992893218994141
endloop
endfacet
facet normal 0 -1 0
outer loop
vertex 39.5 -56.69999694824219 -3.450000047683716
vertex 41.04289245605469 -56.69999694824219 -5.992893218994141
vertex 41.36731719970703 -56.69999694824219 -5.776120662689209
endloop
endfacet
facet normal 0 -1 0
outer loop
vertex 52.07402420043945 -56.69999694824219 -3.564180612564087
vertex 52.56066131591797 -56.69999694824219 -11.010660171508789
vertex 52.56066131591797 -56.69999694824219 -3.8893399238586426
endloop
endfacet
facet normal -1 0 0
outer loop
vertex 53 -56.69999694824219 -4.949999809265137
vertex 53 -58.19999694824219 -9.949999809265137
vertex 53 -58.19999694824219 -4.949999809265137
endloop
endfacet
facet normal 0 -1 0
outer loop
vertex 52.88581848144531 -56.69999694824219 -4.375974655151367
vertex 53 -56.69999694824219 -9.949999809265137
vertex 53 -56.69999694824219 -4.949999809265137
endloop
endfacet
facet normal 0 -1 0
outer loop
vertex 52.56066131591797 -56.69999694824219 -3.8893399238586426
vertex 52.88581848144531 -56.69999694824219 -10.524024963378906
vertex 52.88581848144531 -56.69999694824219 -4.375974655151367
endloop
endfacet
facet normal 0.8314712579435086 0 0.5555677701359567
outer loop
vertex 38.11418151855469 -58.19999694824219 -10.524024963378906
vertex 38.43933868408203 -58.19999694824219 -11.010660171508789
vertex 38.43933868408203 -56.69999694824219 -11.010660171508789
endloop
endfacet
facet normal 0.9807843744785476 0 -0.1950948763518
outer loop
vertex 40.82612228393555 -56.69999694824219 -6.31731653213501
vertex 40.75 -55.499996185302734 -6.699999809265137
vertex 40.82612228393555 -55.499996185302734 -6.31731653213501
endloop
endfacet
facet normal -1 0 0
outer loop
vertex 50.25 -55.499996185302734 -6.699999809265137
vertex 50.25 -56.69999694824219 -8.199999809265137
vertex 50.25 -56.69999694824219 -6.699999809265137
endloop
endfacet
facet normal -0.9807843744785476 0 -0.1950948763518
outer loop
vertex 50.25 -55.499996185302734 -6.699999809265137
vertex 50.25 -56.69999694824219 -6.699999809265137
vertex 50.17387771606445 -55.499996185302734 -6.31731653213501
endloop
endfacet
facet normal -0.5555682361196549 0 -0.8314709465849636
outer loop
vertex 49.95710754394531 -56.69999694824219 -5.992893218994141
vertex 49.63268280029297 -55.499996185302734 -5.776120662689209
vertex 49.95710754394531 -55.499996185302734 -5.992893218994141
endloop
endfacet
facet normal 0.19509158345481065 0 -0.9807850294866326
outer loop
vertex 41.75 -56.69999694824219 -5.699999809265137
vertex 41.36731719970703 -55.499996185302734 -5.776120662689209
vertex 41.75 -55.499996185302734 -5.699999809265137
endloop
endfacet
facet normal -0.8314726376298004 0 -0.555565705270711
outer loop
vertex 50.17387771606445 -55.499996185302734 -6.31731653213501
vertex 50.17387771606445 -56.69999694824219 -6.31731653213501
vertex 49.95710754394531 -55.499996185302734 -5.992893218994141
endloop
endfacet
facet normal -0.8314726376298004 0 -0.555565705270711
outer loop
vertex 49.95710754394531 -56.69999694824219 -5.992893218994141
vertex 49.95710754394531 -55.499996185302734 -5.992893218994141
vertex 50.17387771606445 -56.69999694824219 -6.31731653213501
endloop
endfacet
facet normal 0 0 -1
outer loop
vertex 41.75 -55.499996185302734 -5.699999809265137
vertex 49.25 -56.69999694824219 -5.699999809265137
vertex 41.75 -56.69999694824219 -5.699999809265137
endloop
endfacet
facet normal 0 0 -1
outer loop
vertex 49.25 -56.69999694824219 -5.699999809265137
vertex 41.75 -55.499996185302734 -5.699999809265137
vertex 49.25 -55.499996185302734 -5.699999809265137
endloop
endfacet
facet normal -0.5555682361196549 0 -0.8314709465849636
outer loop
vertex 49.63268280029297 -55.499996185302734 -5.776120662689209
vertex 49.95710754394531 -56.69999694824219 -5.992893218994141
vertex 49.63268280029297 -56.69999694824219 -5.776120662689209
endloop
endfacet
facet normal -0.19509158345481065 0 -0.9807850294866326
outer loop
vertex 49.25 -56.69999694824219 -5.699999809265137
vertex 49.25 -55.499996185302734 -5.699999809265137
vertex 49.63268280029297 -56.69999694824219 -5.776120662689209
endloop
endfacet
facet normal -0.19509158345481065 0 -0.9807850294866326
outer loop
vertex 49.25 -55.499996185302734 -5.699999809265137
vertex 49.63268280029297 -55.499996185302734 -5.776120662689209
vertex 49.63268280029297 -56.69999694824219 -5.776120662689209
endloop
endfacet
facet normal 0.19509158345481065 0 -0.9807850294866326
outer loop
vertex 41.36731719970703 -56.69999694824219 -5.776120662689209
vertex 41.36731719970703 -55.499996185302734 -5.776120662689209
vertex 41.75 -56.69999694824219 -5.699999809265137
endloop
endfacet
facet normal 0.5555682361196549 0 -0.8314709465849636
outer loop
vertex 41.36731719970703 -56.69999694824219 -5.776120662689209
vertex 41.04289245605469 -55.499996185302734 -5.992893218994141
vertex 41.36731719970703 -55.499996185302734 -5.776120662689209
endloop
endfacet
facet normal 0.5555682361196549 0 -0.8314709465849636
outer loop
vertex 41.04289245605469 -56.69999694824219 -5.992893218994141
vertex 41.04289245605469 -55.499996185302734 -5.992893218994141
vertex 41.36731719970703 -56.69999694824219 -5.776120662689209
endloop
endfacet
facet normal 0.8314726376298004 0 -0.555565705270711
outer loop
vertex 41.04289245605469 -56.69999694824219 -5.992893218994141
vertex 40.82612228393555 -55.499996185302734 -6.31731653213501
vertex 41.04289245605469 -55.499996185302734 -5.992893218994141
endloop
endfacet
facet normal 0.8314726376298004 0 -0.555565705270711
outer loop
vertex 40.82612228393555 -56.69999694824219 -6.31731653213501
vertex 40.82612228393555 -55.499996185302734 -6.31731653213501
vertex 41.04289245605469 -56.69999694824219 -5.992893218994141
endloop
endfacet
facet normal 0.9807843744785476 0 -0.1950948763518
outer loop
vertex 40.75 -56.69999694824219 -6.699999809265137
vertex 40.75 -55.499996185302734 -6.699999809265137
vertex 40.82612228393555 -56.69999694824219 -6.31731653213501
endloop
endfacet
facet normal 0.19509040787318935 0 0.9807852633251952
outer loop
vertex 41.36731719970703 -56.69999694824219 -9.123879432678223
vertex 41.75 -55.499996185302734 -9.199999809265137
vertex 41.36731719970703 -55.499996185302734 -9.123879432678223
endloop
endfacet
facet normal 0.5555690810033217 0 0.83147038205406
outer loop
vertex 41.04289245605469 -56.69999694824219 -8.907106399536133
vertex 41.36731719970703 -56.69999694824219 -9.123879432678223
vertex 41.36731719970703 -55.499996185302734 -9.123879432678223
endloop
endfacet
facet normal 0.5555690810033217 0 0.83147038205406
outer loop
vertex 41.04289245605469 -56.69999694824219 -8.907106399536133
vertex 41.36731719970703 -55.499996185302734 -9.123879432678223
vertex 41.04289245605469 -55.499996185302734 -8.907106399536133
endloop
endfacet
facet normal 0.8314722604247334 0 0.5555662698042281
outer loop
vertex 40.82612228393555 -56.69999694824219 -8.582683563232422
vertex 41.04289245605469 -56.69999694824219 -8.907106399536133
vertex 41.04289245605469 -55.499996185302734 -8.907106399536133
endloop
endfacet
facet normal 0.8314722604247334 0 0.5555662698042281
outer loop
vertex 40.82612228393555 -56.69999694824219 -8.582683563232422
vertex 41.04289245605469 -55.499996185302734 -8.907106399536133
vertex 40.82612228393555 -55.499996185302734 -8.582683563232422
endloop
endfacet
facet normal 0.980784420993769 0 0.19509464250952002
outer loop
vertex 40.82612228393555 -56.69999694824219 -8.582683563232422
vertex 40.82612228393555 -55.499996185302734 -8.582683563232422
vertex 40.75 -56.69999694824219 -8.199999809265137
endloop
endfacet
facet normal 0 0 1
outer loop
vertex 41.75 -55.499996185302734 -9.199999809265137
vertex 41.75 -56.69999694824219 -9.199999809265137
vertex 49.25 -55.499996185302734 -9.199999809265137
endloop
endfacet
facet normal 0 0 1
outer loop
vertex 49.25 -55.499996185302734 -9.199999809265137
vertex 41.75 -56.69999694824219 -9.199999809265137
vertex 49.25 -56.69999694824219 -9.199999809265137
endloop
endfacet
facet normal -0.19509040787318935 0 0.9807852633251952
outer loop
vertex 49.63268280029297 -56.69999694824219 -9.123879432678223
vertex 49.63268280029297 -55.499996185302734 -9.123879432678223
vertex 49.25 -56.69999694824219 -9.199999809265137
endloop
endfacet
facet normal -0.19509040787318935 0 0.9807852633251952
outer loop
vertex 49.25 -55.499996185302734 -9.199999809265137
vertex 49.25 -56.69999694824219 -9.199999809265137
vertex 49.63268280029297 -55.499996185302734 -9.123879432678223
endloop
endfacet
facet normal -0.5555690810033217 0 0.83147038205406
outer loop
vertex 49.63268280029297 -56.69999694824219 -9.123879432678223
vertex 49.95710754394531 -56.69999694824219 -8.907106399536133
vertex 49.95710754394531 -55.499996185302734 -8.907106399536133
endloop
endfacet
facet normal -0.5555690810033217 0 0.83147038205406
outer loop
vertex 49.63268280029297 -55.499996185302734 -9.123879432678223
vertex 49.63268280029297 -56.69999694824219 -9.123879432678223
vertex 49.95710754394531 -55.499996185302734 -8.907106399536133
endloop
endfacet
facet normal -0.8314722604247334 0 0.5555662698042281
outer loop
vertex 49.95710754394531 -55.499996185302734 -8.907106399536133
vertex 49.95710754394531 -56.69999694824219 -8.907106399536133
vertex 50.17387771606445 -55.499996185302734 -8.582683563232422
endloop
endfacet
facet normal -0.8314722604247334 0 0.5555662698042281
outer loop
vertex 50.17387771606445 -55.499996185302734 -8.582683563232422
vertex 49.95710754394531 -56.69999694824219 -8.907106399536133
vertex 50.17387771606445 -56.69999694824219 -8.582683563232422
endloop
endfacet
facet normal -0.980784420993769 0 0.19509464250952002
outer loop
vertex 50.17387771606445 -55.499996185302734 -8.582683563232422
vertex 50.17387771606445 -56.69999694824219 -8.582683563232422
vertex 50.25 -55.499996185302734 -8.199999809265137
endloop
endfacet
facet normal 0.980784420993769 0 0.19509464250952002
outer loop
vertex 40.75 -56.69999694824219 -8.199999809265137
vertex 40.82612228393555 -55.499996185302734 -8.582683563232422
vertex 40.75 -55.499996185302734 -8.199999809265137
endloop
endfacet
facet normal 1 0 0
outer loop
vertex 40.75 -56.69999694824219 -8.199999809265137
vertex 40.75 -55.499996185302734 -8.199999809265137
vertex 40.75 -56.69999694824219 -6.699999809265137
endloop
endfacet
facet normal 1 0 0
outer loop
vertex 40.75 -56.69999694824219 -6.699999809265137
vertex 40.75 -55.499996185302734 -8.199999809265137
vertex 40.75 -55.499996185302734 -6.699999809265137
endloop
endfacet
facet normal -0.980784420993769 0 0.19509464250952002
outer loop
vertex 50.25 -55.499996185302734 -8.199999809265137
vertex 50.17387771606445 -56.69999694824219 -8.582683563232422
vertex 50.25 -56.69999694824219 -8.199999809265137
endloop
endfacet
facet normal 0.19509040787318935 0 0.9807852633251952
outer loop
vertex 41.36731719970703 -56.69999694824219 -9.123879432678223
vertex 41.75 -56.69999694824219 -9.199999809265137
vertex 41.75 -55.499996185302734 -9.199999809265137
endloop
endfacet
facet normal -1 0 0
outer loop
vertex 50.25 -55.499996185302734 -8.199999809265137
vertex 50.25 -56.69999694824219 -8.199999809265137
vertex 50.25 -55.499996185302734 -6.699999809265137
endloop
endfacet
facet normal -0.9807843744785476 0 -0.1950948763518
outer loop
vertex 50.17387771606445 -55.499996185302734 -6.31731653213501
vertex 50.25 -56.69999694824219 -6.699999809265137
vertex 50.17387771606445 -56.69999694824219 -6.31731653213501
endloop
endfacet
facet normal 0.4226161045322797 -0.9063087929563307 0
outer loop
vertex 103.47587585449219 -54.21753692626953 -1.5
vertex 104.23971557617188 -53.86135482788086 -1.5
vertex 104.23971557617188 -53.86135482788086 -0.5
endloop
endfacet
facet normal -0.04493010925366042 -0.09635222476849098 -0.9943327079326196
outer loop
vertex 97.69880676269531 -53.19999694824219 -1.5949000120162964
vertex 98.37390899658203 -53.19999694824219 -1.6254053115844727
vertex 98.27595520019531 -53.4691276550293 -1.5949000120162964
endloop
endfacet
facet normal 0.009265582614834804 -0.10590824478512655 -0.994332737399982
outer loop
vertex 101.9906005859375 -53.79411697387695 -1.5949000120162964
vertex 100.73971557617188 -53.9035530090332 -1.5949000120162964
vertex 101.8858413696289 -53.19999694824219 -1.6591570377349854
endloop
endfacet
facet normal 0.03073834974401115 -0.11471696157486275 -0.9929225410786314
outer loop
vertex 103.47587585449219 -54.21753692626953 -1.5
vertex 101.9906005859375 -53.79411697387695 -1.5949000120162964
vertex 103.20347595214844 -53.4691276550293 -1.5949000120162964
endloop
endfacet
facet normal 0.04492988620302118 -0.09635186700697328 0.9943327526789281
outer loop
vertex 103.35855865478516 -52.520145416259766 -0.32014966011047363
vertex 104.23971557617188 -52.762176513671875 -0.38341864943504333
vertex 104.12203979492188 -52.558345794677734 -0.3583499491214752
endloop
endfacet
facet normal 0.06097942804651275 -0.0870861207921511 0.9943326993117018
outer loop
vertex 104.23971557617188 -52.762176513671875 -0.38341864943504333
vertex 104.23971557617188 -52.56625747680664 -0.3662595748901367
vertex 104.12203979492188 -52.558345794677734 -0.3583499491214752
endloop
endfacet
facet normal 0.044929429484334 -0.09635349395452461 0.9943326156618658
outer loop
vertex 103.35855865478516 -52.520145416259766 -0.32014966011047363
vertex 104.23971557617188 -52.98591995239258 -0.4050999879837036
vertex 104.23971557617188 -52.762176513671875 -0.38341864943504333
endloop
endfacet
facet normal 0.0449299945535713 -0.09635243893984624 0.9943326923619474
outer loop
vertex 103.35855865478516 -52.520145416259766 -0.32014966011047363
vertex 103.20347595214844 -53.4691276550293 -0.4050999879837036
vertex 104.23971557617188 -52.98591995239258 -0.4050999879837036
endloop
endfacet
facet normal 0.039660742911434 -0.08505273692081106 0.9955867904979417
outer loop
vertex 102.85001373291016 -52.49799728393555 -0.2979988753795624
vertex 102.93069458007812 -52.719661712646484 -0.32014966011047363
vertex 103.35855865478516 -52.520145416259766 -0.32014966011047363
endloop
endfacet
facet normal 0.024288872367661914 -0.09064774965612396 0.9955867798245356
outer loop
vertex 101.75688934326172 -52.46865463256836 -0.2686587870121002
vertex 102.93069458007812 -52.719661712646484 -0.32014966011047363
vertex 102.85001373291016 -52.49799728393555 -0.2979988753795624
endloop
endfacet
facet normal 0.024288844875980136 -0.09064787599561622 0.9955867689920723
outer loop
vertex 101.75688934326172 -52.46865463256836 -0.2686587870121002
vertex 101.85210418701172 -53.0086669921875 -0.32014966011047363
vertex 102.93069458007812 -52.719661712646484 -0.32014966011047363
endloop
endfacet
facet normal 0.008179357924809083 -0.09348875154587402 0.9955867372752268
outer loop
vertex 101.75688934326172 -52.46865463256836 -0.2686587870121002
vertex 100.73971557617188 -52.459434509277344 -0.2594362795352936
vertex 100.73971557617188 -53.105987548828125 -0.32014966011047363
endloop
endfacet
facet normal -0.0081794192711038 -0.09348875149896053 0.9955867367756327
outer loop
vertex 100.73971557617188 -52.459434509277344 -0.2594362795352936
vertex 99.72254943847656 -52.46865463256836 -0.2686587870121002
vertex 100.73971557617188 -53.105987548828125 -0.32014966011047363
endloop
endfacet
facet normal 0.04492987147439862 -0.09635241949278227 0.9943326998078567
outer loop
vertex 102.93069458007812 -52.719661712646484 -0.32014966011047363
vertex 103.20347595214844 -53.4691276550293 -0.4050999879837036
vertex 103.35855865478516 -52.520145416259766 -0.32014966011047363
endloop
endfacet
facet normal 0.027515879126116617 -0.10269055023112574 0.9943327045255755
outer loop
vertex 102.93069458007812 -52.719661712646484 -0.32014966011047363
vertex 101.9906005859375 -53.79411697387695 -0.4050999879837036
vertex 103.20347595214844 -53.4691276550293 -0.4050999879837036
endloop
endfacet
facet normal 0.02751557527983731 -0.10269028719358086 0.9943327400991679
outer loop
vertex 101.85210418701172 -53.0086669921875 -0.32014966011047363
vertex 101.9906005859375 -53.79411697387695 -0.4050999879837036
vertex 102.93069458007812 -52.719661712646484 -0.32014966011047363
endloop
endfacet
facet normal 0.008179099905979733 -0.09348834302222978 0.995586777756558
outer loop
vertex 100.73971557617188 -53.105987548828125 -0.32014966011047363
vertex 101.85210418701172 -53.0086669921875 -0.32014966011047363
vertex 101.75688934326172 -52.46865463256836 -0.2686587870121002
endloop
endfacet
facet normal -0.008179090037518433 -0.09348823022423174 0.9955867884296673
outer loop
vertex 99.72254943847656 -52.46865463256836 -0.2686587870121002
vertex 99.62732696533203 -53.0086669921875 -0.32014966011047363
vertex 100.73971557617188 -53.105987548828125 -0.32014966011047363
endloop
endfacet
facet normal 0.009265705706243852 -0.10590841087233244 0.9943327185626863
outer loop
vertex 100.73971557617188 -53.105987548828125 -0.32014966011047363
vertex 100.73971557617188 -53.9035530090332 -0.4050999879837036
vertex 101.85210418701172 -53.0086669921875 -0.32014966011047363
endloop
endfacet
facet normal 0.009265584057672584 -0.10590826127717276 0.9943327356299381
outer loop
vertex 100.73971557617188 -53.9035530090332 -0.4050999879837036
vertex 101.9906005859375 -53.79411697387695 -0.4050999879837036
vertex 101.85210418701172 -53.0086669921875 -0.32014966011047363
endloop
endfacet
facet normal -0.009265690978523283 -0.10590824253226955 0.9943327366301566
outer loop
vertex 99.62732696533203 -53.0086669921875 -0.32014966011047363
vertex 99.48883056640625 -53.79411697387695 -0.4050999879837036
vertex 100.73971557617188 -53.105987548828125 -0.32014966011047363
endloop
endfacet
facet normal -0.009265597154607525 -0.10590841097886444 0.9943327195628737
outer loop
vertex 99.48883056640625 -53.79411697387695 -0.4050999879837036
vertex 100.73971557617188 -53.9035530090332 -0.4050999879837036
vertex 100.73971557617188 -53.105987548828125 -0.32014966011047363
endloop
endfacet
facet normal 0.05019182601666013 -0.10763644419728131 0.9929225430423457
outer loop
vertex 103.20347595214844 -53.4691276550293 -0.4050999879837036
vertex 103.47587585449219 -54.21753692626953 -0.5
vertex 104.23971557617188 -52.98591995239258 -0.4050999879837036
endloop
endfacet
facet normal 0.05019121105444251 -0.1076360683370356 0.9929226148727973
outer loop
vertex 103.47587585449219 -54.21753692626953 -0.5
vertex 104.23971557617188 -53.86135482788086 -0.5
vertex 104.23971557617188 -52.98591995239258 -0.4050999879837036
endloop
endfacet
facet normal 0.4226161045322797 -0.9063087929563307 0
outer loop
vertex 103.47587585449219 -54.21753692626953 -0.5
vertex 103.47587585449219 -54.21753692626953 -1.5
vertex 104.23971557617188 -53.86135482788086 -0.5
endloop
endfacet
facet normal 0.030738657710172475 -0.11471684991081553 0.9929225444457972
outer loop
vertex 103.20347595214844 -53.4691276550293 -0.4050999879837036
vertex 102.12890625 -54.578460693359375 -0.5
vertex 103.47587585449219 -54.21753692626953 -0.5
endloop
endfacet
facet normal 0.0307382033724734 -0.11471641530942522 0.9929226087223454
outer loop
vertex 101.9906005859375 -53.79411697387695 -0.4050999879837036
vertex 102.12890625 -54.578460693359375 -0.5
vertex 103.20347595214844 -53.4691276550293 -0.4050999879837036
endloop
endfacet
facet normal 0.010350720467744563 -0.11831139897355938 0.9929225928836134
outer loop
vertex 101.9906005859375 -53.79411697387695 -0.4050999879837036
vertex 100.73971557617188 -54.69999694824219 -0.5
vertex 102.12890625 -54.578460693359375 -0.5
endloop
endfacet
facet normal 0.010350692643024994 -0.11831136105548005 0.9929225976917886
outer loop
vertex 100.73971557617188 -53.9035530090332 -0.4050999879837036
vertex 100.73971557617188 -54.69999694824219 -0.5
vertex 101.9906005859375 -53.79411697387695 -0.4050999879837036
endloop
endfacet
facet normal -0.010350773987833848 -0.11831136095585378 0.9929225968556796
outer loop
vertex 100.73971557617188 -53.9035530090332 -0.4050999879837036
vertex 99.35053253173828 -54.578460693359375 -0.5
vertex 100.73971557617188 -54.69999694824219 -0.5
endloop
endfacet
facet normal 0.258821955123109 -0.9659250465467034 0
outer loop
vertex 102.12890625 -54.578460693359375 -0.5
vertex 102.12890625 -54.578460693359375 -1.5
vertex 103.47587585449219 -54.21753692626953 -0.5
endloop
endfacet
facet normal 0.08715419094113803 -0.996194833856006 0
outer loop
vertex 100.73971557617188 -54.69999694824219 -0.5
vertex 100.73971557617188 -54.69999694824219 -1.5
vertex 102.12890625 -54.578460693359375 -0.5
endloop
endfacet
facet normal 0.258821955123109 -0.9659250465467034 0
outer loop
vertex 102.12890625 -54.578460693359375 -1.5
vertex 103.47587585449219 -54.21753692626953 -1.5
vertex 103.47587585449219 -54.21753692626953 -0.5
endloop
endfacet
facet normal 0.05019205778065872 -0.10763614824115227 -0.992922563409429
outer loop
vertex 104.23971557617188 -53.86135482788086 -1.5
vertex 103.78063201904297 -53.19999694824219 -1.5949000120162964
vertex 104.23971557617188 -53.19999694824219 -1.5716934204101562
endloop
endfacet
facet normal 0.050191457537931694 -0.1076365628066787 -0.9929225488110248
outer loop
vertex 104.23971557617188 -53.86135482788086 -1.5
vertex 103.20347595214844 -53.4691276550293 -1.5949000120162964
vertex 103.78063201904297 -53.19999694824219 -1.5949000120162964
endloop
endfacet
facet normal 0.050191450325872154 -0.10763658145946103 -0.9929225471535563
outer loop
vertex 103.20347595214844 -53.4691276550293 -1.5949000120162964
vertex 104.23971557617188 -53.86135482788086 -1.5
vertex 103.47587585449219 -54.21753692626953 -1.5
endloop
endfacet
facet normal 0.04492960172492541 -0.09635241005482226 -0.9943327129112604
outer loop
vertex 103.20347595214844 -53.4691276550293 -1.5949000120162964
vertex 103.10552215576172 -53.19999694824219 -1.6254053115844727
vertex 103.78063201904297 -53.19999694824219 -1.5949000120162964
endloop
endfacet
facet normal 0.027515835928854173 -0.10269038901691817 -0.9943327223704802
outer loop
vertex 103.20347595214844 -53.4691276550293 -1.5949000120162964
vertex 101.9906005859375 -53.79411697387695 -1.5949000120162964
vertex 103.10552215576172 -53.19999694824219 -1.6254053115844727
endloop
endfacet
facet normal 0.027515762057422326 -0.10269025122592364 -0.9943327386451459
outer loop
vertex 101.9906005859375 -53.79411697387695 -1.5949000120162964
vertex 101.8858413696289 -53.19999694824219 -1.6591570377349854
vertex 103.10552215576172 -53.19999694824219 -1.6254053115844727
endloop
endfacet
facet normal 0.03073852590903764 -0.11471635802821137 -0.9929226053553634
outer loop
vertex 102.12890625 -54.578460693359375 -1.5
vertex 101.9906005859375 -53.79411697387695 -1.5949000120162964
vertex 103.47587585449219 -54.21753692626953 -1.5
endloop
endfacet
facet normal 0.00926581473376378 -0.10590861907908092 -0.9943326953701571
outer loop
vertex 100.73971557617188 -53.9035530090332 -1.5949000120162964
vertex 100.73971557617188 -53.19999694824219 -1.6698373556137085
vertex 101.8858413696289 -53.19999694824219 -1.6591570377349854
endloop
endfacet
facet normal -0.009265615377764283 -0.10590861927472955 -0.9943326972070222
outer loop
vertex 100.73971557617188 -53.9035530090332 -1.5949000120162964
vertex 99.48883056640625 -53.79411697387695 -1.5949000120162964
vertex 100.73971557617188 -53.19999694824219 -1.6698373556137085
endloop
endfacet
facet normal -0.009265815145694216 -0.10590820401899279 -0.9943327395752175
outer loop
vertex 99.48883056640625 -53.79411697387695 -1.5949000120162964
vertex 99.59358978271484 -53.19999694824219 -1.6591570377349854
vertex 100.73971557617188 -53.19999694824219 -1.6698373556137085
endloop
endfacet
facet normal 0.01035069633006105 -0.1183114031993509 -0.9929225926317135
outer loop
vertex 102.12890625 -54.578460693359375 -1.5
vertex 100.73971557617188 -53.9035530090332 -1.5949000120162964
vertex 101.9906005859375 -53.79411697387695 -1.5949000120162964
endloop
endfacet
facet normal 0.010350717147776344 -0.11831136102546817 -0.9929225974399152
outer loop
vertex 102.12890625 -54.578460693359375 -1.5
vertex 100.73971557617188 -54.69999694824219 -1.5
vertex 100.73971557617188 -53.9035530090332 -1.5949000120162964
endloop
endfacet
facet normal -0.010350692643024994 -0.11831136105548005 -0.9929225976917886
outer loop
vertex 100.73971557617188 -54.69999694824219 -1.5
vertex 99.48883056640625 -53.79411697387695 -1.5949000120162964
vertex 100.73971557617188 -53.9035530090332 -1.5949000120162964
endloop
endfacet
facet normal 0.08715419094113803 -0.996194833856006 0
outer loop
vertex 100.73971557617188 -54.69999694824219 -1.5
vertex 102.12890625 -54.578460693359375 -1.5
vertex 102.12890625 -54.578460693359375 -0.5
endloop
endfacet
facet normal -0.08715466595624162 -0.9961947922982011 0
outer loop
vertex 100.73971557617188 -54.69999694824219 -0.5
vertex 99.35053253173828 -54.578460693359375 -1.5
vertex 100.73971557617188 -54.69999694824219 -1.5
endloop
endfacet
facet normal -0.024288708509417445 -0.09064755994543673 0.9955868010951546
outer loop
vertex 98.6294174194336 -52.49799728393555 -0.2979988753795624
vertex 99.62732696533203 -53.0086669921875 -0.32014966011047363
vertex 99.72254943847656 -52.46865463256836 -0.2686587870121002
endloop
endfacet
facet normal -0.024288816462904723 -0.09064776995578805 0.9955867793401407
outer loop
vertex 98.54873657226562 -52.719661712646484 -0.32014966011047363
vertex 99.62732696533203 -53.0086669921875 -0.32014966011047363
vertex 98.6294174194336 -52.49799728393555 -0.2979988753795624
endloop
endfacet
facet normal -0.03966134730220909 -0.08505251641267583 0.9955867852588467
outer loop
vertex 98.12088012695312 -52.520145416259766 -0.32014966011047363
vertex 98.54873657226562 -52.719661712646484 -0.32014966011047363
vertex 98.6294174194336 -52.49799728393555 -0.2979988753795624
endloop
endfacet
facet normal -0.04493018162099602 -0.09635136649862173 0.9943327878297853
outer loop
vertex 98.12088012695312 -52.520145416259766 -0.32014966011047363
vertex 97.23971557617188 -52.98591995239258 -0.4050999879837036
vertex 98.54873657226562 -52.719661712646484 -0.32014966011047363
endloop
endfacet
facet normal -0.044929883088742906 -0.09635192387936127 0.994332747308655
outer loop
vertex 97.3573989868164 -52.558345794677734 -0.3583499491214752
vertex 97.23971557617188 -52.98591995239258 -0.4050999879837036
vertex 98.12088012695312 -52.520145416259766 -0.32014966011047363
endloop
endfacet
facet normal -0.060975489459894804 -0.08708614178524968 0.994332939006893
outer loop
vertex 97.23971557617188 -52.56625747680664 -0.3662595748901367
vertex 97.23971557617188 -52.762176513671875 -0.38341864943504333
vertex 97.3573989868164 -52.558345794677734 -0.3583499491214752
endloop
endfacet
facet normal -0.027515798059301662 -0.10269024768597372 0.9943327380144704
outer loop
vertex 98.27595520019531 -53.4691276550293 -0.4050999879837036
vertex 99.48883056640625 -53.79411697387695 -0.4050999879837036
vertex 99.62732696533203 -53.0086669921875 -0.32014966011047363
endloop
endfacet
facet normal -0.027515666438836437 -0.10269062740612252 0.99433270244087
outer loop
vertex 98.54873657226562 -52.719661712646484 -0.32014966011047363
vertex 98.27595520019531 -53.4691276550293 -0.4050999879837036
vertex 99.62732696533203 -53.0086669921875 -0.32014966011047363
endloop
endfacet
facet normal -0.0449299688995876 -0.09635238392484072 0.9943326988521911
outer loop
vertex 97.23971557617188 -52.98591995239258 -0.4050999879837036
vertex 98.27595520019531 -53.4691276550293 -0.4050999879837036
vertex 98.54873657226562 -52.719661712646484 -0.32014966011047363
endloop
endfacet
facet normal -0.04492413700743404 -0.09635351691121553 0.994332852566472
outer loop
vertex 97.23971557617188 -52.762176513671875 -0.38341864943504333
vertex 97.23971557617188 -52.98591995239258 -0.4050999879837036
vertex 97.3573989868164 -52.558345794677734 -0.3583499491214752
endloop
endfacet
facet normal -0.010350704882277614 -0.11831150095361884 0.9929225808946747
outer loop
vertex 99.48883056640625 -53.79411697387695 -0.4050999879837036
vertex 99.35053253173828 -54.578460693359375 -0.5
vertex 100.73971557617188 -53.9035530090332 -0.4050999879837036
endloop
endfacet
facet normal -0.03073834974401115 -0.11471696157486275 0.9929225410786314
outer loop
vertex 98.27595520019531 -53.4691276550293 -0.4050999879837036
vertex 98.00355529785156 -54.21753692626953 -0.5
vertex 99.48883056640625 -53.79411697387695 -0.4050999879837036
endloop
endfacet
facet normal -0.030738435134828112 -0.11471666902338 0.9929225722349362
outer loop
vertex 98.00355529785156 -54.21753692626953 -0.5
vertex 99.35053253173828 -54.578460693359375 -0.5
vertex 99.48883056640625 -53.79411697387695 -0.4050999879837036
endloop
endfacet
facet normal -0.050191649642026714 -0.10763606596162237 0.9929225929600541
outer loop
vertex 97.23971557617188 -52.98591995239258 -0.4050999879837036
vertex 97.23971557617188 -53.86135482788086 -0.5
vertex 98.27595520019531 -53.4691276550293 -0.4050999879837036
endloop
endfacet
facet normal -0.050191450325872154 -0.10763658145946103 0.9929225471535563
outer loop
vertex 97.23971557617188 -53.86135482788086 -0.5
vertex 98.00355529785156 -54.21753692626953 -0.5
vertex 98.27595520019531 -53.4691276550293 -0.4050999879837036
endloop
endfacet
facet normal -0.25882058733748775 -0.9659254130471346 0
outer loop
vertex 98.00355529785156 -54.21753692626953 -0.5
vertex 98.00355529785156 -54.21753692626953 -1.5
vertex 99.35053253173828 -54.578460693359375 -0.5
endloop
endfacet
facet normal -0.4226161045322797 -0.9063087929563307 0
outer loop
vertex 97.23971557617188 -53.86135482788086 -0.5
vertex 97.23971557617188 -53.86135482788086 -1.5
vertex 98.00355529785156 -54.21753692626953 -0.5
endloop
endfacet
facet normal -0.08715466595624162 -0.9961947922982011 0
outer loop
vertex 99.35053253173828 -54.578460693359375 -0.5
vertex 99.35053253173828 -54.578460693359375 -1.5
vertex 100.73971557617188 -54.69999694824219 -0.5
endloop
endfacet
facet normal -0.25882058733748775 -0.9659254130471346 0
outer loop
vertex 98.00355529785156 -54.21753692626953 -1.5
vertex 99.35053253173828 -54.578460693359375 -1.5
vertex 99.35053253173828 -54.578460693359375 -0.5
endloop
endfacet
facet normal -0.4226161045322797 -0.9063087929563307 0
outer loop
vertex 98.00355529785156 -54.21753692626953 -1.5
vertex 98.00355529785156 -54.21753692626953 -0.5
vertex 97.23971557617188 -53.86135482788086 -1.5
endloop
endfacet
facet normal -0.02751579733167336 -0.1026902449704308 -0.9943327383150549
outer loop
vertex 99.48883056640625 -53.79411697387695 -1.5949000120162964
vertex 98.27595520019531 -53.4691276550293 -1.5949000120162964
vertex 99.59358978271484 -53.19999694824219 -1.6591570377349854
endloop
endfacet
facet normal -0.027515761586896732 -0.10269041599209901 -0.994332721641837
outer loop
vertex 98.27595520019531 -53.4691276550293 -1.5949000120162964
vertex 98.37390899658203 -53.19999694824219 -1.6254053115844727
vertex 99.59358978271484 -53.19999694824219 -1.6591570377349854
endloop
endfacet
facet normal -0.030738278794330765 -0.11471669678733101 -0.9929225738671498
outer loop
vertex 99.48883056640625 -53.79411697387695 -1.5949000120162964
vertex 99.35053253173828 -54.578460693359375 -1.5
vertex 98.27595520019531 -53.4691276550293 -1.5949000120162964
endloop
endfacet
facet normal -0.010350785008711333 -0.11831148692662811 -0.9929225817307781
outer loop
vertex 99.35053253173828 -54.578460693359375 -1.5
vertex 99.48883056640625 -53.79411697387695 -1.5949000120162964
vertex 100.73971557617188 -54.69999694824219 -1.5
endloop
endfacet
facet normal -0.03073849902122091 -0.11471690744912112 -0.9929225427107757
outer loop
vertex 98.00355529785156 -54.21753692626953 -1.5
vertex 98.27595520019531 -53.4691276550293 -1.5949000120162964
vertex 99.35053253173828 -54.578460693359375 -1.5
endloop
endfacet
facet normal -0.05019203082288579 -0.10763636936938284 -0.99292254080107
outer loop
vertex 98.00355529785156 -54.21753692626953 -1.5
vertex 97.69880676269531 -53.19999694824219 -1.5949000120162964
vertex 98.27595520019531 -53.4691276550293 -1.5949000120162964
endloop
endfacet
facet normal -0.05019122576658369 -0.10763615274740648 -0.9929226049787491
outer loop
vertex 97.23971557617188 -53.19999694824219 -1.5716934204101562
vertex 97.69880676269531 -53.19999694824219 -1.5949000120162964
vertex 97.23971557617188 -53.86135482788086 -1.5
endloop
endfacet
facet normal -0.05019124441076583 -0.10763613987034633 -0.992922605432221
outer loop
vertex 97.23971557617188 -53.86135482788086 -1.5
vertex 97.69880676269531 -53.19999694824219 -1.5949000120162964
vertex 98.00355529785156 -54.21753692626953 -1.5
endloop
endfacet
facet normal -0.05019163759931418 -0.10763590796993795 -0.99292261069561
outer loop
vertex -104.56256866455078 -53.85824203491211 -1.5
vertex -104.56256866455078 -53.09751510620117 -1.5824651718139648
vertex -103.79873657226562 -54.21442413330078 -1.5
endloop
endfacet
facet normal -0.024288611384885927 -0.09064700458852122 0.9955868540293823
outer loop
vertex -103.25354766845703 -52.716548919677734 -0.32014966011047363
vertex -102.17495727539062 -53.00555419921875 -0.32014966011047363
vertex -103.13317108154297 -52.38581466674805 -0.2870999574661255
endloop
endfacet
facet normal -0.027515598828087233 -0.10269037507749836 0.9943327303712648
outer loop
vertex -103.25354766845703 -52.716548919677734 -0.32014966011047363
vertex -103.52633666992188 -53.46601486206055 -0.4050999879837036
vertex -102.17495727539062 -53.00555419921875 -0.32014966011047363
endloop
endfacet
facet normal 0.05019121105444251 -0.1076360683370356 0.9929226148727973
outer loop
vertex -97.56256866455078 -52.98280715942383 -0.4050999879837036
vertex -98.32640838623047 -54.21442413330078 -0.5
vertex -97.56256866455078 -53.85824203491211 -0.5
endloop
endfacet
facet normal 0.05019182601666013 -0.10763644419728131 0.9929225430423457
outer loop
vertex -98.59880828857422 -53.46601486206055 -0.4050999879837036
vertex -98.32640838623047 -54.21442413330078 -0.5
vertex -97.56256866455078 -52.98280715942383 -0.4050999879837036
endloop
endfacet
facet normal 0.03073820290674636 -0.11471701481591276 0.9929225394731401
outer loop
vertex -98.59880828857422 -53.46601486206055 -0.4050999879837036
vertex -99.67338562011719 -54.57534408569336 -0.5
vertex -98.32640838623047 -54.21442413330078 -0.5
endloop
endfacet
facet normal 0.030738419534266304 -0.1147172220353652 0.992922508825852
outer loop
vertex -99.81168365478516 -53.7910041809082 -0.4050999879837036
vertex -99.67338562011719 -54.57534408569336 -0.5
vertex -98.59880828857422 -53.46601486206055 -0.4050999879837036
endloop
endfacet
facet normal -0.02751563282816366 -0.10269027698798784 0.9943327395606545
outer loop
vertex -103.52633666992188 -53.46601486206055 -0.4050999879837036
vertex -102.3134536743164 -53.7910041809082 -0.4050999879837036
vertex -102.17495727539062 -53.00555419921875 -0.32014966011047363
endloop
endfacet
facet normal -0.04493000603118622 -0.09635220632796845 0.994332714383757
outer loop
vertex -103.89329528808594 -52.41822814941406 -0.32014966011047363
vertex -104.56256866455078 -52.98280715942383 -0.4050999879837036
vertex -103.25354766845703 -52.716548919677734 -0.32014966011047363
endloop
endfacet
facet normal -0.0449292086046203 -0.09635314338654505 0.994332659613318
outer loop
vertex -104.37957763671875 -52.442108154296875 -0.34443649649620056
vertex -104.56256866455078 -52.98280715942383 -0.4050999879837036
vertex -103.89329528808594 -52.41822814941406 -0.32014966011047363
endloop
endfacet
facet normal 0.4226161045322797 -0.9063087929563307 0
outer loop
vertex -98.32640838623047 -54.21442413330078 -0.5
vertex -98.32640838623047 -54.21442413330078 -1.5
vertex -97.56256866455078 -53.85824203491211 -0.5
endloop
endfacet
facet normal 0.25881803504136525 -0.9659260969335732 0
outer loop
vertex -99.67338562011719 -54.57534408569336 -0.5
vertex -99.67338562011719 -54.57534408569336 -1.5
vertex -98.32640838623047 -54.21442413330078 -0.5
endloop
endfacet
facet normal -0.06097981562911672 -0.08708727808278598 0.9943325741832912
outer loop
vertex -104.56256866455078 -52.45423889160156 -0.35672131180763245
vertex -104.56256866455078 -52.75905990600586 -0.38341864943504333
vertex -104.37957763671875 -52.442108154296875 -0.34443649649620056
endloop
endfacet
facet normal 0.4226161045322797 -0.9063087929563307 0
outer loop
vertex -98.32640838623047 -54.21442413330078 -1.5
vertex -97.56256866455078 -53.85824203491211 -1.5
vertex -97.56256866455078 -53.85824203491211 -0.5
endloop
endfacet
facet normal 0.25881803504136525 -0.9659260969335732 0
outer loop
vertex -99.67338562011719 -54.57534408569336 -1.5
vertex -98.32640838623047 -54.21442413330078 -1.5
vertex -98.32640838623047 -54.21442413330078 -0.5
endloop
endfacet
facet normal -0.044933012014071814 -0.09635185095154254 0.9943326129869999
outer loop
vertex -104.56256866455078 -52.75905990600586 -0.38341864943504333
vertex -104.56256866455078 -52.98280715942383 -0.4050999879837036
vertex -104.37957763671875 -52.442108154296875 -0.34443649649620056
endloop
endfacet
facet normal 0.06097752347189316 -0.08708725818769006 0.9943327164951303
outer loop
vertex -97.74189758300781 -52.44845962524414 -0.3452177941799164
vertex -97.56256866455078 -52.75905990600586 -0.38341864943504333
vertex -97.56256866455078 -52.46067810058594 -0.3572852909564972
endloop
endfacet
facet normal 0.05019223038408744 -0.10763576615725275 -0.9929225961034484
outer loop
vertex -97.56256866455078 -53.85824203491211 -1.5
vertex -97.8207015991211 -53.10317611694336 -1.5949000120162964
vertex -97.56256866455078 -53.103389739990234 -1.581828236579895
endloop
endfacet
facet normal 0.04492912212316699 -0.09635299667703823 0.9943326777374845
outer loop
vertex -98.24201965332031 -52.422969818115234 -0.32014966011047363
vertex -97.56256866455078 -52.75905990600586 -0.38341864943504333
vertex -97.74189758300781 -52.44845962524414 -0.3452177941799164
endloop
endfacet
facet normal 0.04492968954708375 -0.09635186536432713 0.9943327617241712
outer loop
vertex -98.24201965332031 -52.422969818115234 -0.32014966011047363
vertex -97.56256866455078 -52.98280715942383 -0.4050999879837036
vertex -97.56256866455078 -52.75905990600586 -0.38341864943504333
endloop
endfacet
facet normal 0.039661153912237054 -0.0850519428192279 0.9955868419645896
outer loop
vertex -98.99056243896484 -52.389678955078125 -0.2874859869480133
vertex -98.87158966064453 -52.716548919677734 -0.32014966011047363
vertex -98.24201965332031 -52.422969818115234 -0.32014966011047363
endloop
endfacet
facet normal 0.02428895610722206 -0.09064705175830934 0.9955868413246268
outer loop
vertex -98.87158966064453 -52.716548919677734 -0.32014966011047363
vertex -98.99056243896484 -52.389678955078125 -0.2874859869480133
vertex -100.06403350830078 -52.3598747253418 -0.25858327746391296
endloop
endfacet
facet normal 0.024288779754118073 -0.09064763295571428 0.9955867927094966
outer loop
vertex -100.06403350830078 -52.3598747253418 -0.25858327746391296
vertex -99.95018005371094 -53.00555419921875 -0.32014966011047363
vertex -98.87158966064453 -52.716548919677734 -0.32014966011047363
endloop
endfacet
facet normal -0.044930071304952364 -0.09635189412978502 0.9943327416866723
outer loop
vertex -104.56256866455078 -52.98280715942383 -0.4050999879837036
vertex -103.52633666992188 -53.46601486206055 -0.4050999879837036
vertex -103.25354766845703 -52.716548919677734 -0.32014966011047363
endloop
endfacet
facet normal 0.010351153870481066 -0.11831198959221643 0.9929225179903418
outer loop
vertex -99.81168365478516 -53.7910041809082 -0.4050999879837036
vertex -101.06256866455078 -54.69688415527344 -0.5
vertex -99.67338562011719 -54.57534408569336 -0.5
endloop
endfacet
facet normal 0.010350692643024994 -0.11831136105548005 0.9929225976917886
outer loop
vertex -101.06256866455078 -53.90044021606445 -0.4050999879837036
vertex -101.06256866455078 -54.69688415527344 -0.5
vertex -99.81168365478516 -53.7910041809082 -0.4050999879837036
endloop
endfacet
facet normal -0.010351041994234199 -0.11831136062760993 0.9929225941009083
outer loop
vertex -101.06256866455078 -53.90044021606445 -0.4050999879837036
vertex -102.4517593383789 -54.57534408569336 -0.5
vertex -101.06256866455078 -54.69688415527344 -0.5
endloop
endfacet
facet normal -0.010350745207384082 -0.1183119618810558 0.9929225255524762
outer loop
vertex -102.3134536743164 -53.7910041809082 -0.4050999879837036
vertex -102.4517593383789 -54.57534408569336 -0.5
vertex -101.06256866455078 -53.90044021606445 -0.4050999879837036
endloop
endfacet
facet normal -0.030738173512266993 -0.11471702547392176 0.9929225391517432
outer loop
vertex -103.52633666992188 -53.46601486206055 -0.4050999879837036
vertex -103.79873657226562 -54.21442413330078 -0.5
vertex -102.3134536743164 -53.7910041809082 -0.4050999879837036
endloop
endfacet
facet normal -0.030738190326775012 -0.11471696786662415 0.992922545286853
outer loop
vertex -103.79873657226562 -54.21442413330078 -0.5
vertex -102.4517593383789 -54.57534408569336 -0.5
vertex -102.3134536743164 -53.7910041809082 -0.4050999879837036
endloop
endfacet
facet normal -0.25881803504136525 -0.9659260969335732 0
outer loop
vertex -103.79873657226562 -54.21442413330078 -0.5
vertex -103.79873657226562 -54.21442413330078 -1.5
vertex -102.4517593383789 -54.57534408569336 -0.5
endloop
endfacet
facet normal 0.04492971359949199 -0.09635183643341282 0.9943327634407793
outer loop
vertex -98.24201965332031 -52.422969818115234 -0.32014966011047363
vertex -98.59880828857422 -53.46601486206055 -0.4050999879837036
vertex -97.56256866455078 -52.98280715942383 -0.4050999879837036
endloop
endfacet
facet normal 0.044930627816507744 -0.09635214336773396 0.9943326923884472
outer loop
vertex -98.87158966064453 -52.716548919677734 -0.32014966011047363
vertex -98.59880828857422 -53.46601486206055 -0.4050999879837036
vertex -98.24201965332031 -52.422969818115234 -0.32014966011047363
endloop
endfacet
facet normal 0.02751557527983731 -0.10269028719358086 0.9943327400991679
outer loop
vertex -99.95018005371094 -53.00555419921875 -0.32014966011047363
vertex -99.81168365478516 -53.7910041809082 -0.4050999879837036
vertex -98.87158966064453 -52.716548919677734 -0.32014966011047363
endloop
endfacet
facet normal -0.050192018253694716 -0.10763606396518624 0.9929225745433039
outer loop
vertex -104.56256866455078 -52.98280715942383 -0.4050999879837036
vertex -104.56256866455078 -53.85824203491211 -0.5
vertex -103.52633666992188 -53.46601486206055 -0.4050999879837036
endloop
endfacet
facet normal -0.050191878675635154 -0.10763642495782555 0.9929225424660822
outer loop
vertex -104.56256866455078 -53.85824203491211 -0.5
vertex -103.79873657226562 -54.21442413330078 -0.5
vertex -103.52633666992188 -53.46601486206055 -0.4050999879837036
endloop
endfacet
facet normal 0.027515879126116617 -0.10269055023112574 0.9943327045255755
outer loop
vertex -99.81168365478516 -53.7910041809082 -0.4050999879837036
vertex -98.59880828857422 -53.46601486206055 -0.4050999879837036
vertex -98.87158966064453 -52.716548919677734 -0.32014966011047363
endloop
endfacet
facet normal -0.42261957181647475 -0.9063071761371304 0
outer loop
vertex -104.56256866455078 -53.85824203491211 -0.5
vertex -104.56256866455078 -53.85824203491211 -1.5
vertex -103.79873657226562 -54.21442413330078 -0.5
endloop
endfacet
facet normal 0.08715738072754661 -0.9961945547857174 0
outer loop
vertex -101.06256866455078 -54.69688415527344 -0.5
vertex -101.06256866455078 -54.69688415527344 -1.5
vertex -99.67338562011719 -54.57534408569336 -0.5
endloop
endfacet
facet normal -0.08715690569787334 -0.9961945963461014 0
outer loop
vertex -102.4517593383789 -54.57534408569336 -0.5
vertex -102.4517593383789 -54.57534408569336 -1.5
vertex -101.06256866455078 -54.69688415527344 -0.5
endloop
endfacet
facet normal -0.25881803504136525 -0.9659260969335732 0
outer loop
vertex -103.79873657226562 -54.21442413330078 -1.5
vertex -102.4517593383789 -54.57534408569336 -1.5
vertex -102.4517593383789 -54.57534408569336 -0.5
endloop
endfacet
facet normal -0.42261957181647475 -0.9063071761371304 0
outer loop
vertex -103.79873657226562 -54.21442413330078 -1.5
vertex -103.79873657226562 -54.21442413330078 -0.5
vertex -104.56256866455078 -53.85824203491211 -1.5
endloop
endfacet
facet normal 0.050191694361192266 -0.10763595030298324 -0.9929226032372948
outer loop
vertex -97.56256866455078 -53.85824203491211 -1.5
vertex -98.59880828857422 -53.46601486206055 -1.5949000120162964
vertex -97.8207015991211 -53.10317611694336 -1.5949000120162964
endloop
endfacet
facet normal 0.04492969505961964 -0.09635160729510256 -0.9943327864822219
outer loop
vertex -98.59880828857422 -53.46601486206055 -1.5949000120162964
vertex -98.73114776611328 -53.10240936279297 -1.6361135244369507
vertex -97.8207015991211 -53.10317611694336 -1.5949000120162964
endloop
endfacet
facet normal 0.027515651699240657 -0.10268970146336795 -0.9943327984759078
outer loop
vertex -98.59880828857422 -53.46601486206055 -1.5949000120162964
vertex -99.81168365478516 -53.7910041809082 -1.5949000120162964
vertex -98.73114776611328 -53.10240936279297 -1.6361135244369507
endloop
endfacet
facet normal 0.009265597154607525 -0.10590841097886444 -0.9943327195628737
outer loop
vertex -99.81168365478516 -53.7910041809082 -1.5949000120162964
vertex -101.06256866455078 -53.90044021606445 -1.5949000120162964
vertex -101.06256866455078 -53.102874755859375 -1.6798503398895264
endloop
endfacet
facet normal 0.009265696713475853 -0.10590823223603282 -0.9943327376733869
outer loop
vertex -99.93328094482422 -53.101402282714844 -1.6694839000701904
vertex -99.81168365478516 -53.7910041809082 -1.5949000120162964
vertex -101.06256866455078 -53.102874755859375 -1.6798503398895264
endloop
endfacet
facet normal -0.009265597154607525 -0.10590841097886444 -0.9943327195628737
outer loop
vertex -101.06256866455078 -53.90044021606445 -1.5949000120162964
vertex -102.3134536743164 -53.7910041809082 -1.5949000120162964
vertex -101.06256866455078 -53.102874755859375 -1.6798503398895264
endloop
endfacet
facet normal 0.02751595285389368 -0.10269017063332837 -0.9943327416885357
outer loop
vertex -99.81168365478516 -53.7910041809082 -1.5949000120162964
vertex -99.93328094482422 -53.101402282714844 -1.6694839000701904
vertex -98.73114776611328 -53.10240936279297 -1.6361135244369507
endloop
endfacet
facet normal 0.050191450325872154 -0.10763658145946103 -0.9929225471535563
outer loop
vertex -98.59880828857422 -53.46601486206055 -1.5949000120162964
vertex -97.56256866455078 -53.85824203491211 -1.5
vertex -98.32640838623047 -54.21442413330078 -1.5
endloop
endfacet
facet normal 0.03073834974401115 -0.11471696157486275 -0.9929225410786314
outer loop
vertex -98.32640838623047 -54.21442413330078 -1.5
vertex -99.81168365478516 -53.7910041809082 -1.5949000120162964
vertex -98.59880828857422 -53.46601486206055 -1.5949000120162964
endloop
endfacet
facet normal 0.01035075375968084 -0.11831205963624036 -0.9929225138152711
outer loop
vertex -99.67338562011719 -54.57534408569336 -1.5
vertex -101.06256866455078 -53.90044021606445 -1.5949000120162964
vertex -99.81168365478516 -53.7910041809082 -1.5949000120162964
endloop
endfacet
facet normal 0.010351098836075186 -0.11831136055799114 -0.992922593516636
outer loop
vertex -99.67338562011719 -54.57534408569336 -1.5
vertex -101.06256866455078 -54.69688415527344 -1.5
vertex -101.06256866455078 -53.90044021606445 -1.5949000120162964
endloop
endfacet
facet normal -0.010350692643024994 -0.11831136105548005 -0.9929225976917886
outer loop
vertex -101.06256866455078 -54.69688415527344 -1.5
vertex -102.3134536743164 -53.7910041809082 -1.5949000120162964
vertex -101.06256866455078 -53.90044021606445 -1.5949000120162964
endloop
endfacet
facet normal -0.009265655833889348 -0.1059083056291241 -0.9943327302370852
outer loop
vertex -102.3134536743164 -53.7910041809082 -1.5949000120162964
vertex -102.1915283203125 -53.09950637817383 -1.6696889400482178
vertex -101.06256866455078 -53.102874755859375 -1.6798503398895264
endloop
endfacet
facet normal -0.027515775160621175 -0.10269043127051196 -0.9943327196883277
outer loop
vertex -102.3134536743164 -53.7910041809082 -1.5949000120162964
vertex -103.39257049560547 -53.0984992980957 -1.6365569829940796
vertex -102.1915283203125 -53.09950637817383 -1.6696889400482178
endloop
endfacet
facet normal -0.027515602665895825 -0.10269016442028285 -0.9943327520208051
outer loop
vertex -102.3134536743164 -53.7910041809082 -1.5949000120162964
vertex -103.52633666992188 -53.46601486206055 -1.5949000120162964
vertex -103.39257049560547 -53.0984992980957 -1.6365569829940796
endloop
endfacet
facet normal -0.010351089326940798 -0.11831190163564785 -0.9929225291436904
outer loop
vertex -101.06256866455078 -54.69688415527344 -1.5
vertex -102.4517593383789 -54.57534408569336 -1.5
vertex -102.3134536743164 -53.7910041809082 -1.5949000120162964
endloop
endfacet
facet normal -0.030738159541488553 -0.11471697333399401 -0.9929225456082109
outer loop
vertex -102.4517593383789 -54.57534408569336 -1.5
vertex -103.52633666992188 -53.46601486206055 -1.5949000120162964
vertex -102.3134536743164 -53.7910041809082 -1.5949000120162964
endloop
endfacet
facet normal -0.03073820290674636 -0.11471701481591276 -0.9929225394731401
outer loop
vertex -103.79873657226562 -54.21442413330078 -1.5
vertex -103.52633666992188 -53.46601486206055 -1.5949000120162964
vertex -102.4517593383789 -54.57534408569336 -1.5
endloop
endfacet
facet normal -0.05019201109307059 -0.10763637657785835 -0.9929225410169832
outer loop
vertex -104.31613159179688 -53.09772491455078 -1.5949000120162964
vertex -103.52633666992188 -53.46601486206055 -1.5949000120162964
vertex -103.79873657226562 -54.21442413330078 -1.5
endloop
endfacet
facet normal -0.050192996021841046 -0.10763682456211532 -0.9929224426653553
outer loop
vertex -103.79873657226562 -54.21442413330078 -1.5
vertex -104.56256866455078 -53.09751510620117 -1.5824651718139648
vertex -104.31613159179688 -53.09772491455078 -1.5949000120162964
endloop
endfacet
facet normal -0.044929896087029006 -0.09635181196186737 -0.9943327575662353
outer loop
vertex -103.52633666992188 -53.46601486206055 -1.5949000120162964
vertex -104.31613159179688 -53.09772491455078 -1.5949000120162964
vertex -103.39257049560547 -53.0984992980957 -1.6365569829940796
endloop
endfacet
facet normal 0.08715738072754661 -0.9961945547857174 0
outer loop
vertex -101.06256866455078 -54.69688415527344 -1.5
vertex -99.67338562011719 -54.57534408569336 -1.5
vertex -99.67338562011719 -54.57534408569336 -0.5
endloop
endfacet
facet normal -0.08715690569787334 -0.9961945963461014 0
outer loop
vertex -102.4517593383789 -54.57534408569336 -1.5
vertex -101.06256866455078 -54.69688415527344 -1.5
vertex -101.06256866455078 -54.69688415527344 -0.5
endloop
endfacet
facet normal -0.009265690978523283 -0.10590824253226955 0.9943327366301566
outer loop
vertex -102.17495727539062 -53.00555419921875 -0.32014966011047363
vertex -102.3134536743164 -53.7910041809082 -0.4050999879837036
vertex -101.06256866455078 -53.102874755859375 -0.32014966011047363
endloop
endfacet
facet normal -0.008179082696058309 -0.0934881463102375 0.9955867963697221
outer loop
vertex -102.17495727539062 -53.00555419921875 -0.32014966011047363
vertex -101.06256866455078 -53.102874755859375 -0.32014966011047363
vertex -102.06078338623047 -52.3580207824707 -0.2584066390991211
endloop
endfacet
facet normal -0.009265597154607525 -0.10590841097886444 0.9943327195628737
outer loop
vertex -101.06256866455078 -53.102874755859375 -0.32014966011047363
vertex -102.3134536743164 -53.7910041809082 -0.4050999879837036
vertex -101.06256866455078 -53.90044021606445 -0.4050999879837036
endloop
endfacet
facet normal 0.009265584057672584 -0.10590826127717276 0.9943327356299381
outer loop
vertex -101.06256866455078 -53.90044021606445 -0.4050999879837036
vertex -99.81168365478516 -53.7910041809082 -0.4050999879837036
vertex -99.95018005371094 -53.00555419921875 -0.32014966011047363
endloop
endfacet
facet normal 0.009265705706243852 -0.10590841087233244 0.9943327185626863
outer loop
vertex -101.06256866455078 -53.102874755859375 -0.32014966011047363
vertex -101.06256866455078 -53.90044021606445 -0.4050999879837036
vertex -99.95018005371094 -53.00555419921875 -0.32014966011047363
endloop
endfacet
facet normal 0.00817909812756877 -0.09348832269472479 0.9955867796799767
outer loop
vertex -101.06256866455078 -53.102874755859375 -0.32014966011047363
vertex -99.95018005371094 -53.00555419921875 -0.32014966011047363
vertex -101.06256866455078 -52.34989547729492 -0.24944284558296204
endloop
endfacet
facet normal -0.03966064355500262 -0.0850520809692118 0.9955868504935216
outer loop
vertex -103.13317108154297 -52.38581466674805 -0.2870999574661255
vertex -103.89329528808594 -52.41822814941406 -0.32014966011047363
vertex -103.25354766845703 -52.716548919677734 -0.32014966011047363
endloop
endfacet
facet normal 0.03073826574856354 -0.11471724934574828 -0.9929225104313608
outer loop
vertex -99.67338562011719 -54.57534408569336 -1.5
vertex -99.81168365478516 -53.7910041809082 -1.5949000120162964
vertex -98.32640838623047 -54.21442413330078 -1.5
endloop
endfacet
facet normal 0.008179131739207889 -0.09348826621152091 0.9955867847077705
outer loop
vertex -101.06256866455078 -52.34989547729492 -0.24944284558296204
vertex -99.95018005371094 -53.00555419921875 -0.32014966011047363
vertex -100.06403350830078 -52.3598747253418 -0.25858327746391296
endloop
endfacet
facet normal -0.008179215336191694 -0.09348832260509458 0.9955867787254762
outer loop
vertex -102.06078338623047 -52.3580207824707 -0.2584066390991211
vertex -101.06256866455078 -53.102874755859375 -0.32014966011047363
vertex -101.06256866455078 -52.34989547729492 -0.24944284558296204
endloop
endfacet
facet normal -0.024289013429828914 -0.09064762268834316 0.9955867879434506
outer loop
vertex -103.13317108154297 -52.38581466674805 -0.2870999574661255
vertex -102.17495727539062 -53.00555419921875 -0.32014966011047363
vertex -102.06078338623047 -52.3580207824707 -0.2584066390991211
endloop
endfacet
facet normal -0.08715720259081465 -0.996194570370941 0
outer loop
vertex -10.451757431030273 -54.57534408569336 -0.5
vertex -10.451757431030273 -54.57534408569336 -1.5
vertex -9.06257152557373 -54.69688415527344 -0.5
endloop
endfacet
facet normal 0.039660756949568284 -0.0850521767134745 0.9955868377969284
outer loop
vertex -6.959327697753906 -52.47549819946289 -0.29606184363365173
vertex -6.871592998504639 -52.716548919677734 -0.32014966011047363
vertex -6.407311916351318 -52.50004959106445 -0.32014966011047363
endloop
endfacet
facet normal 0.08715723228021961 -0.9961945677734104 0
outer loop
vertex -9.06257152557373 -54.69688415527344 -0.5
vertex -9.06257152557373 -54.69688415527344 -1.5
vertex -7.673386096954346 -54.57534408569336 -0.5
endloop
endfacet
facet normal 0.05019188193169618 -0.107635643562001 -0.9929226270073356
outer loop
vertex -5.5625715255737305 -53.85824203491211 -1.5
vertex -6.598809719085693 -53.46601486206055 -1.5949000120162964
vertex -5.985996246337891 -53.18025207519531 -1.5949000120162964
endloop
endfacet
facet normal 0.044930190108941566 -0.09635203426562465 -0.9943327227390488
outer loop
vertex -6.598809719085693 -53.46601486206055 -1.5949000120162964
vertex -6.703036785125732 -53.17965316772461 -1.6273584365844727
vertex -5.985996246337891 -53.18025207519531 -1.5949000120162964
endloop
endfacet
facet normal 0.027515783869835064 -0.10269035621919681 -0.994332727198297
outer loop
vertex -6.598809719085693 -53.46601486206055 -1.5949000120162964
vertex -7.811686992645264 -53.7910041809082 -1.5949000120162964
vertex -6.703036785125732 -53.17965316772461 -1.6273584365844727
endloop
endfacet
facet normal -0.422616537940031 -0.906308590856107 0
outer loop
vertex -12.56257152557373 -53.85824203491211 -0.5
vertex -12.56257152557373 -53.85824203491211 -1.5
vertex -11.79873275756836 -54.21442413330078 -0.5
endloop
endfacet
facet normal -0.2588183769835761 -0.9659260053107523 0
outer loop
vertex -11.79873275756836 -54.21442413330078 -0.5
vertex -11.79873275756836 -54.21442413330078 -1.5
vertex -10.451757431030273 -54.57534408569336 -0.5
endloop
endfacet
facet normal -0.050191529005983705 -0.10763661580319266 0.9929225394533439
outer loop
vertex -12.56257152557373 -53.85824203491211 -0.5
vertex -11.79873275756836 -54.21442413330078 -0.5
vertex -11.526333808898926 -53.46601486206055 -0.4050999879837036
endloop
endfacet
facet normal -0.030738279014299572 -0.11471713641220234 0.9929225230684533
outer loop
vertex -11.79873275756836 -54.21442413330078 -0.5
vertex -10.451757431030273 -54.57534408569336 -0.5
vertex -10.313456535339355 -53.7910041809082 -0.4050999879837036
endloop
endfacet
facet normal -0.030738315113659948 -0.11471701273464692 0.9929225362399687
outer loop
vertex -11.526333808898926 -53.46601486206055 -0.4050999879837036
vertex -11.79873275756836 -54.21442413330078 -0.5
vertex -10.313456535339355 -53.7910041809082 -0.4050999879837036
endloop
endfacet
facet normal -0.08715720259081465 -0.996194570370941 0
outer loop
vertex -10.451757431030273 -54.57534408569336 -1.5
vertex -9.06257152557373 -54.69688415527344 -1.5
vertex -9.06257152557373 -54.69688415527344 -0.5
endloop
endfacet
facet normal 0.08715723228021961 -0.9961945677734104 0
outer loop
vertex -9.06257152557373 -54.69688415527344 -1.5
vertex -7.673386096954346 -54.57534408569336 -1.5
vertex -7.673386096954346 -54.57534408569336 -0.5
endloop
endfacet
facet normal -0.050191310669869385 -0.10763614757755939 -0.9929226012473995
outer loop
vertex -12.56257152557373 -53.85824203491211 -1.5
vertex -12.15024185180664 -53.175079345703125 -1.5949000120162964
vertex -11.79873275756836 -54.21442413330078 -1.5
endloop
endfacet
facet normal -0.030738252006221562 -0.11471703561640412 -0.9929225355499727
outer loop
vertex -11.79873275756836 -54.21442413330078 -1.5
vertex -11.526333808898926 -53.46601486206055 -1.5949000120162964
vertex -10.451757431030273 -54.57534408569336 -1.5
endloop
endfacet
facet normal -0.030738345107861716 -0.11471712467458942 -0.9929225223784707
outer loop
vertex -10.451757431030273 -54.57534408569336 -1.5
vertex -11.526333808898926 -53.46601486206055 -1.5949000120162964
vertex -10.313456535339355 -53.7910041809082 -1.5949000120162964
endloop
endfacet
facet normal -0.05019174179443677 -0.10763606546251746 0.9929225883559046
outer loop
vertex -12.56257152557373 -52.98280715942383 -0.4050999879837036
vertex -12.56257152557373 -53.85824203491211 -0.5
vertex -11.526333808898926 -53.46601486206055 -0.4050999879837036
endloop
endfacet
facet normal -0.0449300439166333 -0.09635198932998627 -0.9943327336992398
outer loop
vertex -12.15024185180664 -53.175079345703125 -1.5949000120162964
vertex -11.42066478729248 -53.17569351196289 -1.6278072595596313
vertex -11.526333808898926 -53.46601486206055 -1.5949000120162964
endloop
endfacet
facet normal -0.02751568035707251 -0.10269034058144393 -0.994332731677759
outer loop
vertex -11.526333808898926 -53.46601486206055 -1.5949000120162964
vertex -11.42066478729248 -53.17569351196289 -1.6278072595596313
vertex -10.205140113830566 -53.17671203613281 -1.6613386869430542
endloop
endfacet
facet normal -0.050191861849590486 -0.10763581602981077 -0.9929226093264611
outer loop
vertex -12.15024185180664 -53.175079345703125 -1.5949000120162964
vertex -12.56257152557373 -53.85824203491211 -1.5
vertex -12.56257152557373 -53.17473220825195 -1.574094533920288
endloop
endfacet
facet normal -0.05019209838817742 -0.10763640777473052 -0.9929225332223774
outer loop
vertex -11.526333808898926 -53.46601486206055 -1.5949000120162964
vertex -11.79873275756836 -54.21442413330078 -1.5
vertex -12.15024185180664 -53.175079345703125 -1.5949000120162964
endloop
endfacet
facet normal 0.05019151643758537 -0.1076365888500416 -0.9929225430104923
outer loop
vertex -6.326410293579102 -54.21442413330078 -1.5
vertex -6.598809719085693 -53.46601486206055 -1.5949000120162964
vertex -5.5625715255737305 -53.85824203491211 -1.5
endloop
endfacet
facet normal 0.030738310399772137 -0.11471699514216907 -0.9929225384184402
outer loop
vertex -6.326410293579102 -54.21442413330078 -1.5
vertex -7.811686992645264 -53.7910041809082 -1.5949000120162964
vertex -6.598809719085693 -53.46601486206055 -1.5949000120162964
endloop
endfacet
facet normal 0.2588182914979418 -0.9659260282164917 0
outer loop
vertex -7.673386096954346 -54.57534408569336 -0.5
vertex -7.673386096954346 -54.57534408569336 -1.5
vertex -6.326410293579102 -54.21442413330078 -0.5
endloop
endfacet
facet normal -0.01035075055256791 -0.11831202297802736 0.9929225182167264
outer loop
vertex -10.313456535339355 -53.7910041809082 -0.4050999879837036
vertex -10.451757431030273 -54.57534408569336 -0.5
vertex -9.06257152557373 -53.90044021606445 -0.4050999879837036
endloop
endfacet
facet normal -0.010351077520311662 -0.11831136058409833 0.9929225937357393
outer loop
vertex -9.06257152557373 -53.90044021606445 -0.4050999879837036
vertex -10.451757431030273 -54.57534408569336 -0.5
vertex -9.06257152557373 -54.69688415527344 -0.5
endloop
endfacet
facet normal 0.010350696588286088 -0.11831136105064814 0.992922597651237
outer loop
vertex -9.06257152557373 -53.90044021606445 -0.4050999879837036
vertex -9.06257152557373 -54.69688415527344 -0.5
vertex -7.811686992645264 -53.7910041809082 -0.4050999879837036
endloop
endfacet
facet normal -0.010351129666559152 -0.11831195660837483 -0.9929225221728651
outer loop
vertex -9.06257152557373 -54.69688415527344 -1.5
vertex -10.451757431030273 -54.57534408569336 -1.5
vertex -10.313456535339355 -53.7910041809082 -1.5949000120162964
endloop
endfacet
facet normal -0.010350692643024994 -0.11831136105548005 -0.9929225976917886
outer loop
vertex -9.06257152557373 -54.69688415527344 -1.5
vertex -10.313456535339355 -53.7910041809082 -1.5949000120162964
vertex -9.06257152557373 -53.90044021606445 -1.5949000120162964
endloop
endfacet
facet normal -0.009265666907023084 -0.10590812044066719 -0.9943327498586643
outer loop
vertex -10.313456535339355 -53.7910041809082 -1.5949000120162964
vertex -10.205140113830566 -53.17671203613281 -1.6613386869430542
vertex -9.06257152557373 -53.177669525146484 -1.6718837022781372
endloop
endfacet
facet normal -0.027515725565615268 -0.10269013862477434 -0.9943327512839061
outer loop
vertex -10.313456535339355 -53.7910041809082 -1.5949000120162964
vertex -11.526333808898926 -53.46601486206055 -1.5949000120162964
vertex -10.205140113830566 -53.17671203613281 -1.6613386869430542
endloop
endfacet
facet normal 0.010351133165980077 -0.11831195599574808 0.9929225222093819
outer loop
vertex -7.811686992645264 -53.7910041809082 -0.4050999879837036
vertex -9.06257152557373 -54.69688415527344 -0.5
vertex -7.673386096954346 -54.57534408569336 -0.5
endloop
endfacet
facet normal 0.030738345107861716 -0.11471712467458942 0.9929225223784707
outer loop
vertex -7.811686992645264 -53.7910041809082 -0.4050999879837036
vertex -7.673386096954346 -54.57534408569336 -0.5
vertex -6.598809719085693 -53.46601486206055 -0.4050999879837036
endloop
endfacet
facet normal -0.044930063466657795 -0.09635186374232603 0.9943327449854311
outer loop
vertex -12.56257152557373 -52.75905990600586 -0.38341864943504333
vertex -12.56257152557373 -52.98280715942383 -0.4050999879837036
vertex -12.43038272857666 -52.53010177612305 -0.3552592694759369
endloop
endfacet
facet normal -0.044929971966835354 -0.09635221315207262 0.9943327152617261
outer loop
vertex -12.56257152557373 -52.98280715942383 -0.4050999879837036
vertex -11.526333808898926 -53.46601486206055 -0.4050999879837036
vertex -11.253549575805664 -52.716548919677734 -0.32014966011047363
endloop
endfacet
facet normal -0.02751566325788977 -0.10269052473699511 0.9943327131321381
outer loop
vertex -11.253549575805664 -52.716548919677734 -0.32014966011047363
vertex -11.526333808898926 -53.46601486206055 -0.4050999879837036
vertex -10.174960136413574 -53.00555419921875 -0.32014966011047363
endloop
endfacet
facet normal -0.2588183769835761 -0.9659260053107523 0
outer loop
vertex -11.79873275756836 -54.21442413330078 -1.5
vertex -10.451757431030273 -54.57534408569336 -1.5
vertex -10.451757431030273 -54.57534408569336 -0.5
endloop
endfacet
facet normal -0.06097644081460772 -0.08708750237726377 0.9943327615015372
outer loop
vertex -12.56257152557373 -52.53886795043945 -0.36413338780403137
vertex -12.56257152557373 -52.75905990600586 -0.38341864943504333
vertex -12.43038272857666 -52.53010177612305 -0.3552592694759369
endloop
endfacet
facet normal -0.422616537940031 -0.906308590856107 0
outer loop
vertex -11.79873275756836 -54.21442413330078 -1.5
vertex -11.79873275756836 -54.21442413330078 -0.5
vertex -12.56257152557373 -53.85824203491211 -1.5
endloop
endfacet
facet normal -0.04492988888701125 -0.09635191504035827 0.9943327479031637
outer loop
vertex -12.43038272857666 -52.53010177612305 -0.3552592694759369
vertex -12.56257152557373 -52.98280715942383 -0.4050999879837036
vertex -11.72740650177002 -52.495582580566406 -0.32014966011047363
endloop
endfacet
facet normal -0.04493011399530127 -0.09635153384296642 0.9943327746697666
outer loop
vertex -11.72740650177002 -52.495582580566406 -0.32014966011047363
vertex -12.56257152557373 -52.98280715942383 -0.4050999879837036
vertex -11.253549575805664 -52.716548919677734 -0.32014966011047363
endloop
endfacet
facet normal 0.0501908830331064 -0.10763626504132517 -0.9929226101304727
outer loop
vertex -5.5625715255737305 -53.85824203491211 -1.5
vertex -5.985996246337891 -53.18025207519531 -1.5949000120162964
vertex -5.5625715255737305 -53.18061065673828 -1.5734575986862183
endloop
endfacet
facet normal -0.03966097754957193 -0.08505199922288974 0.9955868441718191
outer loop
vertex -11.72740650177002 -52.495582580566406 -0.32014966011047363
vertex -11.253549575805664 -52.716548919677734 -0.32014966011047363
vertex -11.164387702941895 -52.47157669067383 -0.2956700026988983
endloop
endfacet
facet normal -0.02428863911892877 -0.09064702794526015 0.9955868512261709
outer loop
vertex -11.164387702941895 -52.47157669067383 -0.2956700026988983
vertex -11.253549575805664 -52.716548919677734 -0.32014966011047363
vertex -10.174960136413574 -53.00555419921875 -0.32014966011047363
endloop
endfacet
facet normal -0.02751575675133119 -0.1026902550115105 0.9943327384010205
outer loop
vertex -10.174960136413574 -53.00555419921875 -0.32014966011047363
vertex -11.526333808898926 -53.46601486206055 -0.4050999879837036
vertex -10.313456535339355 -53.7910041809082 -0.4050999879837036
endloop
endfacet
facet normal -0.009265690978523283 -0.10590824253226955 0.9943327366301566
outer loop
vertex -10.174960136413574 -53.00555419921875 -0.32014966011047363
vertex -10.313456535339355 -53.7910041809082 -0.4050999879837036
vertex -9.06257152557373 -53.102874755859375 -0.32014966011047363
endloop
endfacet
facet normal -0.009265585991598189 -0.10590828338249252 -0.9943327332574373
outer loop
vertex -9.06257152557373 -53.90044021606445 -1.5949000120162964
vertex -10.313456535339355 -53.7910041809082 -1.5949000120162964
vertex -9.06257152557373 -53.177669525146484 -1.6718837022781372
endloop
endfacet
facet normal -0.009265597154607525 -0.10590841097886444 0.9943327195628737
outer loop
vertex -9.06257152557373 -53.102874755859375 -0.32014966011047363
vertex -10.313456535339355 -53.7910041809082 -0.4050999879837036
vertex -9.06257152557373 -53.90044021606445 -0.4050999879837036
endloop
endfacet
facet normal -0.008179079233238578 -0.09348810672968677 0.9955868001148847
outer loop
vertex -10.174960136413574 -53.00555419921875 -0.32014966011047363
vertex -9.06257152557373 -53.102874755859375 -0.32014966011047363
vertex -10.075831413269043 -52.443363189697266 -0.2665441334247589
endloop
endfacet
facet normal 0.009265588015519943 -0.10590826614426498 0.994332735074654
outer loop
vertex -9.06257152557373 -53.90044021606445 -0.4050999879837036
vertex -7.811686992645264 -53.7910041809082 -0.4050999879837036
vertex -7.950182914733887 -53.00555419921875 -0.32014966011047363
endloop
endfacet
facet normal 0.009265705706243852 -0.10590841087233244 0.9943327185626863
outer loop
vertex -9.06257152557373 -53.102874755859375 -0.32014966011047363
vertex -9.06257152557373 -53.90044021606445 -0.4050999879837036
vertex -7.950182914733887 -53.00555419921875 -0.32014966011047363
endloop
endfacet
facet normal 0.027515591118136368 -0.10269030090468309 0.994332738244862
outer loop
vertex -7.950182914733887 -53.00555419921875 -0.32014966011047363
vertex -7.811686992645264 -53.7910041809082 -0.4050999879837036
vertex -6.871592998504639 -52.716548919677734 -0.32014966011047363
endloop
endfacet
facet normal 0.00817910487866595 -0.09348839986078172 0.9955867723784073
outer loop
vertex -9.06257152557373 -53.102874755859375 -0.32014966011047363
vertex -7.950182914733887 -53.00555419921875 -0.32014966011047363
vertex -9.06257152557373 -52.435115814208984 -0.25744521617889404
endloop
endfacet
facet normal -0.02428891096642328 -0.09064752926541152 0.9955867989493138
outer loop
vertex -10.075831413269043 -52.443363189697266 -0.2665441334247589
vertex -11.164387702941895 -52.47157669067383 -0.2956700026988983
vertex -10.174960136413574 -53.00555419921875 -0.32014966011047363
endloop
endfacet
facet normal 0.2588182914979418 -0.9659260282164917 0
outer loop
vertex -7.673386096954346 -54.57534408569336 -1.5
vertex -6.326410293579102 -54.21442413330078 -1.5
vertex -6.326410293579102 -54.21442413330078 -0.5
endloop
endfacet
facet normal -0.008179271482911171 -0.09348839973337772 0.9955867710216428
outer loop
vertex -10.075831413269043 -52.443363189697266 -0.2665441334247589
vertex -9.06257152557373 -53.102874755859375 -0.32014966011047363
vertex -9.06257152557373 -52.435115814208984 -0.25744521617889404
endloop
endfacet
facet normal 0.008179249083668808 -0.09348812139659658 0.995586797342232
outer loop
vertex -9.06257152557373 -52.435115814208984 -0.25744521617889404
vertex -7.950182914733887 -53.00555419921875 -0.32014966011047363
vertex -8.048980712890625 -52.44524383544922 -0.2667234241962433
endloop
endfacet
facet normal 0.024288775840662642 -0.09064757827572259 0.9955867977835527
outer loop
vertex -8.048980712890625 -52.44524383544922 -0.2667234241962433
vertex -7.950182914733887 -53.00555419921875 -0.32014966011047363
vertex -6.871592998504639 -52.716548919677734 -0.32014966011047363
endloop
endfacet
facet normal 0.024288902599437313 -0.09064703726940171 0.9955868439492332
outer loop
vertex -6.871592998504639 -52.716548919677734 -0.32014966011047363
vertex -6.959327697753906 -52.47549819946289 -0.29606184363365173
vertex -8.048980712890625 -52.44524383544922 -0.2667234241962433
endloop
endfacet
facet normal 0.422616537940031 -0.906308590856107 0
outer loop
vertex -6.326410293579102 -54.21442413330078 -0.5
vertex -6.326410293579102 -54.21442413330078 -1.5
vertex -5.5625715255737305 -53.85824203491211 -0.5
endloop
endfacet
facet normal 0.02751575684919085 -0.10269030752549595 -0.9943327329749008
outer loop
vertex -7.811686992645264 -53.7910041809082 -1.5949000120162964
vertex -7.9196648597717285 -53.17863082885742 -1.6611312627792358
vertex -6.703036785125732 -53.17965316772461 -1.6273584365844727
endloop
endfacet
facet normal 0.009265591122881932 -0.10590830166228284 -0.9943327312626064
outer loop
vertex -7.811686992645264 -53.7910041809082 -1.5949000120162964
vertex -9.06257152557373 -53.90044021606445 -1.5949000120162964
vertex -7.9196648597717285 -53.17863082885742 -1.6611312627792358
endloop
endfacet
facet normal 0.009265579463133876 -0.10590828338889946 -0.9943327333175898
outer loop
vertex -9.06257152557373 -53.90044021606445 -1.5949000120162964
vertex -9.06257152557373 -53.177669525146484 -1.6718837022781372
vertex -7.9196648597717285 -53.17863082885742 -1.6611312627792358
endloop
endfacet
facet normal 0.03073823737440554 -0.11471702162005569 0.992922537619999
outer loop
vertex -6.598809719085693 -53.46601486206055 -0.4050999879837036
vertex -7.673386096954346 -54.57534408569336 -0.5
vertex -6.326410293579102 -54.21442413330078 -0.5
endloop
endfacet
facet normal 0.050191273561726105 -0.10763606799849415 0.9929226117498158
outer loop
vertex -6.326410293579102 -54.21442413330078 -0.5
vertex -5.5625715255737305 -53.85824203491211 -0.5
vertex -5.5625715255737305 -52.98280715942383 -0.4050999879837036
endloop
endfacet
facet normal 0.05019189778792021 -0.1076364495203294 0.9929225388372974
outer loop
vertex -6.598809719085693 -53.46601486206055 -0.4050999879837036
vertex -6.326410293579102 -54.21442413330078 -0.5
vertex -5.5625715255737305 -52.98280715942383 -0.4050999879837036
endloop
endfacet
facet normal 0.030738268627051597 -0.11471713825688265 -0.9929225231768903
outer loop
vertex -7.673386096954346 -54.57534408569336 -1.5
vertex -7.811686992645264 -53.7910041809082 -1.5949000120162964
vertex -6.326410293579102 -54.21442413330078 -1.5
endloop
endfacet
facet normal 0.02751582278652873 -0.10269050145834953 0.9943327111216914
outer loop
vertex -6.871592998504639 -52.716548919677734 -0.32014966011047363
vertex -7.811686992645264 -53.7910041809082 -0.4050999879837036
vertex -6.598809719085693 -53.46601486206055 -0.4050999879837036
endloop
endfacet
facet normal 0.044930092880966166 -0.09635222555948603 0.9943327085957908
outer loop
vertex -6.871592998504639 -52.716548919677734 -0.32014966011047363
vertex -6.598809719085693 -53.46601486206055 -0.4050999879837036
vertex -6.407311916351318 -52.50004959106445 -0.32014966011047363
endloop
endfacet
facet normal 0.044929943675050966 -0.09635219681800479 0.9943327181229135
outer loop
vertex -6.407311916351318 -52.50004959106445 -0.32014966011047363
vertex -6.598809719085693 -53.46601486206055 -0.4050999879837036
vertex -5.5625715255737305 -52.98280715942383 -0.4050999879837036
endloop
endfacet
facet normal 0.04493013657675197 -0.09635186342518498 0.9943327417125963
outer loop
vertex -6.407311916351318 -52.50004959106445 -0.32014966011047363
vertex -5.5625715255737305 -52.98280715942383 -0.4050999879837036
vertex -5.5625715255737305 -52.75905990600586 -0.38341864943504333
endloop
endfacet
facet normal 0.04493001336445245 -0.09635225730841492 0.9943327091123189
outer loop
vertex -6.407311916351318 -52.50004959106445 -0.32014966011047363
vertex -5.5625715255737305 -52.75905990600586 -0.38341864943504333
vertex -5.691036701202393 -52.53655242919922 -0.3560525178909302
endloop
endfacet
facet normal 0.010350754438753343 -0.11831202229769176 -0.9929225182572804
outer loop
vertex -7.673386096954346 -54.57534408569336 -1.5
vertex -9.06257152557373 -53.90044021606445 -1.5949000120162964
vertex -7.811686992645264 -53.7910041809082 -1.5949000120162964
endloop
endfacet
facet normal 0.01035108107293282 -0.11831136057974713 -0.9929225936992221
outer loop
vertex -7.673386096954346 -54.57534408569336 -1.5
vertex -9.06257152557373 -54.69688415527344 -1.5
vertex -9.06257152557373 -53.90044021606445 -1.5949000120162964
endloop
endfacet
facet normal 0.0609770630981836 -0.08708746044816575 0.9943327270127487
outer loop
vertex -5.691036701202393 -52.53655242919922 -0.3560525178909302
vertex -5.5625715255737305 -52.75905990600586 -0.38341864943504333
vertex -5.5625715255737305 -52.54530715942383 -0.3646973669528961
endloop
endfacet
facet normal 0.422616537940031 -0.906308590856107 0
outer loop
vertex -6.326410293579102 -54.21442413330078 -1.5
vertex -5.5625715255737305 -53.85824203491211 -1.5
vertex -5.5625715255737305 -53.85824203491211 -0.5
endloop
endfacet
facet normal 0 0 1
outer loop
vertex 96.53971862792969 -53.19999694824219 -5.199999809265137
vertex 96.9397201538086 -53.19999694824219 -5.199999809265137
vertex 96.9397201538086 -51.999996185302734 -5.199999809265137
endloop
endfacet
facet normal 0 1 0
outer loop
vertex 105.05451965332031 -51.999996185302734 -5.177164077758789
vertex 105.15184783935547 -51.999996185302734 -5.1121320724487305
vertex 105.23971557617188 -51.999996185302734 -8.199999809265137
endloop
endfacet
facet normal 1 0 0
outer loop
vertex 96.23971557617188 -53.19999694824219 -4.900000095367432
vertex 96.23971557617188 -51.999996185302734 -4.900000095367432
vertex 96.23971557617188 -50.19999694824219 0
endloop
endfacet
facet normal 1 0 0
outer loop
vertex 96.23971557617188 -50.19999694824219 -4.099999904632568
vertex 96.23971557617188 -49.999996185302734 -8.199999809265137
vertex 96.23971557617188 -49.999996185302734 -4.099999904632568
endloop
endfacet
facet normal 1 0 0
outer loop
vertex 96.23971557617188 -51.999996185302734 -4.900000095367432
vertex 96.23971557617188 -49.999996185302734 -8.199999809265137
vertex 96.23971557617188 -50.19999694824219 -4.099999904632568
endloop
endfacet
facet normal -1 0 0
outer loop
vertex 97.23971557617188 -53.19999694824219 -1.5716934204101562
vertex 97.23971557617188 -51.999996185302734 0
vertex 97.23971557617188 -51.999996185302734 -4.900000095367432
endloop
endfacet
facet normal 1 0 0
outer loop
vertex 96.23971557617188 -53.19999694824219 -1
vertex 96.23971557617188 -53.19999694824219 -4.900000095367432
vertex 96.23971557617188 -52.19999694824219 0
endloop
endfacet
facet normal 1 0 0
outer loop
vertex 96.23971557617188 -50.19999694824219 0
vertex 96.23971557617188 -51.999996185302734 -4.900000095367432
vertex 96.23971557617188 -50.19999694824219 -4.099999904632568
endloop
endfacet
facet normal 0 1 0
outer loop
vertex 104.23971557617188 -51.999996185302734 -4.900000095367432
vertex 97.23971557617188 -51.999996185302734 -4.900000095367432
vertex 104.23971557617188 -51.999996185302734 0
endloop
endfacet
facet normal 1 0 0
outer loop
vertex 104.23971557617188 -53.19999694824219 -4.900000095367432
vertex 104.23971557617188 -51.999996185302734 -4.900000095367432
vertex 104.23971557617188 -51.999996185302734 0
endloop
endfacet
facet normal -0.83146573920637 0 0.5555760294739188
outer loop
vertex 97.21688079833984 -51.999996185302734 -5.014804840087891
vertex 97.15184783935547 -51.999996185302734 -5.1121320724487305
vertex 97.15184783935547 -53.19999694824219 -5.1121320724487305
endloop
endfacet
facet normal -0.5555666334387601 0 0.831472017454299
outer loop
vertex 97.15184783935547 -51.999996185302734 -5.1121320724487305
vertex 97.05451965332031 -51.999996185302734 -5.177164077758789
vertex 97.05451965332031 -53.19999694824219 -5.177164077758789
endloop
endfacet
facet normal 0 1 0
outer loop
vertex 104.2625503540039 -51.999996185302734 -5.014804840087891
vertex 97.23971557617188 -51.999996185302734 -4.900000095367432
vertex 104.23971557617188 -51.999996185302734 -4.900000095367432
endloop
endfacet
facet normal 0.9807874147504078 0 0.19507959162150135
outer loop
vertex 104.2625503540039 -53.19999694824219 -5.014804840087891
vertex 104.2625503540039 -51.999996185302734 -5.014804840087891
vertex 104.23971557617188 -53.19999694824219 -4.900000095367432
endloop
endfacet
facet normal 0 -1 0
outer loop
vertex 96.23971557617188 -49.999996185302734 -4.099999904632568
vertex 96.23971557617188 -49.999996185302734 -8.199999809265137
vertex 105.23971557617188 -49.999996185302734 -4.099999904632568
endloop
endfacet
facet normal 0.5555666334387601 0 0.831472017454299
outer loop
vertex 96.42491149902344 -51.999996185302734 -5.177164077758789
vertex 96.32758331298828 -51.999996185302734 -5.1121320724487305
vertex 96.32758331298828 -53.19999694824219 -5.1121320724487305
endloop
endfacet
facet normal 1 0 0
outer loop
vertex 104.23971557617188 -53.19999694824219 -1.5716934204101562
vertex 104.23971557617188 -53.19999694824219 -4.900000095367432
vertex 104.23971557617188 -52.19999694824219 0
endloop
endfacet
facet normal -0.83146573920637 0 0.5555760294739188
outer loop
vertex 105.21688079833984 -51.999996185302734 -5.014804840087891
vertex 105.15184783935547 -53.19999694824219 -5.1121320724487305
vertex 105.21688079833984 -53.19999694824219 -5.014804840087891
endloop
endfacet
facet normal -0.1950960031872953 0 0.9807841503309191
outer loop
vertex 97.05451965332031 -51.999996185302734 -5.177164077758789
vertex 96.9397201538086 -51.999996185302734 -5.199999809265137
vertex 96.9397201538086 -53.19999694824219 -5.199999809265137
endloop
endfacet
facet normal 0.19508353170382517 0 0.9807866310558901
outer loop
vertex 96.42491149902344 -51.999996185302734 -5.177164077758789
vertex 96.42491149902344 -53.19999694824219 -5.177164077758789
vertex 96.53971862792969 -51.999996185302734 -5.199999809265137
endloop
endfacet
facet normal -0.9807874147504078 0 0.19507959162150135
outer loop
vertex 105.21688079833984 -53.19999694824219 -5.014804840087891
vertex 105.23971557617188 -53.19999694824219 -4.900000095367432
vertex 105.23971557617188 -51.999996185302734 -4.900000095367432
endloop
endfacet
facet normal 1 0 0
outer loop
vertex 96.23971557617188 -52.19999694824219 0
vertex 96.23971557617188 -53.19999694824219 -4.900000095367432
vertex 96.23971557617188 -50.19999694824219 0
endloop
endfacet
facet normal 0 0 1
outer loop
vertex 96.9397201538086 -51.999996185302734 -5.199999809265137
vertex 96.53971862792969 -51.999996185302734 -5.199999809265137
vertex 96.53971862792969 -53.19999694824219 -5.199999809265137
endloop
endfacet
facet normal -0.5555666334387601 0 0.831472017454299
outer loop
vertex 97.05451965332031 -53.19999694824219 -5.177164077758789
vertex 97.15184783935547 -53.19999694824219 -5.1121320724487305
vertex 97.15184783935547 -51.999996185302734 -5.1121320724487305
endloop
endfacet
facet normal 0.5555666334387601 0 0.831472017454299
outer loop
vertex 96.32758331298828 -53.19999694824219 -5.1121320724487305
vertex 96.42491149902344 -53.19999694824219 -5.177164077758789
vertex 96.42491149902344 -51.999996185302734 -5.177164077758789
endloop
endfacet
facet normal 0.83146573920637 0 0.5555760294739188
outer loop
vertex 104.2625503540039 -53.19999694824219 -5.014804840087891
vertex 104.32758331298828 -51.999996185302734 -5.1121320724487305
vertex 104.2625503540039 -51.999996185302734 -5.014804840087891
endloop
endfacet
facet normal -0.9807874147504078 0 0.19507959162150135
outer loop
vertex 105.23971557617188 -51.999996185302734 -4.900000095367432
vertex 105.21688079833984 -51.999996185302734 -5.014804840087891
vertex 105.21688079833984 -53.19999694824219 -5.014804840087891
endloop
endfacet
facet normal 0.9807874147504078 0 0.19507959162150135
outer loop
vertex 104.23971557617188 -53.19999694824219 -4.900000095367432
vertex 104.2625503540039 -51.999996185302734 -5.014804840087891
vertex 104.23971557617188 -51.999996185302734 -4.900000095367432
endloop
endfacet
facet normal -1 0 0
outer loop
vertex 97.23971557617188 -51.999996185302734 -4.900000095367432
vertex 97.23971557617188 -53.19999694824219 -4.900000095367432
vertex 97.23971557617188 -53.19999694824219 -1.5716934204101562
endloop
endfacet
facet normal -0.9807874147504078 0 0.19507959162150135
outer loop
vertex 97.23971557617188 -51.999996185302734 -4.900000095367432
vertex 97.21688079833984 -51.999996185302734 -5.014804840087891
vertex 97.21688079833984 -53.19999694824219 -5.014804840087891
endloop
endfacet
facet normal -1 0 0
outer loop
vertex 105.23971557617188 -51.999996185302734 -4.900000095367432
vertex 105.23971557617188 -53.19999694824219 -4.900000095367432
vertex 105.23971557617188 -53.19999694824219 -1
endloop
endfacet
facet normal 0 1 0
outer loop
vertex 104.23971557617188 -51.999996185302734 0
vertex 97.23971557617188 -51.999996185302734 -4.900000095367432
vertex 97.23971557617188 -51.999996185302734 0
endloop
endfacet
facet normal -0.9807874147504078 0 0.19507959162150135
outer loop
vertex 97.21688079833984 -53.19999694824219 -5.014804840087891
vertex 97.23971557617188 -53.19999694824219 -4.900000095367432
vertex 97.23971557617188 -51.999996185302734 -4.900000095367432
endloop
endfacet
facet normal -1 0 0
outer loop
vertex 97.23971557617188 -53.19999694824219 -1.5716934204101562
vertex 97.23971557617188 -53.86135482788086 -1.5
vertex 97.23971557617188 -53.86135482788086 -0.5
endloop
endfacet
facet normal -0.83146573920637 0 0.5555760294739188
outer loop
vertex 97.21688079833984 -51.999996185302734 -5.014804840087891
vertex 97.15184783935547 -53.19999694824219 -5.1121320724487305
vertex 97.21688079833984 -53.19999694824219 -5.014804840087891
endloop
endfacet
facet normal 0.9807874147504078 0 0.19507959162150135
outer loop
vertex 96.23971557617188 -53.19999694824219 -4.900000095367432
vertex 96.2625503540039 -51.999996185302734 -5.014804840087891
vertex 96.23971557617188 -51.999996185302734 -4.900000095367432
endloop
endfacet
facet normal -0.1950960031872953 0 0.9807841503309191
outer loop
vertex 96.9397201538086 -53.19999694824219 -5.199999809265137
vertex 97.05451965332031 -53.19999694824219 -5.177164077758789
vertex 97.05451965332031 -51.999996185302734 -5.177164077758789
endloop
endfacet
facet normal 0.83146573920637 0 0.5555760294739188
outer loop
vertex 96.2625503540039 -53.19999694824219 -5.014804840087891
vertex 96.32758331298828 -51.999996185302734 -5.1121320724487305
vertex 96.2625503540039 -51.999996185302734 -5.014804840087891
endloop
endfacet
facet normal 0.9807874147504078 0 0.19507959162150135
outer loop
vertex 96.2625503540039 -53.19999694824219 -5.014804840087891
vertex 96.2625503540039 -51.999996185302734 -5.014804840087891
vertex 96.23971557617188 -53.19999694824219 -4.900000095367432
endloop
endfacet
facet normal -1 0 0
outer loop
vertex 97.23971557617188 -53.19999694824219 -1.5716934204101562
vertex 97.23971557617188 -53.86135482788086 -0.5
vertex 97.23971557617188 -52.98591995239258 -0.4050999879837036
endloop
endfacet
facet normal -1 0 0
outer loop
vertex 97.23971557617188 -53.19999694824219 -1.5716934204101562
vertex 97.23971557617188 -52.98591995239258 -0.4050999879837036
vertex 97.23971557617188 -52.762176513671875 -0.38341864943504333
endloop
endfacet
facet normal -1 0 0
outer loop
vertex 97.23971557617188 -53.19999694824219 -1.5716934204101562
vertex 97.23971557617188 -52.762176513671875 -0.38341864943504333
vertex 97.23971557617188 -52.56625747680664 -0.3662595748901367
endloop
endfacet
facet normal -1 0 0
outer loop
vertex 105.23971557617188 -49.999996185302734 -4.099999904632568
vertex 105.23971557617188 -49.999996185302734 -8.199999809265137
vertex 105.23971557617188 -50.19999694824219 -4.099999904632568
endloop
endfacet
facet normal 0 1 0
outer loop
vertex 105.23971557617188 -51.999996185302734 -8.199999809265137
vertex 96.23971557617188 -51.999996185302734 -8.199999809265137
vertex 97.15184783935547 -51.999996185302734 -5.1121320724487305
endloop
endfacet
facet normal 0.9999743034509482 0 -0.0071688519158187676
outer loop
vertex 96.23971557617188 -51.999996185302734 -8.199999809265137
vertex 96.23971557617188 -49.999996185302734 -8.199999809265137
vertex 96.2625503540039 -51.999996185302734 -5.014804840087891
endloop
endfacet
facet normal -0.9999743034509482 0 -0.0071688519158187676
outer loop
vertex 105.23971557617188 -49.999996185302734 -8.199999809265137
vertex 105.23971557617188 -51.999996185302734 -8.199999809265137
vertex 105.21688079833984 -51.999996185302734 -5.014804840087891
endloop
endfacet
facet normal 0 0 1
outer loop
vertex 105.23971557617188 -51.999996185302734 -8.199999809265137
vertex 105.23971557617188 -49.999996185302734 -8.199999809265137
vertex 96.23971557617188 -49.999996185302734 -8.199999809265137
endloop
endfacet
facet normal 0 0 1
outer loop
vertex 96.23971557617188 -51.999996185302734 -8.199999809265137
vertex 105.23971557617188 -51.999996185302734 -8.199999809265137
vertex 96.23971557617188 -49.999996185302734 -8.199999809265137
endloop
endfacet
facet normal -1 0 0
outer loop
vertex 97.23971557617188 -51.999996185302734 0
vertex 97.23971557617188 -53.19999694824219 -1.5716934204101562
vertex 97.23971557617188 -52.56625747680664 -0.3662595748901367
endloop
endfacet
facet normal -1 0 0
outer loop
vertex 105.23971557617188 -49.999996185302734 -8.199999809265137
vertex 105.23971557617188 -51.999996185302734 -4.900000095367432
vertex 105.23971557617188 -50.19999694824219 -4.099999904632568
endloop
endfacet
facet normal -0.83146573920637 0 0.5555760294739188
outer loop
vertex 105.21688079833984 -51.999996185302734 -5.014804840087891
vertex 105.15184783935547 -51.999996185302734 -5.1121320724487305
vertex 105.15184783935547 -53.19999694824219 -5.1121320724487305
endloop
endfacet
facet normal 0 -1 0
outer loop
vertex 96.23971557617188 -49.999996185302734 -8.199999809265137
vertex 105.23971557617188 -49.999996185302734 -8.199999809265137
vertex 105.23971557617188 -49.999996185302734 -4.099999904632568
endloop
endfacet
facet normal -0.5555666334387601 0 0.831472017454299
outer loop
vertex 105.15184783935547 -51.999996185302734 -5.1121320724487305
vertex 105.05451965332031 -51.999996185302734 -5.177164077758789
vertex 105.05451965332031 -53.19999694824219 -5.177164077758789
endloop
endfacet
facet normal 0.5555666334387601 0 0.831472017454299
outer loop
vertex 104.32758331298828 -51.999996185302734 -5.1121320724487305
vertex 104.32758331298828 -53.19999694824219 -5.1121320724487305
vertex 104.42491149902344 -51.999996185302734 -5.177164077758789
endloop
endfacet
facet normal -1 0 0
outer loop
vertex 105.23971557617188 -53.19999694824219 -1
vertex 105.23971557617188 -52.19999694824219 0
vertex 105.23971557617188 -51.999996185302734 -4.900000095367432
endloop
endfacet
facet normal 0 1 0
outer loop
vertex 104.32758331298828 -51.999996185302734 -5.1121320724487305
vertex 97.23971557617188 -51.999996185302734 -4.900000095367432
vertex 104.2625503540039 -51.999996185302734 -5.014804840087891
endloop
endfacet
facet normal -0.1950960031872953 0 0.9807841503309191
outer loop
vertex 105.05451965332031 -51.999996185302734 -5.177164077758789
vertex 104.9397201538086 -51.999996185302734 -5.199999809265137
vertex 104.9397201538086 -53.19999694824219 -5.199999809265137
endloop
endfacet
facet normal 0.19508353170382517 0 0.9807866310558901
outer loop
vertex 96.42491149902344 -53.19999694824219 -5.177164077758789
vertex 96.53971862792969 -53.19999694824219 -5.199999809265137
vertex 96.53971862792969 -51.999996185302734 -5.199999809265137
endloop
endfacet
facet normal 0.19508353170382517 0 0.9807866310558901
outer loop
vertex 104.42491149902344 -51.999996185302734 -5.177164077758789
vertex 104.42491149902344 -53.19999694824219 -5.177164077758789
vertex 104.53971862792969 -51.999996185302734 -5.199999809265137
endloop
endfacet
facet normal 0 0 1
outer loop
vertex 104.9397201538086 -51.999996185302734 -5.199999809265137
vertex 104.53971862792969 -51.999996185302734 -5.199999809265137
vertex 104.53971862792969 -53.19999694824219 -5.199999809265137
endloop
endfacet
facet normal -0.5555666334387601 0 0.831472017454299
outer loop
vertex 105.05451965332031 -53.19999694824219 -5.177164077758789
vertex 105.15184783935547 -53.19999694824219 -5.1121320724487305
vertex 105.15184783935547 -51.999996185302734 -5.1121320724487305
endloop
endfacet
facet normal -1 0 0
outer loop
vertex 97.23971557617188 -51.999996185302734 0
vertex 97.23971557617188 -52.56625747680664 -0.3662595748901367
vertex 97.23971557617188 -52.19999694824219 0
endloop
endfacet
facet normal 0.83146573920637 0 0.5555760294739188
outer loop
vertex 96.32758331298828 -51.999996185302734 -5.1121320724487305
vertex 96.2625503540039 -53.19999694824219 -5.014804840087891
vertex 96.32758331298828 -53.19999694824219 -5.1121320724487305
endloop
endfacet
facet normal 0 1 0
outer loop
vertex 97.21688079833984 -51.999996185302734 -5.014804840087891
vertex 97.23971557617188 -51.999996185302734 -4.900000095367432
vertex 105.23971557617188 -51.999996185302734 -8.199999809265137
endloop
endfacet
facet normal 0 1 0
outer loop
vertex 97.15184783935547 -51.999996185302734 -5.1121320724487305
vertex 97.21688079833984 -51.999996185302734 -5.014804840087891
vertex 105.23971557617188 -51.999996185302734 -8.199999809265137
endloop
endfacet
facet normal 0 1 0
outer loop
vertex 97.15184783935547 -51.999996185302734 -5.1121320724487305
vertex 96.23971557617188 -51.999996185302734 -8.199999809265137
vertex 97.05451965332031 -51.999996185302734 -5.177164077758789
endloop
endfacet
facet normal 0.5555666334387601 0 0.831472017454299
outer loop
vertex 104.32758331298828 -53.19999694824219 -5.1121320724487305
vertex 104.42491149902344 -53.19999694824219 -5.177164077758789
vertex 104.42491149902344 -51.999996185302734 -5.177164077758789
endloop
endfacet
facet normal 0 1 0
outer loop
vertex 105.23971557617188 -51.999996185302734 -8.199999809265137
vertex 97.23971557617188 -51.999996185302734 -4.900000095367432
vertex 104.42491149902344 -51.999996185302734 -5.177164077758789
endloop
endfacet
facet normal 0.83146573920637 0 0.5555760294739188
outer loop
vertex 104.32758331298828 -51.999996185302734 -5.1121320724487305
vertex 104.2625503540039 -53.19999694824219 -5.014804840087891
vertex 104.32758331298828 -53.19999694824219 -5.1121320724487305
endloop
endfacet
facet normal -0.1950960031872953 0 0.9807841503309191
outer loop
vertex 104.9397201538086 -53.19999694824219 -5.199999809265137
vertex 105.05451965332031 -53.19999694824219 -5.177164077758789
vertex 105.05451965332031 -51.999996185302734 -5.177164077758789
endloop
endfacet
facet normal 0.19508353170382517 0 0.9807866310558901
outer loop
vertex 104.42491149902344 -53.19999694824219 -5.177164077758789
vertex 104.53971862792969 -53.19999694824219 -5.199999809265137
vertex 104.53971862792969 -51.999996185302734 -5.199999809265137
endloop
endfacet
facet normal 0 0 1
outer loop
vertex 104.53971862792969 -53.19999694824219 -5.199999809265137
vertex 104.9397201538086 -53.19999694824219 -5.199999809265137
vertex 104.9397201538086 -51.999996185302734 -5.199999809265137
endloop
endfacet
facet normal 0 1 0
outer loop
vertex 104.42491149902344 -51.999996185302734 -5.177164077758789
vertex 97.23971557617188 -51.999996185302734 -4.900000095367432
vertex 104.32758331298828 -51.999996185302734 -5.1121320724487305
endloop
endfacet
facet normal 0 1 0
outer loop
vertex 96.32758331298828 -51.999996185302734 -5.1121320724487305
vertex 96.42491149902344 -51.999996185302734 -5.177164077758789
vertex 96.23971557617188 -51.999996185302734 -8.199999809265137
endloop
endfacet
facet normal 0 1 0
outer loop
vertex 96.32758331298828 -51.999996185302734 -5.1121320724487305
vertex 96.23971557617188 -51.999996185302734 -8.199999809265137
vertex 96.2625503540039 -51.999996185302734 -5.014804840087891
endloop
endfacet
facet normal 0.9336144159015025 0.3063997516216241 0.1856968352641027
outer loop
vertex 96.2625503540039 -51.999996185302734 -5.014804840087891
vertex 96.23971557617188 -49.999996185302734 -8.199999809265137
vertex 96.23971557617188 -51.999996185302734 -4.900000095367432
endloop
endfacet
facet normal 0 1 0
outer loop
vertex 105.23971557617188 -51.999996185302734 -8.199999809265137
vertex 104.42491149902344 -51.999996185302734 -5.177164077758789
vertex 104.53971862792969 -51.999996185302734 -5.199999809265137
endloop
endfacet
facet normal 0 1 0
outer loop
vertex 96.53971862792969 -51.999996185302734 -5.199999809265137
vertex 96.9397201538086 -51.999996185302734 -5.199999809265137
vertex 96.23971557617188 -51.999996185302734 -8.199999809265137
endloop
endfacet
facet normal 0 1 0
outer loop
vertex 104.53971862792969 -51.999996185302734 -5.199999809265137
vertex 104.9397201538086 -51.999996185302734 -5.199999809265137
vertex 105.23971557617188 -51.999996185302734 -8.199999809265137
endloop
endfacet
facet normal 0 1 0
outer loop
vertex 96.53971862792969 -51.999996185302734 -5.199999809265137
vertex 96.23971557617188 -51.999996185302734 -8.199999809265137
vertex 96.42491149902344 -51.999996185302734 -5.177164077758789
endloop
endfacet
facet normal 1 0 0
outer loop
vertex 104.23971557617188 -52.56625747680664 -0.3662595748901367
vertex 104.23971557617188 -53.19999694824219 -1.5716934204101562
vertex 104.23971557617188 -52.19999694824219 0
endloop
endfacet
facet normal 1 0 0
outer loop
vertex 104.23971557617188 -52.762176513671875 -0.38341864943504333
vertex 104.23971557617188 -53.19999694824219 -1.5716934204101562
vertex 104.23971557617188 -52.56625747680664 -0.3662595748901367
endloop
endfacet
facet normal 1 0 0
outer loop
vertex 104.23971557617188 -52.98591995239258 -0.4050999879837036
vertex 104.23971557617188 -53.19999694824219 -1.5716934204101562
vertex 104.23971557617188 -52.762176513671875 -0.38341864943504333
endloop
endfacet
facet normal 1 0 0
outer loop
vertex 104.23971557617188 -53.86135482788086 -0.5
vertex 104.23971557617188 -53.86135482788086 -1.5
vertex 104.23971557617188 -52.98591995239258 -0.4050999879837036
endloop
endfacet
facet normal -0.9336144159015025 0.3063997516216241 0.1856968352641027
outer loop
vertex 105.21688079833984 -51.999996185302734 -5.014804840087891
vertex 105.23971557617188 -51.999996185302734 -4.900000095367432
vertex 105.23971557617188 -49.999996185302734 -8.199999809265137
endloop
endfacet
facet normal 1 0 0
outer loop
vertex 104.23971557617188 -52.19999694824219 0
vertex 104.23971557617188 -53.19999694824219 -4.900000095367432
vertex 104.23971557617188 -51.999996185302734 0
endloop
endfacet
facet normal -1 0 0
outer loop
vertex 105.23971557617188 -50.19999694824219 0
vertex 105.23971557617188 -51.999996185302734 -4.900000095367432
vertex 105.23971557617188 -52.19999694824219 0
endloop
endfacet
facet normal 0 1 0
outer loop
vertex 105.15184783935547 -51.999996185302734 -5.1121320724487305
vertex 105.21688079833984 -51.999996185302734 -5.014804840087891
vertex 105.23971557617188 -51.999996185302734 -8.199999809265137
endloop
endfacet
facet normal 0 1 0
outer loop
vertex 96.9397201538086 -51.999996185302734 -5.199999809265137
vertex 97.05451965332031 -51.999996185302734 -5.177164077758789
vertex 96.23971557617188 -51.999996185302734 -8.199999809265137
endloop
endfacet
facet normal 1 0 0
outer loop
vertex 104.23971557617188 -53.86135482788086 -1.5
vertex 104.23971557617188 -53.19999694824219 -1.5716934204101562
vertex 104.23971557617188 -52.98591995239258 -0.4050999879837036
endloop
endfacet
facet normal 0 1 0
outer loop
vertex 104.9397201538086 -51.999996185302734 -5.199999809265137
vertex 105.05451965332031 -51.999996185302734 -5.177164077758789
vertex 105.23971557617188 -51.999996185302734 -8.199999809265137
endloop
endfacet
facet normal -1 0 0
outer loop
vertex 105.23971557617188 -50.19999694824219 -4.099999904632568
vertex 105.23971557617188 -51.999996185302734 -4.900000095367432
vertex 105.23971557617188 -50.19999694824219 0
endloop
endfacet
facet normal -0.19508353170382517 0 0.9807866310558901
outer loop
vertex -104.8625717163086 -53.09726333618164 -5.199999809265137
vertex -104.74776458740234 -53.09736251831055 -5.177164077758789
vertex -104.74776458740234 -51.996883392333984 -5.177164077758789
endloop
endfacet
facet normal -0.19508353170382517 0 0.9807866310558901
outer loop
vertex -104.74776458740234 -51.996883392333984 -5.177164077758789
vertex -104.8625717163086 -51.996883392333984 -5.199999809265137
vertex -104.8625717163086 -53.09726333618164 -5.199999809265137
endloop
endfacet
facet normal -1 0 0
outer loop
vertex -104.56256866455078 -53.09751510620117 -1.5824651718139648
vertex -104.56256866455078 -53.85824203491211 -1.5
vertex -104.56256866455078 -53.85824203491211 -0.5
endloop
endfacet
facet normal 0 0 1
outer loop
vertex -105.2625732421875 -53.096927642822266 -5.199999809265137
vertex -104.8625717163086 -53.09726333618164 -5.199999809265137
vertex -104.8625717163086 -51.996883392333984 -5.199999809265137
endloop
endfacet
facet normal 0.83146573920637 0 0.5555760294739188
outer loop
vertex -105.53973388671875 -53.09669494628906 -5.014804840087891
vertex -105.47470092773438 -53.09675216674805 -5.1121320724487305
vertex -105.47470092773438 -51.996883392333984 -5.1121320724487305
endloop
endfacet
facet normal 0.555596742773309 0 0.831451898440126
outer loop
vertex -105.47470092773438 -53.09675216674805 -5.1121320724487305
vertex -105.37738037109375 -51.996883392333984 -5.177164077758789
vertex -105.47470092773438 -51.996883392333984 -5.1121320724487305
endloop
endfacet
facet normal 0.5555967427733088 0 0.8314518984401259
outer loop
vertex -105.47470092773438 -53.09675216674805 -5.1121320724487305
vertex -105.37738037109375 -53.096832275390625 -5.177164077758789
vertex -105.37738037109375 -51.996883392333984 -5.177164077758789
endloop
endfacet
facet normal 0.19508353170382514 0 0.98078663105589
outer loop
vertex -105.2625732421875 -51.996883392333984 -5.199999809265137
vertex -105.37738037109375 -51.996883392333984 -5.177164077758789
vertex -105.37738037109375 -53.096832275390625 -5.177164077758789
endloop
endfacet
facet normal 0.19508353170382514 0 0.98078663105589
outer loop
vertex -105.37738037109375 -53.096832275390625 -5.177164077758789
vertex -105.2625732421875 -53.096927642822266 -5.199999809265137
vertex -105.2625732421875 -51.996883392333984 -5.199999809265137
endloop
endfacet
facet normal 0 1 0
outer loop
vertex -104.58541107177734 -51.996883392333984 -5.014804840087891
vertex -104.56256866455078 -51.996883392333984 -4.900000095367432
vertex -96.56256866455078 -51.996883392333984 -8.199999809265137
endloop
endfacet
facet normal -0.5555666334387602 0 0.8314720174542992
outer loop
vertex -104.74776458740234 -53.09736251831055 -5.177164077758789
vertex -104.65043640136719 -53.097442626953125 -5.1121320724487305
vertex -104.65043640136719 -51.996883392333984 -5.1121320724487305
endloop
endfacet
facet normal -0.5555666334387602 0 0.8314720174542991
outer loop
vertex -104.65043640136719 -51.996883392333984 -5.1121320724487305
vertex -104.74776458740234 -51.996883392333984 -5.177164077758789
vertex -104.74776458740234 -53.09736251831055 -5.177164077758789
endloop
endfacet
facet normal -0.8314958474922043 0 0.5555309672765515
outer loop
vertex -104.58541107177734 -51.996883392333984 -5.014804840087891
vertex -104.65043640136719 -51.996883392333984 -5.1121320724487305
vertex -104.65043640136719 -53.097442626953125 -5.1121320724487305
endloop
endfacet
facet normal 0 1 0
outer loop
vertex -104.65043640136719 -51.996883392333984 -5.1121320724487305
vertex -104.58541107177734 -51.996883392333984 -5.014804840087891
vertex -96.56256866455078 -51.996883392333984 -8.199999809265137
endloop
endfacet
facet normal 0.9336144159015025 0.3063997516216241 0.1856968352641027
outer loop
vertex -105.53973388671875 -51.996883392333984 -5.014804840087891
vertex -105.56256866455078 -49.996883392333984 -8.199999809265137
vertex -105.56256866455078 -51.996883392333984 -4.900000095367432
endloop
endfacet
facet normal 1 0 0
outer loop
vertex -105.56256866455078 -51.996883392333984 -4.900000095367432
vertex -105.56256866455078 -49.996883392333984 -8.199999809265137
vertex -105.56256866455078 -50.19999694824219 -4.099999904632568
endloop
endfacet
facet normal 0 1 0
outer loop
vertex -105.47470092773438 -51.996883392333984 -5.1121320724487305
vertex -105.56256866455078 -51.996883392333984 -8.199999809265137
vertex -105.53973388671875 -51.996883392333984 -5.014804840087891
endloop
endfacet
facet normal 0 1 0
outer loop
vertex -104.65043640136719 -51.996883392333984 -5.1121320724487305
vertex -105.56256866455078 -51.996883392333984 -8.199999809265137
vertex -104.74776458740234 -51.996883392333984 -5.177164077758789
endloop
endfacet
facet normal 0 1 0
outer loop
vertex -104.8625717163086 -51.996883392333984 -5.199999809265137
vertex -104.74776458740234 -51.996883392333984 -5.177164077758789
vertex -105.56256866455078 -51.996883392333984 -8.199999809265137
endloop
endfacet
facet normal 0 1 0
outer loop
vertex -105.2625732421875 -51.996883392333984 -5.199999809265137
vertex -104.8625717163086 -51.996883392333984 -5.199999809265137
vertex -105.56256866455078 -51.996883392333984 -8.199999809265137
endloop
endfacet
facet normal 0 1 0
outer loop
vertex -105.37738037109375 -51.996883392333984 -5.177164077758789
vertex -105.56256866455078 -51.996883392333984 -8.199999809265137
vertex -105.47470092773438 -51.996883392333984 -5.1121320724487305
endloop
endfacet
facet normal 0 1 0
outer loop
vertex -105.56256866455078 -51.996883392333984 -8.199999809265137
vertex -105.37738037109375 -51.996883392333984 -5.177164077758789
vertex -105.2625732421875 -51.996883392333984 -5.199999809265137
endloop
endfacet
facet normal 1 0 0
outer loop
vertex -105.56256866455078 -50.19999694824219 -4.099999904632568
vertex -105.56256866455078 -49.996883392333984 -8.199999809265137
vertex -105.56256866455078 -49.996883392333984 -4.099999904632568
endloop
endfacet
facet normal 0 -1 0
outer loop
vertex -105.56256866455078 -49.996883392333984 -4.099999904632568
vertex -105.56256866455078 -49.996883392333984 -8.199999809265137
vertex -96.56256866455078 -49.996883392333984 -4.099999904632568
endloop
endfacet
facet normal 0 1 0
outer loop
vertex -97.2625732421875 -51.996883392333984 -5.199999809265137
vertex -96.8625717163086 -51.996883392333984 -5.199999809265137
vertex -96.56256866455078 -51.996883392333984 -8.199999809265137
endloop
endfacet
facet normal 0 1 0
outer loop
vertex -97.2625732421875 -51.996883392333984 -5.199999809265137
vertex -96.56256866455078 -51.996883392333984 -8.199999809265137
vertex -97.37738037109375 -51.996883392333984 -5.177164077758789
endloop
endfacet
facet normal 0 1 0
outer loop
vertex -96.8625717163086 -51.996883392333984 -5.199999809265137
vertex -96.74776458740234 -51.996883392333984 -5.177164077758789
vertex -96.56256866455078 -51.996883392333984 -8.199999809265137
endloop
endfacet
facet normal 1 0 0
outer loop
vertex -97.56256866455078 -52.103389739990234 0
vertex -97.56256866455078 -53.103389739990234 -4.900000095367432
vertex -97.56256866455078 -51.996883392333984 0
endloop
endfacet
facet normal 0 -1 0
outer loop
vertex -105.56256866455078 -49.996883392333984 -8.199999809265137
vertex -96.56256866455078 -49.996883392333984 -8.199999809265137
vertex -96.56256866455078 -49.996883392333984 -4.099999904632568
endloop
endfacet
facet normal 0 0 1
outer loop
vertex -96.56256866455078 -51.996883392333984 -8.199999809265137
vertex -96.56256866455078 -49.996883392333984 -8.199999809265137
vertex -105.56256866455078 -49.996883392333984 -8.199999809265137
endloop
endfacet
facet normal 0 1 0
outer loop
vertex -96.74776458740234 -51.996883392333984 -5.177164077758789
vertex -96.65043640136719 -51.996883392333984 -5.1121320724487305
vertex -96.56256866455078 -51.996883392333984 -8.199999809265137
endloop
endfacet
facet normal 0 1 0
outer loop
vertex -97.37738037109375 -51.996883392333984 -5.177164077758789
vertex -96.56256866455078 -51.996883392333984 -8.199999809265137
vertex -104.56256866455078 -51.996883392333984 -4.900000095367432
endloop
endfacet
facet normal 0 1 0
outer loop
vertex -96.65043640136719 -51.996883392333984 -5.1121320724487305
vertex -96.58541107177734 -51.996883392333984 -5.014804840087891
vertex -96.56256866455078 -51.996883392333984 -8.199999809265137
endloop
endfacet
facet normal -0.9335743708283659 0.3064889770925831 0.1857509113117964
outer loop
vertex -96.58541107177734 -51.996883392333984 -5.014804840087891
vertex -96.56256866455078 -51.996883392333984 -4.900000095367432
vertex -96.56256866455078 -49.996883392333984 -8.199999809265137
endloop
endfacet
facet normal -0.9999742862776435 0 -0.007171246998781143
outer loop
vertex -96.56256866455078 -49.996883392333984 -8.199999809265137
vertex -96.56256866455078 -51.996883392333984 -8.199999809265137
vertex -96.58541107177734 -51.996883392333984 -5.014804840087891
endloop
endfacet
facet normal 0 1 0
outer loop
vertex -96.56256866455078 -51.996883392333984 -8.199999809265137
vertex -105.56256866455078 -51.996883392333984 -8.199999809265137
vertex -104.65043640136719 -51.996883392333984 -5.1121320724487305
endloop
endfacet
facet normal 0.9999743034509482 0 -0.0071688519158187676
outer loop
vertex -105.56256866455078 -51.996883392333984 -8.199999809265137
vertex -105.56256866455078 -49.996883392333984 -8.199999809265137
vertex -105.53973388671875 -51.996883392333984 -5.014804840087891
endloop
endfacet
facet normal 0 0 1
outer loop
vertex -105.56256866455078 -51.996883392333984 -8.199999809265137
vertex -96.56256866455078 -51.996883392333984 -8.199999809265137
vertex -105.56256866455078 -49.996883392333984 -8.199999809265137
endloop
endfacet
facet normal 0 1 0
outer loop
vertex -97.37738037109375 -51.996883392333984 -5.177164077758789
vertex -104.56256866455078 -51.996883392333984 -4.900000095367432
vertex -97.47470092773438 -51.996883392333984 -5.1121320724487305
endloop
endfacet
facet normal 0 1 0
outer loop
vertex -97.56256866455078 -51.996883392333984 0
vertex -104.56256866455078 -51.996883392333984 -4.900000095367432
vertex -104.56256866455078 -51.996883392333984 0
endloop
endfacet
facet normal 0.19508353170382517 0 0.9807866310558901
outer loop
vertex -97.37738037109375 -53.103546142578125 -5.177164077758789
vertex -97.2625732421875 -53.10364532470703 -5.199999809265137
vertex -97.2625732421875 -51.996883392333984 -5.199999809265137
endloop
endfacet
facet normal 0.19508353170382514 0 0.9807866310558899
outer loop
vertex -97.37738037109375 -53.103546142578125 -5.177164077758789
vertex -97.2625732421875 -51.996883392333984 -5.199999809265137
vertex -97.37738037109375 -51.996883392333984 -5.177164077758789
endloop
endfacet
facet normal 0 0 1
outer loop
vertex -97.2625732421875 -53.10364532470703 -5.199999809265137
vertex -96.8625717163086 -53.103981018066406 -5.199999809265137
vertex -96.8625717163086 -51.996883392333984 -5.199999809265137
endloop
endfacet
facet normal -1 0 0
outer loop
vertex -96.56256866455078 -50.19999694824219 0
vertex -96.56256866455078 -51.996883392333984 -4.900000095367432
vertex -96.56256866455078 -52.10422897338867 0
endloop
endfacet
facet normal 1 0 0
outer loop
vertex -97.56256866455078 -53.85824203491211 -1.5
vertex -97.56256866455078 -53.103389739990234 -1.581828236579895
vertex -97.56256866455078 -52.98280715942383 -0.4050999879837036
endloop
endfacet
facet normal 1 0 0
outer loop
vertex -97.56256866455078 -53.85824203491211 -0.5
vertex -97.56256866455078 -53.85824203491211 -1.5
vertex -97.56256866455078 -52.98280715942383 -0.4050999879837036
endloop
endfacet
facet normal 1 0 0
outer loop
vertex -105.56256866455078 -52.096675872802734 0
vertex -105.56256866455078 -53.096675872802734 -4.900000095367432
vertex -105.56256866455078 -50.19999694824219 0
endloop
endfacet
facet normal -0.19508353170382514 0 0.98078663105589
outer loop
vertex -96.74776458740234 -51.996883392333984 -5.177164077758789
vertex -96.8625717163086 -51.996883392333984 -5.199999809265137
vertex -96.8625717163086 -53.103981018066406 -5.199999809265137
endloop
endfacet
facet normal -0.19508353170382517 0 0.9807866310558901
outer loop
vertex -96.74776458740234 -51.996883392333984 -5.177164077758789
vertex -96.8625717163086 -53.103981018066406 -5.199999809265137
vertex -96.74776458740234 -53.10407638549805 -5.177164077758789
endloop
endfacet
facet normal 0.555596742773309 0 0.831451898440126
outer loop
vertex -97.47470092773438 -53.10346603393555 -5.1121320724487305
vertex -97.37738037109375 -53.103546142578125 -5.177164077758789
vertex -97.37738037109375 -51.996883392333984 -5.177164077758789
endloop
endfacet
facet normal 0.555596742773309 0 0.831451898440126
outer loop
vertex -97.47470092773438 -53.10346603393555 -5.1121320724487305
vertex -97.37738037109375 -51.996883392333984 -5.177164077758789
vertex -97.47470092773438 -51.996883392333984 -5.1121320724487305
endloop
endfacet
facet normal 0.83146573920637 0 0.5555760294739188
outer loop
vertex -97.53973388671875 -53.10341262817383 -5.014804840087891
vertex -97.47470092773438 -53.10346603393555 -5.1121320724487305
vertex -97.47470092773438 -51.996883392333984 -5.1121320724487305
endloop
endfacet
facet normal -1 0 0
outer loop
vertex -96.56256866455078 -50.19999694824219 -4.099999904632568
vertex -96.56256866455078 -51.996883392333984 -4.900000095367432
vertex -96.56256866455078 -50.19999694824219 0
endloop
endfacet
facet normal -1 0 0
outer loop
vertex -96.56256866455078 -52.10422897338867 0
vertex -96.56256866455078 -53.10423278808594 -4.900000095367432
vertex -96.56256866455078 -53.10423278808594 -1
endloop
endfacet
facet normal 1 0 0
outer loop
vertex -97.56256866455078 -53.103389739990234 -1.581828236579895
vertex -97.56256866455078 -53.103389739990234 -4.900000095367432
vertex -97.56256866455078 -52.103389739990234 0
endloop
endfacet
facet normal -1 0 0
outer loop
vertex -96.56256866455078 -51.996883392333984 -4.900000095367432
vertex -96.56256866455078 -53.10423278808594 -4.900000095367432
vertex -96.56256866455078 -52.10422897338867 0
endloop
endfacet
facet normal 1 0 0
outer loop
vertex -97.56256866455078 -53.103389739990234 -4.900000095367432
vertex -97.56256866455078 -51.996883392333984 -4.900000095367432
vertex -97.56256866455078 -51.996883392333984 0
endloop
endfacet
facet normal 0 1 0
outer loop
vertex -97.56256866455078 -51.996883392333984 -4.900000095367432
vertex -104.56256866455078 -51.996883392333984 -4.900000095367432
vertex -97.56256866455078 -51.996883392333984 0
endloop
endfacet
facet normal 1 0 0
outer loop
vertex -105.56256866455078 -50.19999694824219 0
vertex -105.56256866455078 -51.996883392333984 -4.900000095367432
vertex -105.56256866455078 -50.19999694824219 -4.099999904632568
endloop
endfacet
facet normal 1 0 0
outer loop
vertex -97.56256866455078 -52.98280715942383 -0.4050999879837036
vertex -97.56256866455078 -53.103389739990234 -1.581828236579895
vertex -97.56256866455078 -52.75905990600586 -0.38341864943504333
endloop
endfacet
facet normal 1 0 0
outer loop
vertex -97.56256866455078 -52.75905990600586 -0.38341864943504333
vertex -97.56256866455078 -53.103389739990234 -1.581828236579895
vertex -97.56256866455078 -52.46067810058594 -0.3572852909564972
endloop
endfacet
facet normal 1 0 0
outer loop
vertex -105.56256866455078 -53.096675872802734 -1
vertex -105.56256866455078 -53.096675872802734 -4.900000095367432
vertex -105.56256866455078 -52.096675872802734 0
endloop
endfacet
facet normal -1 0 0
outer loop
vertex -104.56256866455078 -51.996883392333984 0
vertex -104.56256866455078 -53.09751510620117 -4.900000095367432
vertex -104.56256866455078 -53.09751510620117 -1.5824651718139648
endloop
endfacet
facet normal -1 0 0
outer loop
vertex -104.56256866455078 -51.996883392333984 -4.900000095367432
vertex -104.56256866455078 -53.09751510620117 -4.900000095367432
vertex -104.56256866455078 -51.996883392333984 0
endloop
endfacet
facet normal 1 0 0
outer loop
vertex -105.56256866455078 -53.096675872802734 -4.900000095367432
vertex -105.56256866455078 -51.996883392333984 -4.900000095367432
vertex -105.56256866455078 -50.19999694824219 0
endloop
endfacet
facet normal -0.9807749421759738 0 0.1951422885991529
outer loop
vertex -96.56256866455078 -51.996883392333984 -4.900000095367432
vertex -96.58541107177734 -53.104209899902344 -5.014804840087891
vertex -96.56256866455078 -53.10423278808594 -4.900000095367432
endloop
endfacet
facet normal 0.9807874147504076 0 0.19507959162150132
outer loop
vertex -97.56256866455078 -53.103389739990234 -4.900000095367432
vertex -97.53973388671875 -51.996883392333984 -5.014804840087891
vertex -97.56256866455078 -51.996883392333984 -4.900000095367432
endloop
endfacet
facet normal -0.9807749421759739 0 0.19514228859915292
outer loop
vertex -96.56256866455078 -51.996883392333984 -4.900000095367432
vertex -96.58541107177734 -51.996883392333984 -5.014804840087891
vertex -96.58541107177734 -53.104209899902344 -5.014804840087891
endloop
endfacet
facet normal -0.8314958474922043 0 0.5555309672765515
outer loop
vertex -96.58541107177734 -51.996883392333984 -5.014804840087891
vertex -96.65043640136719 -53.104156494140625 -5.1121320724487305
vertex -96.58541107177734 -53.104209899902344 -5.014804840087891
endloop
endfacet
facet normal -0.5555666334387602 0 0.8314720174542991
outer loop
vertex -96.74776458740234 -53.10407638549805 -5.177164077758789
vertex -96.65043640136719 -53.104156494140625 -5.1121320724487305
vertex -96.65043640136719 -51.996883392333984 -5.1121320724487305
endloop
endfacet
facet normal -0.5555666334387601 0 0.831472017454299
outer loop
vertex -96.65043640136719 -51.996883392333984 -5.1121320724487305
vertex -96.74776458740234 -51.996883392333984 -5.177164077758789
vertex -96.74776458740234 -53.10407638549805 -5.177164077758789
endloop
endfacet
facet normal -0.8314958474922043 0 0.5555309672765514
outer loop
vertex -96.58541107177734 -51.996883392333984 -5.014804840087891
vertex -96.65043640136719 -51.996883392333984 -5.1121320724487305
vertex -96.65043640136719 -53.104156494140625 -5.1121320724487305
endloop
endfacet
facet normal 0.9807874147504076 0 0.19507959162150132
outer loop
vertex -97.56256866455078 -53.103389739990234 -4.900000095367432
vertex -97.53973388671875 -53.10341262817383 -5.014804840087891
vertex -97.53973388671875 -51.996883392333984 -5.014804840087891
endloop
endfacet
facet normal -1 0 0
outer loop
vertex -96.56256866455078 -49.996883392333984 -8.199999809265137
vertex -96.56256866455078 -51.996883392333984 -4.900000095367432
vertex -96.56256866455078 -50.19999694824219 -4.099999904632568
endloop
endfacet
facet normal -1 0 0
outer loop
vertex -96.56256866455078 -49.996883392333984 -4.099999904632568
vertex -96.56256866455078 -49.996883392333984 -8.199999809265137
vertex -96.56256866455078 -50.19999694824219 -4.099999904632568
endloop
endfacet
facet normal 0.8314657392063699 0 0.5555760294739188
outer loop
vertex -105.53973388671875 -53.09669494628906 -5.014804840087891
vertex -105.47470092773438 -51.996883392333984 -5.1121320724487305
vertex -105.53973388671875 -51.996883392333984 -5.014804840087891
endloop
endfacet
facet normal -1 0 0
outer loop
vertex -104.56256866455078 -51.996883392333984 0
vertex -104.56256866455078 -53.09751510620117 -1.5824651718139648
vertex -104.56256866455078 -52.09751510620117 0
endloop
endfacet
facet normal 0.9807874147504078 0 0.19507959162150132
outer loop
vertex -105.56256866455078 -53.096675872802734 -4.900000095367432
vertex -105.53973388671875 -53.09669494628906 -5.014804840087891
vertex -105.53973388671875 -51.996883392333984 -5.014804840087891
endloop
endfacet
facet normal 0.9807874147504078 0 0.19507959162150132
outer loop
vertex -105.56256866455078 -53.096675872802734 -4.900000095367432
vertex -105.53973388671875 -51.996883392333984 -5.014804840087891
vertex -105.56256866455078 -51.996883392333984 -4.900000095367432
endloop
endfacet
facet normal -0.8314958474922043 0 0.5555309672765515
outer loop
vertex -104.58541107177734 -51.996883392333984 -5.014804840087891
vertex -104.65043640136719 -53.097442626953125 -5.1121320724487305
vertex -104.58541107177734 -53.097496032714844 -5.014804840087891
endloop
endfacet
facet normal -0.9807749421759739 0 0.19514228859915292
outer loop
vertex -104.56256866455078 -51.996883392333984 -4.900000095367432
vertex -104.58541107177734 -51.996883392333984 -5.014804840087891
vertex -104.58541107177734 -53.097496032714844 -5.014804840087891
endloop
endfacet
facet normal -0.9807749421759738 0 0.1951422885991529
outer loop
vertex -104.56256866455078 -51.996883392333984 -4.900000095367432
vertex -104.58541107177734 -53.097496032714844 -5.014804840087891
vertex -104.56256866455078 -53.09751510620117 -4.900000095367432
endloop
endfacet
facet normal 0 1 0
outer loop
vertex -97.47470092773438 -51.996883392333984 -5.1121320724487305
vertex -104.56256866455078 -51.996883392333984 -4.900000095367432
vertex -97.53973388671875 -51.996883392333984 -5.014804840087891
endloop
endfacet
facet normal 0 1 0
outer loop
vertex -97.53973388671875 -51.996883392333984 -5.014804840087891
vertex -104.56256866455078 -51.996883392333984 -4.900000095367432
vertex -97.56256866455078 -51.996883392333984 -4.900000095367432
endloop
endfacet
facet normal 0.83146573920637 0 0.5555760294739188
outer loop
vertex -97.53973388671875 -53.10341262817383 -5.014804840087891
vertex -97.47470092773438 -51.996883392333984 -5.1121320724487305
vertex -97.53973388671875 -51.996883392333984 -5.014804840087891
endloop
endfacet
facet normal -1 0 0
outer loop
vertex -104.56256866455078 -53.09751510620117 -1.5824651718139648
vertex -104.56256866455078 -52.45423889160156 -0.35672131180763245
vertex -104.56256866455078 -52.09751510620117 0
endloop
endfacet
facet normal -1 0 0
outer loop
vertex -104.56256866455078 -53.09751510620117 -1.5824651718139648
vertex -104.56256866455078 -52.75905990600586 -0.38341864943504333
vertex -104.56256866455078 -52.45423889160156 -0.35672131180763245
endloop
endfacet
facet normal -1 0 0
outer loop
vertex -104.56256866455078 -53.09751510620117 -1.5824651718139648
vertex -104.56256866455078 -52.98280715942383 -0.4050999879837036
vertex -104.56256866455078 -52.75905990600586 -0.38341864943504333
endloop
endfacet
facet normal -1 0 0
outer loop
vertex -104.56256866455078 -53.09751510620117 -1.5824651718139648
vertex -104.56256866455078 -53.85824203491211 -0.5
vertex -104.56256866455078 -52.98280715942383 -0.4050999879837036
endloop
endfacet
facet normal 0 0 1
outer loop
vertex -104.8625717163086 -51.996883392333984 -5.199999809265137
vertex -105.2625732421875 -51.996883392333984 -5.199999809265137
vertex -105.2625732421875 -53.096927642822266 -5.199999809265137
endloop
endfacet
facet normal 1 0 0
outer loop
vertex -97.56256866455078 -52.46067810058594 -0.3572852909564972
vertex -97.56256866455078 -53.103389739990234 -1.581828236579895
vertex -97.56256866455078 -52.103389739990234 0
endloop
endfacet
facet normal 0 0 1
outer loop
vertex -96.8625717163086 -51.996883392333984 -5.199999809265137
vertex -97.2625732421875 -51.996883392333984 -5.199999809265137
vertex -97.2625732421875 -53.10364532470703 -5.199999809265137
endloop
endfacet
facet normal -0.19508664942816537 0 0.9807860109192483
outer loop
vertex -12.862571716308594 -53.17448043823242 -5.199999809265137
vertex -12.747766494750977 -53.17457962036133 -5.177164077758789
vertex -12.747766494750977 -51.996883392333984 -5.177164077758789
endloop
endfacet
facet normal 1 0 0
outer loop
vertex -5.5625715255737305 -53.18061065673828 -1.5734575986862183
vertex -5.5625715255737305 -53.18061065673828 -4.900000095367432
vertex -5.5625715255737305 -52.180606842041016 0
endloop
endfacet
facet normal 0.8314695027564062 0 0.5555703969669501
outer loop
vertex -13.539735794067383 -53.173912048339844 -5.014804840087891
vertex -13.474703788757324 -53.17396926879883 -5.1121320724487305
vertex -13.474703788757324 -51.996883392333984 -5.1121320724487305
endloop
endfacet
facet normal -0.5555703969669501 0 0.8314695027564062
outer loop
vertex -12.747766494750977 -53.17457962036133 -5.177164077758789
vertex -12.650439262390137 -53.174659729003906 -5.1121320724487305
vertex -12.650439262390137 -51.996883392333984 -5.1121320724487305
endloop
endfacet
facet normal 0 0 1
outer loop
vertex -12.862571716308594 -51.996883392333984 -5.199999809265137
vertex -13.262571334838867 -51.996883392333984 -5.199999809265137
vertex -13.262571334838867 -53.17414474487305 -5.199999809265137
endloop
endfacet
facet normal 0.1950866494281654 0 0.9807860109192486
outer loop
vertex -13.377376556396484 -51.996883392333984 -5.177164077758789
vertex -13.377376556396484 -53.174049377441406 -5.177164077758789
vertex -13.262571334838867 -51.996883392333984 -5.199999809265137
endloop
endfacet
facet normal -0.19508664942816537 0 0.9807860109192484
outer loop
vertex -12.747766494750977 -51.996883392333984 -5.177164077758789
vertex -12.862571716308594 -51.996883392333984 -5.199999809265137
vertex -12.862571716308594 -53.17448043823242 -5.199999809265137
endloop
endfacet
facet normal -1 0 0
outer loop
vertex -4.5625715255737305 -50.19999694824219 0
vertex -4.5625715255737305 -51.996883392333984 -4.900000095367432
vertex -4.5625715255737305 -52.18144607543945 0
endloop
endfacet
facet normal 1 0 0
outer loop
vertex -5.5625715255737305 -52.180606842041016 0
vertex -5.5625715255737305 -53.18061065673828 -4.900000095367432
vertex -5.5625715255737305 -51.996883392333984 0
endloop
endfacet
facet normal 1 0 0
outer loop
vertex -5.5625715255737305 -53.85824203491211 -1.5
vertex -5.5625715255737305 -53.18061065673828 -1.5734575986862183
vertex -5.5625715255737305 -52.98280715942383 -0.4050999879837036
endloop
endfacet
facet normal -1 0 0
outer loop
vertex -12.56257152557373 -53.17473220825195 -1.574094533920288
vertex -12.56257152557373 -53.85824203491211 -0.5
vertex -12.56257152557373 -52.98280715942383 -0.4050999879837036
endloop
endfacet
facet normal -1 0 0
outer loop
vertex -12.56257152557373 -53.17473220825195 -1.574094533920288
vertex -12.56257152557373 -52.98280715942383 -0.4050999879837036
vertex -12.56257152557373 -52.75905990600586 -0.38341864943504333
endloop
endfacet
facet normal -1 0 0
outer loop
vertex -12.56257152557373 -53.17473220825195 -1.574094533920288
vertex -12.56257152557373 -52.75905990600586 -0.38341864943504333
vertex -12.56257152557373 -52.53886795043945 -0.36413338780403137
endloop
endfacet
facet normal -1 0 0
outer loop
vertex -12.56257152557373 -53.17473220825195 -1.574094533920288
vertex -12.56257152557373 -52.53886795043945 -0.36413338780403137
vertex -12.56257152557373 -52.17473220825195 0
endloop
endfacet
facet normal -1 0 0
outer loop
vertex -12.56257152557373 -51.996883392333984 0
vertex -12.56257152557373 -53.17473220825195 -1.574094533920288
vertex -12.56257152557373 -52.17473220825195 0
endloop
endfacet
facet normal 1 0 0
outer loop
vertex -13.56257152557373 -50.19999694824219 0
vertex -13.56257152557373 -52.173892974853516 0
vertex -13.56257152557373 -53.173892974853516 -1
endloop
endfacet
facet normal 0.5555703969669501 0 0.8314695027564062
outer loop
vertex -13.474703788757324 -51.996883392333984 -5.1121320724487305
vertex -13.474703788757324 -53.17396926879883 -5.1121320724487305
vertex -13.377376556396484 -51.996883392333984 -5.177164077758789
endloop
endfacet
facet normal -1 0 0
outer loop
vertex -12.56257152557373 -53.17473220825195 -1.574094533920288
vertex -12.56257152557373 -53.85824203491211 -1.5
vertex -12.56257152557373 -53.85824203491211 -0.5
endloop
endfacet
facet normal 0 1 0
outer loop
vertex -5.5625715255737305 -51.996883392333984 0
vertex -12.56257152557373 -51.996883392333984 -4.900000095367432
vertex -12.56257152557373 -51.996883392333984 0
endloop
endfacet
facet normal 1 0 0
outer loop
vertex -5.5625715255737305 -53.85824203491211 -0.5
vertex -5.5625715255737305 -53.85824203491211 -1.5
vertex -5.5625715255737305 -52.98280715942383 -0.4050999879837036
endloop
endfacet
facet normal 1 0 0
outer loop
vertex -5.5625715255737305 -52.98280715942383 -0.4050999879837036
vertex -5.5625715255737305 -53.18061065673828 -1.5734575986862183
vertex -5.5625715255737305 -52.75905990600586 -0.38341864943504333
endloop
endfacet
facet normal 1 0 0
outer loop
vertex -5.5625715255737305 -52.75905990600586 -0.38341864943504333
vertex -5.5625715255737305 -53.18061065673828 -1.5734575986862183
vertex -5.5625715255737305 -52.54530715942383 -0.3646973669528961
endloop
endfacet
facet normal 1 0 0
outer loop
vertex -5.5625715255737305 -52.54530715942383 -0.3646973669528961
vertex -5.5625715255737305 -53.18061065673828 -1.5734575986862183
vertex -5.5625715255737305 -52.180606842041016 0
endloop
endfacet
facet normal 0 1 0
outer loop
vertex -12.650439262390137 -51.996883392333984 -5.1121320724487305
vertex -13.56257152557373 -51.996883392333984 -8.199999809265137
vertex -12.747766494750977 -51.996883392333984 -5.177164077758789
endloop
endfacet
facet normal 0.9336094107171562 0.30641090543338245 0.18570359515060292
outer loop
vertex -13.539735794067383 -51.996883392333984 -5.014804840087891
vertex -13.56257152557373 -49.996883392333984 -8.199999809265137
vertex -13.56257152557373 -51.996883392333984 -4.900000095367432
endloop
endfacet
facet normal 0.19508664942816537 0 0.9807860109192483
outer loop
vertex -13.377376556396484 -53.174049377441406 -5.177164077758789
vertex -13.262571334838867 -53.17414474487305 -5.199999809265137
vertex -13.262571334838867 -51.996883392333984 -5.199999809265137
endloop
endfacet
facet normal 0 0 1
outer loop
vertex -13.262571334838867 -53.17414474487305 -5.199999809265137
vertex -12.862571716308594 -53.17448043823242 -5.199999809265137
vertex -12.862571716308594 -51.996883392333984 -5.199999809265137
endloop
endfacet
facet normal -0.9336069080767841 0.30641648227199003 0.18570697505308237
outer loop
vertex -4.585407733917236 -51.996883392333984 -5.014804840087891
vertex -4.5625715255737305 -51.996883392333984 -4.900000095367432
vertex -4.5625715255737305 -49.996883392333984 -8.199999809265137
endloop
endfacet
facet normal 0 1 0
outer loop
vertex -4.650439739227295 -51.996883392333984 -5.1121320724487305
vertex -4.585407733917236 -51.996883392333984 -5.014804840087891
vertex -4.5625715255737305 -51.996883392333984 -8.199999809265137
endloop
endfacet
facet normal 0 1 0
outer loop
vertex -4.747766494750977 -51.996883392333984 -5.177164077758789
vertex -4.650439739227295 -51.996883392333984 -5.1121320724487305
vertex -4.5625715255737305 -51.996883392333984 -8.199999809265137
endloop
endfacet
facet normal 0 1 0
outer loop
vertex -4.862571716308594 -51.996883392333984 -5.199999809265137
vertex -4.747766494750977 -51.996883392333984 -5.177164077758789
vertex -4.5625715255737305 -51.996883392333984 -8.199999809265137
endloop
endfacet
facet normal 0 1 0
outer loop
vertex -5.262571811676025 -51.996883392333984 -5.199999809265137
vertex -4.862571716308594 -51.996883392333984 -5.199999809265137
vertex -4.5625715255737305 -51.996883392333984 -8.199999809265137
endloop
endfacet
facet normal 0 1 0
outer loop
vertex -4.5625715255737305 -51.996883392333984 -8.199999809265137
vertex -5.377376556396484 -51.996883392333984 -5.177164077758789
vertex -5.262571811676025 -51.996883392333984 -5.199999809265137
endloop
endfacet
facet normal 0 1 0
outer loop
vertex -4.5625715255737305 -51.996883392333984 -8.199999809265137
vertex -12.56257152557373 -51.996883392333984 -4.900000095367432
vertex -5.377376556396484 -51.996883392333984 -5.177164077758789
endloop
endfacet
facet normal 0 1 0
outer loop
vertex -12.585408210754395 -51.996883392333984 -5.014804840087891
vertex -12.56257152557373 -51.996883392333984 -4.900000095367432
vertex -4.5625715255737305 -51.996883392333984 -8.199999809265137
endloop
endfacet
facet normal -0.5555703969669501 0 0.8314695027564062
outer loop
vertex -12.650439262390137 -51.996883392333984 -5.1121320724487305
vertex -12.747766494750977 -51.996883392333984 -5.177164077758789
vertex -12.747766494750977 -53.17457962036133 -5.177164077758789
endloop
endfacet
facet normal -0.831473266302357 0 0.5555647643834963
outer loop
vertex -12.585408210754395 -51.996883392333984 -5.014804840087891
vertex -12.650439262390137 -51.996883392333984 -5.1121320724487305
vertex -12.650439262390137 -53.174659729003906 -5.1121320724487305
endloop
endfacet
facet normal 0 1 0
outer loop
vertex -12.650439262390137 -51.996883392333984 -5.1121320724487305
vertex -12.585408210754395 -51.996883392333984 -5.014804840087891
vertex -4.5625715255737305 -51.996883392333984 -8.199999809265137
endloop
endfacet
facet normal 0 1 0
outer loop
vertex -13.474703788757324 -51.996883392333984 -5.1121320724487305
vertex -13.56257152557373 -51.996883392333984 -8.199999809265137
vertex -13.539735794067383 -51.996883392333984 -5.014804840087891
endloop
endfacet
facet normal 0 1 0
outer loop
vertex -12.862571716308594 -51.996883392333984 -5.199999809265137
vertex -12.747766494750977 -51.996883392333984 -5.177164077758789
vertex -13.56257152557373 -51.996883392333984 -8.199999809265137
endloop
endfacet
facet normal 0 1 0
outer loop
vertex -13.262571334838867 -51.996883392333984 -5.199999809265137
vertex -12.862571716308594 -51.996883392333984 -5.199999809265137
vertex -13.56257152557373 -51.996883392333984 -8.199999809265137
endloop
endfacet
facet normal 0 1 0
outer loop
vertex -5.377376556396484 -51.996883392333984 -5.177164077758789
vertex -12.56257152557373 -51.996883392333984 -4.900000095367432
vertex -5.474703788757324 -51.996883392333984 -5.1121320724487305
endloop
endfacet
facet normal 0.5555703969669501 0 0.8314695027564062
outer loop
vertex -5.474703788757324 -53.18068313598633 -5.1121320724487305
vertex -5.377376556396484 -53.180763244628906 -5.177164077758789
vertex -5.377376556396484 -51.996883392333984 -5.177164077758789
endloop
endfacet
facet normal 0.8314713845298923 0 0.555567580684784
outer loop
vertex -5.539735317230225 -53.18062973022461 -5.014804840087891
vertex -5.474703788757324 -53.18068313598633 -5.1121320724487305
vertex -5.474703788757324 -51.996883392333984 -5.1121320724487305
endloop
endfacet
facet normal 0 0 1
outer loop
vertex -5.262571811676025 -53.18086242675781 -5.199999809265137
vertex -4.862571716308594 -53.18119812011719 -5.199999809265137
vertex -4.862571716308594 -51.996883392333984 -5.199999809265137
endloop
endfacet
facet normal 0.19508742887451302 0 0.9807858558804423
outer loop
vertex -5.377376556396484 -53.180763244628906 -5.177164077758789
vertex -5.262571811676025 -53.18086242675781 -5.199999809265137
vertex -5.262571811676025 -51.996883392333984 -5.199999809265137
endloop
endfacet
facet normal 0 1 0
outer loop
vertex -13.377376556396484 -51.996883392333984 -5.177164077758789
vertex -13.56257152557373 -51.996883392333984 -8.199999809265137
vertex -13.474703788757324 -51.996883392333984 -5.1121320724487305
endloop
endfacet
facet normal 0 1 0
outer loop
vertex -13.56257152557373 -51.996883392333984 -8.199999809265137
vertex -13.377376556396484 -51.996883392333984 -5.177164077758789
vertex -13.262571334838867 -51.996883392333984 -5.199999809265137
endloop
endfacet
facet normal 0 0 1
outer loop
vertex -13.56257152557373 -51.996883392333984 -8.199999809265137
vertex -4.5625715255737305 -51.996883392333984 -8.199999809265137
vertex -13.56257152557373 -49.996883392333984 -8.199999809265137
endloop
endfacet
facet normal 0.9999743013045989 0 -0.007169151301195813
outer loop
vertex -13.56257152557373 -51.996883392333984 -8.199999809265137
vertex -13.56257152557373 -49.996883392333984 -8.199999809265137
vertex -13.539735794067383 -51.996883392333984 -5.014804840087891
endloop
endfacet
facet normal 0 1 0
outer loop
vertex -4.5625715255737305 -51.996883392333984 -8.199999809265137
vertex -13.56257152557373 -51.996883392333984 -8.199999809265137
vertex -12.650439262390137 -51.996883392333984 -5.1121320724487305
endloop
endfacet
facet normal -0.9999743002313906 0 -0.0071693009938836125
outer loop
vertex -4.5625715255737305 -49.996883392333984 -8.199999809265137
vertex -4.5625715255737305 -51.996883392333984 -8.199999809265137
vertex -4.585407733917236 -51.996883392333984 -5.014804840087891
endloop
endfacet
facet normal 0 0 1
outer loop
vertex -13.56257152557373 -49.996883392333984 -8.199999809265137
vertex -4.5625715255737305 -51.996883392333984 -8.199999809265137
vertex -4.5625715255737305 -49.996883392333984 -8.199999809265137
endloop
endfacet
facet normal 0 -1 0
outer loop
vertex -13.56257152557373 -49.996883392333984 -8.199999809265137
vertex -4.5625715255737305 -49.996883392333984 -8.199999809265137
vertex -4.5625715255737305 -49.996883392333984 -4.099999904632568
endloop
endfacet
facet normal -0.1950866494281654 0 0.9807860109192486
outer loop
vertex -4.862571716308594 -53.18119812011719 -5.199999809265137
vertex -4.747766494750977 -53.18129348754883 -5.177164077758789
vertex -4.747766494750977 -51.996883392333984 -5.177164077758789
endloop
endfacet
facet normal -0.5555722787458979 0 0.8314682453882952
outer loop
vertex -4.747766494750977 -53.18129348754883 -5.177164077758789
vertex -4.650439739227295 -53.181373596191406 -5.1121320724487305
vertex -4.650439739227295 -51.996883392333984 -5.1121320724487305
endloop
endfacet
facet normal 0.5555703969669501 0 0.8314695027564062
outer loop
vertex -5.474703788757324 -51.996883392333984 -5.1121320724487305
vertex -5.474703788757324 -53.18068313598633 -5.1121320724487305
vertex -5.377376556396484 -51.996883392333984 -5.177164077758789
endloop
endfacet
facet normal 0 0 1
outer loop
vertex -4.862571716308594 -51.996883392333984 -5.199999809265137
vertex -5.262571811676025 -51.996883392333984 -5.199999809265137
vertex -5.262571811676025 -53.18086242675781 -5.199999809265137
endloop
endfacet
facet normal 0.19508742887451308 0 0.9807858558804424
outer loop
vertex -5.262571811676025 -51.996883392333984 -5.199999809265137
vertex -5.377376556396484 -51.996883392333984 -5.177164077758789
vertex -5.377376556396484 -53.180763244628906 -5.177164077758789
endloop
endfacet
facet normal -0.19508664942816537 0 0.9807860109192483
outer loop
vertex -4.747766494750977 -51.996883392333984 -5.177164077758789
vertex -4.862571716308594 -51.996883392333984 -5.199999809265137
vertex -4.862571716308594 -53.18119812011719 -5.199999809265137
endloop
endfacet
facet normal -0.5555722787458979 0 0.8314682453882952
outer loop
vertex -4.650439739227295 -51.996883392333984 -5.1121320724487305
vertex -4.747766494750977 -51.996883392333984 -5.177164077758789
vertex -4.747766494750977 -53.18129348754883 -5.177164077758789
endloop
endfacet
facet normal -0.8314695027564062 0 0.5555703969669501
outer loop
vertex -4.585407733917236 -51.996883392333984 -5.014804840087891
vertex -4.650439739227295 -51.996883392333984 -5.1121320724487305
vertex -4.650439739227295 -53.181373596191406 -5.1121320724487305
endloop
endfacet
facet normal 1 0 0
outer loop
vertex -13.56257152557373 -51.996883392333984 -4.900000095367432
vertex -13.56257152557373 -49.996883392333984 -8.199999809265137
vertex -13.56257152557373 -50.19999694824219 -4.099999904632568
endloop
endfacet
facet normal 1 0 0
outer loop
vertex -13.56257152557373 -49.996883392333984 -4.099999904632568
vertex -13.56257152557373 -50.19999694824219 -4.099999904632568
vertex -13.56257152557373 -49.996883392333984 -8.199999809265137
endloop
endfacet
facet normal 0 -1 0
outer loop
vertex -13.56257152557373 -49.996883392333984 -4.099999904632568
vertex -13.56257152557373 -49.996883392333984 -8.199999809265137
vertex -4.5625715255737305 -49.996883392333984 -4.099999904632568
endloop
endfacet
facet normal -1 0 0
outer loop
vertex -4.5625715255737305 -49.996883392333984 -8.199999809265137
vertex -4.5625715255737305 -51.996883392333984 -4.900000095367432
vertex -4.5625715255737305 -50.19999694824219 -4.099999904632568
endloop
endfacet
facet normal -1 0 0
outer loop
vertex -4.5625715255737305 -49.996883392333984 -4.099999904632568
vertex -4.5625715255737305 -49.996883392333984 -8.199999809265137
vertex -4.5625715255737305 -50.19999694824219 -4.099999904632568
endloop
endfacet
facet normal 0.9807858558804423 0 0.19508742887451302
outer loop
vertex -13.56257152557373 -53.173892974853516 -4.900000095367432
vertex -13.539735794067383 -53.173912048339844 -5.014804840087891
vertex -13.539735794067383 -51.996883392333984 -5.014804840087891
endloop
endfacet
facet normal -0.831473266302357 0 0.5555647643834963
outer loop
vertex -12.585408210754395 -51.996883392333984 -5.014804840087891
vertex -12.650439262390137 -53.174659729003906 -5.1121320724487305
vertex -12.585408210754395 -53.174713134765625 -5.014804840087891
endloop
endfacet
facet normal -0.9807842969528069 0 0.19509526609015435
outer loop
vertex -12.585408210754395 -53.174713134765625 -5.014804840087891
vertex -12.56257152557373 -53.17473220825195 -4.900000095367432
vertex -12.56257152557373 -51.996883392333984 -4.900000095367432
endloop
endfacet
facet normal 0.8314695027564062 0 0.5555703969669501
outer loop
vertex -13.539735794067383 -53.173912048339844 -5.014804840087891
vertex -13.474703788757324 -51.996883392333984 -5.1121320724487305
vertex -13.539735794067383 -51.996883392333984 -5.014804840087891
endloop
endfacet
facet normal -0.9807842969528069 0 0.19509526609015435
outer loop
vertex -12.56257152557373 -51.996883392333984 -4.900000095367432
vertex -12.585408210754395 -51.996883392333984 -5.014804840087891
vertex -12.585408210754395 -53.174713134765625 -5.014804840087891
endloop
endfacet
facet normal 0.9807858558804423 0 0.19508742887451305
outer loop
vertex -13.56257152557373 -53.173892974853516 -4.900000095367432
vertex -13.539735794067383 -51.996883392333984 -5.014804840087891
vertex -13.56257152557373 -51.996883392333984 -4.900000095367432
endloop
endfacet
facet normal 0 1 0
outer loop
vertex -5.474703788757324 -51.996883392333984 -5.1121320724487305
vertex -12.56257152557373 -51.996883392333984 -4.900000095367432
vertex -5.539735317230225 -51.996883392333984 -5.014804840087891
endloop
endfacet
facet normal 0 1 0
outer loop
vertex -5.539735317230225 -51.996883392333984 -5.014804840087891
vertex -12.56257152557373 -51.996883392333984 -4.900000095367432
vertex -5.5625715255737305 -51.996883392333984 -4.900000095367432
endloop
endfacet
facet normal 0.9807850764238334 0 0.19509134748700507
outer loop
vertex -5.5625715255737305 -53.18061065673828 -4.900000095367432
vertex -5.539735317230225 -53.18062973022461 -5.014804840087891
vertex -5.539735317230225 -51.996883392333984 -5.014804840087891
endloop
endfacet
facet normal -0.8314695027564062 0 0.5555703969669501
outer loop
vertex -4.585407733917236 -51.996883392333984 -5.014804840087891
vertex -4.650439739227295 -53.181373596191406 -5.1121320724487305
vertex -4.585407733917236 -53.18143081665039 -5.014804840087891
endloop
endfacet
facet normal -0.9807850764238334 0 0.19509134748700507
outer loop
vertex -4.585407733917236 -53.18143081665039 -5.014804840087891
vertex -4.5625715255737305 -53.18144989013672 -4.900000095367432
vertex -4.5625715255737305 -51.996883392333984 -4.900000095367432
endloop
endfacet
facet normal 0.8314713845298923 0 0.555567580684784
outer loop
vertex -5.539735317230225 -53.18062973022461 -5.014804840087891
vertex -5.474703788757324 -51.996883392333984 -5.1121320724487305
vertex -5.539735317230225 -51.996883392333984 -5.014804840087891
endloop
endfacet
facet normal 0.9807850764238334 0 0.1950913474870051
outer loop
vertex -5.5625715255737305 -53.18061065673828 -4.900000095367432
vertex -5.539735317230225 -51.996883392333984 -5.014804840087891
vertex -5.5625715255737305 -51.996883392333984 -4.900000095367432
endloop
endfacet
facet normal -0.9807850764238334 0 0.1950913474870051
outer loop
vertex -4.5625715255737305 -51.996883392333984 -4.900000095367432
vertex -4.585407733917236 -51.996883392333984 -5.014804840087891
vertex -4.585407733917236 -53.18143081665039 -5.014804840087891
endloop
endfacet
facet normal -1 0 0
outer loop
vertex -12.56257152557373 -51.996883392333984 -4.900000095367432
vertex -12.56257152557373 -53.17473220825195 -4.900000095367432
vertex -12.56257152557373 -53.17473220825195 -1.574094533920288
endloop
endfacet
facet normal 1 0 0
outer loop
vertex -13.56257152557373 -51.996883392333984 -4.900000095367432
vertex -13.56257152557373 -53.173892974853516 -1
vertex -13.56257152557373 -53.173892974853516 -4.900000095367432
endloop
endfacet
facet normal 1 0 0
outer loop
vertex -13.56257152557373 -53.173892974853516 -1
vertex -13.56257152557373 -51.996883392333984 -4.900000095367432
vertex -13.56257152557373 -50.19999694824219 -4.099999904632568
endloop
endfacet
facet normal 0 1 0
outer loop
vertex -5.5625715255737305 -51.996883392333984 -4.900000095367432
vertex -12.56257152557373 -51.996883392333984 -4.900000095367432
vertex -5.5625715255737305 -51.996883392333984 0
endloop
endfacet
facet normal 0.5555703969669502 0 0.8314695027564063
outer loop
vertex -13.474703788757324 -53.17396926879883 -5.1121320724487305
vertex -13.377376556396484 -53.174049377441406 -5.177164077758789
vertex -13.377376556396484 -51.996883392333984 -5.177164077758789
endloop
endfacet
facet normal -1 0 0
outer loop
vertex -4.5625715255737305 -50.19999694824219 -4.099999904632568
vertex -4.5625715255737305 -51.996883392333984 -4.900000095367432
vertex -4.5625715255737305 -50.19999694824219 0
endloop
endfacet
facet normal 1 0 0
outer loop
vertex -5.5625715255737305 -53.18061065673828 -4.900000095367432
vertex -5.5625715255737305 -51.996883392333984 -4.900000095367432
vertex -5.5625715255737305 -51.996883392333984 0
endloop
endfacet
facet normal -1 0 0
outer loop
vertex -4.5625715255737305 -51.996883392333984 -4.900000095367432
vertex -4.5625715255737305 -53.18144989013672 -4.900000095367432
vertex -4.5625715255737305 -52.18144607543945 0
endloop
endfacet
facet normal -1 0 0
outer loop
vertex -12.56257152557373 -53.17473220825195 -1.574094533920288
vertex -12.56257152557373 -51.996883392333984 0
vertex -12.56257152557373 -51.996883392333984 -4.900000095367432
endloop
endfacet
facet normal 1 0 0
outer loop
vertex -13.56257152557373 -53.173892974853516 -1
vertex -13.56257152557373 -50.19999694824219 -4.099999904632568
vertex -13.56257152557373 -50.19999694824219 0
endloop
endfacet
facet normal -1 0 0
outer loop
vertex -4.5625715255737305 -52.18144607543945 0
vertex -4.5625715255737305 -53.18144989013672 -4.900000095367432
vertex -4.5625715255737305 -53.18144989013672 -1
endloop
endfacet
facet normal 0.09803501327424535 0.9951829661787417 0
outer loop
vertex -101.06256866455078 54.824249267578125 -2.5779056549072266
vertex -101.06256866455078 54.824249267578125 -7.051251411437988
vertex -101.22176361083984 54.83993148803711 -2.576049327850342
endloop
endfacet
facet normal -0.9951872623956026 -0.09799139128283703 0
outer loop
vertex -100.06509399414062 55.84986114501953 -2.4000000953674316
vertex -100.07498168945312 55.950279235839844 -2
vertex -100.07498168945312 55.950279235839844 -6.1125311851501465
endloop
endfacet
facet normal 0.1053373528629491 0.9944364928257232 0.0003222239934187709
outer loop
vertex -101.25765991210938 54.84346389770508 -2.574036121368408
vertex -101.06256866455078 54.824249267578125 -7.051251411437988
vertex -101.26499938964844 54.8456916809082 -7.050014972686768
endloop
endfacet
facet normal 0 0 -1
outer loop
vertex -100.07498168945312 55.950279235839844 -2
vertex -100.06509399414062 55.84986114501953 -2
vertex -100.13208770751953 55.95012664794922 -2
endloop
endfacet
facet normal -0.09802002419897402 0.9951844426316322 0
outer loop
vertex -101.06256866455078 54.824249267578125 -2.5779056549072266
vertex -100.86748504638672 54.84346389770508 -7.050143241882324
vertex -101.06256866455078 54.824249267578125 -7.051251411437988
endloop
endfacet
facet normal 0.09793271142684715 0.9951930385704495 -0.0000036744473795823952
outer loop
vertex -101.06256866455078 54.824249267578125 -7.051251411437988
vertex -101.25765991210938 54.84346389770508 -2.574036121368408
vertex -101.22176361083984 54.83993148803711 -2.576049327850342
endloop
endfacet
facet normal 0.2902847190132679 0.9569403230647674 2.9432734816494546e-7
outer loop
vertex -101.25765991210938 54.84346389770508 -2.574036121368408
vertex -101.26499938964844 54.8456916809082 -7.050014972686768
vertex -101.40013885498047 54.88668441772461 -2.5689189434051514
endloop
endfacet
facet normal -0.09803965666628207 0.9951825087490284 -8.646972616449773e-7
outer loop
vertex -100.86748504638672 54.84346389770508 -7.050143241882324
vertex -101.06256866455078 54.824249267578125 -2.5779056549072266
vertex -100.90338134765625 54.83993148803711 -2.576049327850342
endloop
endfacet
facet normal -0.09793291552858541 0.9951930184924284 0
outer loop
vertex -100.86748504638672 54.84346389770508 -2.574036121368408
vertex -100.86748504638672 54.84346389770508 -7.050143241882324
vertex -100.90338134765625 54.83993148803711 -2.576049327850342
endloop
endfacet
facet normal -0.2902847097350161 0.95694032587934 1.2218183391500436e-8
outer loop
vertex -100.72500610351562 54.88668441772461 -2.5689189434051514
vertex -100.67988586425781 54.90037155151367 -7.0468621253967285
vertex -100.86748504638672 54.84346389770508 -2.574036121368408
endloop
endfacet
facet normal -0.29028582014487153 0.9569399890394482 0
outer loop
vertex -100.72500610351562 54.88668441772461 -2.5689189434051514
vertex -100.67988586425781 54.90037155151367 -2.5646896362304688
vertex -100.67988586425781 54.90037155151367 -7.0468621253967285
endloop
endfacet
facet normal -0.4726261492366468 0.8812630251043916 -0.00006034563343395329
outer loop
vertex -100.50591278076172 54.993675231933594 -2.5505189895629883
vertex -100.50700378417969 54.99278259277344 -7.041533946990967
vertex -100.67988586425781 54.90037155151367 -2.5646896362304688
endloop
endfacet
facet normal -0.6345345793508921 0.7728941991006442 0.0006516168815559062
outer loop
vertex -100.35538482666016 55.11723709106445 -2.5275793075561523
vertex -100.34584045410156 55.12887191772461 -7.033686637878418
vertex -100.50591278076172 54.993675231933594 -2.5505189895629883
endloop
endfacet
facet normal 0.7937157320493983 0.6082877368235758 0.001168728941932259
outer loop
vertex -101.7696762084961 55.11714553833008 -6.467340469360352
vertex -101.89955139160156 55.27899169921875 -2.5015439987182617
vertex -101.85758209228516 55.22425079345703 -2.513070583343506
endloop
endfacet
facet normal 0.7729902277673975 0.6344179283217457 2.2635333802716625e-7
outer loop
vertex -101.7696762084961 55.11714553833008 -6.467340469360352
vertex -101.85758209228516 55.22425079345703 -2.513070583343506
vertex -101.7697525024414 55.11723709106445 -2.5275793075561523
endloop
endfacet
facet normal 0.47261387117036224 0.8812696118540365 0
outer loop
vertex -101.44525146484375 54.90037155151367 -2.5646896362304688
vertex -101.44525146484375 54.90037155151367 -6.876887798309326
vertex -101.61923217773438 54.993675231933594 -2.5505189895629883
endloop
endfacet
facet normal 0.6344946515793125 0.7729272521505105 5.550194273637211e-7
outer loop
vertex -101.6181411743164 54.99278259277344 -6.677762508392334
vertex -101.7697525024414 55.11723709106445 -2.5275793075561523
vertex -101.61923217773438 54.993675231933594 -2.5505189895629883
endloop
endfacet
facet normal -0.7730172491369001 0.634385003398405 1.6019831307830133e-7
outer loop
vertex -100.35538482666016 55.11723709106445 -2.5275793075561523
vertex -100.26756286621094 55.22425079345703 -2.513070583343506
vertex -100.2311019897461 55.268680572509766 -6.8770952224731445
endloop
endfacet
facet normal -0.7935531609511302 0.6085007736820661 -0.00043493999199597984
outer loop
vertex -100.22559356689453 55.27899169921875 -2.5015439987182617
vertex -100.2311019897461 55.268680572509766 -6.8770952224731445
vertex -100.26756286621094 55.22425079345703 -2.513070583343506
endloop
endfacet
facet normal -0.8819201690386897 0.4713987860005209 -6.202090732729175e-8
outer loop
vertex -100.22559356689453 55.27899169921875 -2.5015439987182617
vertex -100.13925170898438 55.44052505493164 -2.4715797901153564
vertex -100.1386947631836 55.441566467285156 -6.683314323425293
endloop
endfacet
facet normal 0.8819039701888148 0.47142909049527887 0
outer loop
vertex -101.95726013183594 55.38694763183594 -6.110987186431885
vertex -101.95726013183594 55.38694763183594 -2.481518268585205
vertex -101.89955139160156 55.27899169921875 -2.5015439987182617
endloop
endfacet
facet normal -0.9570006558143398 0.29008574615479465 -0.00006818166679657522
outer loop
vertex -100.08164978027344 55.63056182861328 -2.4440689086914062
vertex -100.081787109375 55.6291618347168 -6.472926616668701
vertex -100.13925170898438 55.44052505493164 -2.4715797901153564
endloop
endfacet
facet normal 0.29033093106961577 0.956926303568332 0.0000018162251316202901
outer loop
vertex -101.26499938964844 54.8456916809082 -7.050014972686768
vertex -101.44525146484375 54.90037155151367 -2.5646896362304688
vertex -101.40013885498047 54.88668441772461 -2.5689189434051514
endloop
endfacet
facet normal -0.995170642513455 0.09816003383066405 0.0000061416494516951495
outer loop
vertex -100.07830810546875 55.6644401550293 -2.4377195835113525
vertex -100.06256866455078 55.824249267578125 -6.254017353057861
vertex -100.08164978027344 55.63056182861328 -2.4440689086914062
endloop
endfacet
facet normal -0.9951846844459239 -0.09801756905655046 -7.149332827103236e-7
outer loop
vertex -100.06256866455078 55.824249267578125 -6.254017353057861
vertex -100.06509399414062 55.84986114501953 -2.4000000953674316
vertex -100.07498168945312 55.950279235839844 -6.1125311851501465
endloop
endfacet
facet normal -0.9951827153210849 0.09803755977242384 -1.4506273599200811e-7
outer loop
vertex -100.06256866455078 55.824249267578125 -6.254017353057861
vertex -100.081787109375 55.6291618347168 -6.472926616668701
vertex -100.08164978027344 55.63056182861328 -2.4440689086914062
endloop
endfacet
facet normal 0.8819143697806465 0.4714096354274542 -7.481589802791304e-7
outer loop
vertex -101.89955139160156 55.27899169921875 -2.5015439987182617
vertex -101.89404296875 55.268680572509766 -6.2537078857421875
vertex -101.95726013183594 55.38694763183594 -6.110987186431885
endloop
endfacet
facet normal -0.956921545978152 0.29034660639564885 -0.000054747727375555806
outer loop
vertex -100.1386947631836 55.441566467285156 -6.683314323425293
vertex -100.13925170898438 55.44052505493164 -2.4715797901153564
vertex -100.081787109375 55.6291618347168 -6.472926616668701
endloop
endfacet
facet normal 0.29028954550503516 0.95693885895102 0
outer loop
vertex -101.44525146484375 54.90037155151367 -2.5646896362304688
vertex -101.26499938964844 54.8456916809082 -7.050014972686768
vertex -101.44525146484375 54.90037155151367 -6.876887798309326
endloop
endfacet
facet normal -0.9951872623956026 -0.09799139128283703 0
outer loop
vertex -100.06509399414062 55.84986114501953 -2.4000000953674316
vertex -100.06509399414062 55.84986114501953 -2
vertex -100.07498168945312 55.950279235839844 -2
endloop
endfacet
facet normal -0.2902849764991019 0.9569402449572888 0
outer loop
vertex -100.86748504638672 54.84346389770508 -2.574036121368408
vertex -100.67988586425781 54.90037155151367 -7.0468621253967285
vertex -100.86748504638672 54.84346389770508 -7.050143241882324
endloop
endfacet
facet normal -0.47141119595445236 0.8819135356307856 0
outer loop
vertex -100.67988586425781 54.90037155151367 -7.0468621253967285
vertex -100.67988586425781 54.90037155151367 -2.5646896362304688
vertex -100.50700378417969 54.99278259277344 -7.041533946990967
endloop
endfacet
facet normal -0.6451694610326012 0.7640395058681113 0.00000486983555357436
outer loop
vertex -100.34584045410156 55.12887191772461 -7.033686637878418
vertex -100.50700378417969 54.99278259277344 -7.041533946990967
vertex -100.50591278076172 54.993675231933594 -2.5505189895629883
endloop
endfacet
facet normal -0.7730095754690821 0.6343943538782578 7.050346751981724e-7
outer loop
vertex -100.2311019897461 55.268680572509766 -6.8770952224731445
vertex -100.34584045410156 55.12887191772461 -7.033686637878418
vertex -100.35538482666016 55.11723709106445 -2.5275793075561523
endloop
endfacet
facet normal 0.4713357512966605 0.881953856600862 -0.00006615496103672568
outer loop
vertex -101.61923217773438 54.993675231933594 -2.5505189895629883
vertex -101.44525146484375 54.90037155151367 -6.876887798309326
vertex -101.6181411743164 54.99278259277344 -6.677762508392334
endloop
endfacet
facet normal -0.8819256808946271 0.47138847395562694 -5.774609785736843e-7
outer loop
vertex -100.1386947631836 55.441566467285156 -6.683314323425293
vertex -100.2311019897461 55.268680572509766 -6.8770952224731445
vertex -100.22559356689453 55.27899169921875 -2.5015439987182617
endloop
endfacet
facet normal 0.7725750528705922 0.6349231566412586 -0.000610608468020327
outer loop
vertex -101.7696762084961 55.11714553833008 -6.467340469360352
vertex -101.89404296875 55.268680572509766 -6.2537078857421875
vertex -101.89955139160156 55.27899169921875 -2.5015439987182617
endloop
endfacet
facet normal -0.9974533263214074 0.07131332677886786 -0.0011274901730592818
outer loop
vertex -100.07830810546875 55.6644401550293 -2.4377195835113525
vertex -100.06509399414062 55.84986114501953 -2.4000000953674316
vertex -100.06256866455078 55.824249267578125 -6.254017353057861
endloop
endfacet
facet normal 0.6343927088256885 0.7730109255091823 -0.000005678248091585979
outer loop
vertex -101.7697525024414 55.11723709106445 -2.5275793075561523
vertex -101.6181411743164 54.99278259277344 -6.677762508392334
vertex -101.7696762084961 55.11714553833008 -6.467340469360352
endloop
endfacet
facet normal 0.9569301502170611 0.2903182467699543 -0.00005655061982350031
outer loop
vertex 99.81639099121094 55.45927047729492 -2.4715797901153564
vertex 99.81583404541016 55.46031188964844 -6.549646854400635
vertex 99.7589340209961 55.64790344238281 -6.339184284210205
endloop
endfacet
facet normal 0.881907463555353 0.4714225553845366 -2.78203946986945e-7
outer loop
vertex 99.90824890136719 55.28742599487305 -6.74354887008667
vertex 99.81639099121094 55.45927047729492 -2.4715797901153564
vertex 99.90274047851562 55.297733306884766 -2.5015439987182617
endloop
endfacet
facet normal 0.9570112162130936 0.2900509042057223 -0.00007079391362173543
outer loop
vertex 99.7589340209961 55.64790344238281 -6.339184284210205
vertex 99.75879669189453 55.64930725097656 -2.4440689086914062
vertex 99.81639099121094 55.45927047729492 -2.4715797901153564
endloop
endfacet
facet normal 0.9951705247623075 0.09816122780522259 -2.910571291569428e-7
outer loop
vertex 99.7589340209961 55.64790344238281 -6.339184284210205
vertex 99.75545501708984 55.68318557739258 -2.4377195835113525
vertex 99.75879669189453 55.64930725097656 -2.4440689086914062
endloop
endfacet
facet normal 0.9838076949748357 0.17922574171788616 -0.0007435146093158228
outer loop
vertex 99.7589340209961 55.64790344238281 -6.339184284210205
vertex 99.72610473632812 55.844451904296875 -2.4000000953674316
vertex 99.75545501708984 55.68318557739258 -2.4377195835113525
endloop
endfacet
facet normal 0.9957056978799443 0.09250189318730205 0.003682793257600349
outer loop
vertex 99.72610473632812 55.844451904296875 -2.4000000953674316
vertex 99.7589340209961 55.64790344238281 -6.339184284210205
vertex 99.73986053466797 55.84443283081055 -6.1186347007751465
endloop
endfacet
facet normal -0.8819258545843675 0.4713881489978292 -1.8286013791036984e-7
outer loop
vertex 101.6635971069336 55.46031188964844 -6.2450032234191895
vertex 101.5711898803711 55.28742599487305 -6.461945533752441
vertex 101.57669830322266 55.297733306884766 -2.5015439987182617
endloop
endfacet
facet normal -0.7730050991892443 0.6343998081866759 -3.6820596761777683e-7
outer loop
vertex 101.5711898803711 55.28742599487305 -6.461945533752441
vertex 101.44682312011719 55.135887145996094 -6.670563697814941
vertex 101.4468994140625 55.135982513427734 -2.5275793075561523
endloop
endfacet
facet normal -0.6343972734220557 0.7730071794457177 -1.9378755415971324e-7
outer loop
vertex 101.44682312011719 55.135887145996094 -6.670563697814941
vertex 101.2952880859375 55.01152420043945 -6.862840175628662
vertex 101.29637908935547 55.012420654296875 -2.5505189895629883
endloop
endfacet
facet normal 0.7727279750534028 0.6347371000508227 -0.0005388774810798805
outer loop
vertex 99.90274047851562 55.297733306884766 -2.5015439987182617
vertex 100.03260803222656 55.135887145996094 -6.9134392738342285
vertex 99.90824890136719 55.28742599487305 -6.74354887008667
endloop
endfacet
facet normal -0.455331132820411 0.8903217829947402 0.0008259597738623359
outer loop
vertex 101.10240936279297 54.91305160522461 -7.046131134033203
vertex 101.12239837646484 54.91911697387695 -2.5646896362304688
vertex 101.2952880859375 55.01152420043945 -6.862840175628662
endloop
endfacet
facet normal -0.956918642295749 0.2903561748838141 -0.00006110401235052694
outer loop
vertex 101.6635971069336 55.46031188964844 -6.2450032234191895
vertex 101.66304016113281 55.45927047729492 -2.4715797901153564
vertex 101.69540405273438 55.565162658691406 -6.123753547668457
endloop
endfacet
facet normal -0.29028787062436556 0.9569393670282207 0
outer loop
vertex 100.93480682373047 54.86220932006836 -7.049062728881836
vertex 100.93480682373047 54.86220932006836 -2.574036121368408
vertex 101.10240936279297 54.91305160522461 -7.046131134033203
endloop
endfacet
facet normal 0.2902857809073944 0.9569400009419479 -4.571234437209914e-7
outer loop
vertex 100.54462432861328 54.86220932006836 -7.049062728881836
vertex 100.3570327758789 54.91911697387695 -2.5646896362304688
vertex 100.40215301513672 54.90542984008789 -2.5689189434051514
endloop
endfacet
facet normal 0.2902989442055807 0.9569360077837625 0
outer loop
vertex 100.54462432861328 54.86220932006836 -2.574036121368408
vertex 100.54462432861328 54.86220932006836 -7.049062728881836
vertex 100.40215301513672 54.90542984008789 -2.5689189434051514
endloop
endfacet
facet normal 0.09801702830908525 0.9951847377052437 3.522946358283794e-8
outer loop
vertex 100.73971557617188 54.842994689941406 -7.050170421600342
vertex 100.54462432861328 54.86220932006836 -2.574036121368408
vertex 100.58052825927734 54.858673095703125 -2.576049327850342
endloop
endfacet
facet normal 0.09801604766191563 0.9951848342899609 0
outer loop
vertex 100.73971557617188 54.842994689941406 -2.5779056549072266
vertex 100.73971557617188 54.842994689941406 -7.050170421600342
vertex 100.58052825927734 54.858673095703125 -2.576049327850342
endloop
endfacet
facet normal 0.47262996745656355 0.8812609794277786 0
outer loop
vertex 100.3570327758789 54.91911697387695 -2.5646896362304688
vertex 100.3570327758789 54.91911697387695 -7.045781135559082
vertex 100.18305969238281 55.012420654296875 -2.5505189895629883
endloop
endfacet
facet normal 0.6344753741596643 0.7729430765489332 -1.5434541345815714e-7
outer loop
vertex 100.18415069580078 55.01152420043945 -7.04045295715332
vertex 100.03253173828125 55.135982513427734 -2.5275793075561523
vertex 100.18305969238281 55.012420654296875 -2.5505189895629883
endloop
endfacet
facet normal -0.09801139784004562 0.9951852922412967 2.127902483331974e-7
outer loop
vertex 100.93480682373047 54.86220932006836 -7.049062728881836
vertex 100.73971557617188 54.842994689941406 -2.5779056549072266
vertex 100.89891052246094 54.858673095703125 -2.576049327850342
endloop
endfacet
facet normal -0.09803765866858455 0.9951827055786199 0
outer loop
vertex 100.93480682373047 54.86220932006836 -2.574036121368408
vertex 100.93480682373047 54.86220932006836 -7.049062728881836
vertex 100.89891052246094 54.858673095703125 -2.576049327850342
endloop
endfacet
facet normal -0.29028471358259805 0.9569403247121798 1.2920545191259874e-7
outer loop
vertex 100.93480682373047 54.86220932006836 -2.574036121368408
vertex 101.07728576660156 54.90542984008789 -2.5689189434051514
vertex 101.10240936279297 54.91305160522461 -7.046131134033203
endloop
endfacet
facet normal -0.29033076201901936 0.9569263548598879 -1.5297399397196115e-7
outer loop
vertex 101.12239837646484 54.91911697387695 -2.5646896362304688
vertex 101.10240936279297 54.91305160522461 -7.046131134033203
vertex 101.07728576660156 54.90542984008789 -2.5689189434051514
endloop
endfacet
facet normal 0.7730172153962565 0.634385044512319 -3.4728404942508475e-7
outer loop
vertex 100.03260803222656 55.135887145996094 -6.9134392738342285
vertex 99.94470977783203 55.24299621582031 -2.513070583343506
vertex 100.03253173828125 55.135982513427734 -2.5275793075561523
endloop
endfacet
facet normal 0.793682963994839 0.6083307136789391 0.0010466418871042417
outer loop
vertex 100.03260803222656 55.135887145996094 -6.9134392738342285
vertex 99.90274047851562 55.297733306884766 -2.5015439987182617
vertex 99.94470977783203 55.24299621582031 -2.513070583343506
endloop
endfacet
facet normal -0.47260984507795833 0.881271768687951 -0.00006363174455053197
outer loop
vertex 101.29637908935547 55.012420654296875 -2.5505189895629883
vertex 101.2952880859375 55.01152420043945 -6.862840175628662
vertex 101.12239837646484 54.91911697387695 -2.5646896362304688
endloop
endfacet
facet normal 0.6343754434555462 0.7730250944873938 -0.000005773648191944646
outer loop
vertex 100.03253173828125 55.135982513427734 -2.5275793075561523
vertex 100.18415069580078 55.01152420043945 -7.04045295715332
vertex 100.03260803222656 55.135887145996094 -6.9134392738342285
endloop
endfacet
facet normal -0.6344940449419161 0.7729277501137747 -0.000006107693880215517
outer loop
vertex 101.4468994140625 55.135982513427734 -2.5275793075561523
vertex 101.44682312011719 55.135887145996094 -6.670563697814941
vertex 101.29637908935547 55.012420654296875 -2.5505189895629883
endloop
endfacet
facet normal 0.09801622777686082 0.9951848165503705 0
outer loop
vertex 100.54462432861328 54.86220932006836 -2.574036121368408
vertex 100.73971557617188 54.842994689941406 -7.050170421600342
vertex 100.54462432861328 54.86220932006836 -7.049062728881836
endloop
endfacet
facet normal -0.09801622777686082 0.9951848165503705 0
outer loop
vertex 100.73971557617188 54.842994689941406 -2.5779056549072266
vertex 100.93480682373047 54.86220932006836 -7.049062728881836
vertex 100.73971557617188 54.842994689941406 -7.050170421600342
endloop
endfacet
facet normal 0.8819097430695584 0.47141829098899257 -5.7648919891499185e-8
outer loop
vertex 99.81639099121094 55.45927047729492 -2.4715797901153564
vertex 99.90824890136719 55.28742599487305 -6.74354887008667
vertex 99.81583404541016 55.46031188964844 -6.549646854400635
endloop
endfacet
facet normal 0.2902957875711588 0.9569369653840533 0
outer loop
vertex 100.3570327758789 54.91911697387695 -2.5646896362304688
vertex 100.54462432861328 54.86220932006836 -7.049062728881836
vertex 100.3570327758789 54.91911697387695 -7.045781135559082
endloop
endfacet
facet normal 0.47139458447486887 0.8819224126535273 -0.00006153980167425738
outer loop
vertex 100.18305969238281 55.012420654296875 -2.5505189895629883
vertex 100.3570327758789 54.91911697387695 -7.045781135559082
vertex 100.18415069580078 55.01152420043945 -7.04045295715332
endloop
endfacet
facet normal -0.9563315107466587 0.29228417944359136 0
outer loop
vertex 101.69540405273438 55.565162658691406 -2.4561729431152344
vertex 101.69540405273438 55.565162658691406 -6.123753547668457
vertex 101.66304016113281 55.45927047729492 -2.4715797901153564
endloop
endfacet
facet normal -0.7730171511081465 0.634385122848036 -0.000001314212825169848
outer loop
vertex 101.4468994140625 55.135982513427734 -2.5275793075561523
vertex 101.53472137451172 55.24299621582031 -2.513070583343506
vertex 101.5711898803711 55.28742599487305 -6.461945533752441
endloop
endfacet
facet normal -0.7934746387530428 0.6086031276179746 -0.0004803221286013797
outer loop
vertex 101.57669830322266 55.297733306884766 -2.5015439987182617
vertex 101.5711898803711 55.28742599487305 -6.461945533752441
vertex 101.53472137451172 55.24299621582031 -2.513070583343506
endloop
endfacet
facet normal -0.8819247962328358 0.47139012907534017 -7.229724603537578e-8
outer loop
vertex 101.57669830322266 55.297733306884766 -2.5015439987182617
vertex 101.66304016113281 55.45927047729492 -2.4715797901153564
vertex 101.6635971069336 55.46031188964844 -6.2450032234191895
endloop
endfacet
facet normal 0.016405165628211028 -0.0824705464863982 -0.9964584685288924
outer loop
vertex -100.92250061035156 54.88608169555664 -2.581850290298462
vertex -101.06256866455078 54.858219146728516 -2.581850290298462
vertex -101.06256866455078 54.98000717163086 -2.5919299125671387
endloop
endfacet
facet normal -0.06532229086641765 -0.09776360166690296 -0.9930635813003508
outer loop
vertex -101.20264434814453 54.88608169555664 -2.581850290298462
vertex -101.22176361083984 54.83993148803711 -2.576049327850342
vertex -101.32139587402344 54.96542739868164 -2.581850290298462
endloop
endfacet
facet normal 0.8314689880821376 0.5555711672303252 0
outer loop
vertex -100.21404266357422 56.07278060913086 -2.4000000953674316
vertex -100.21404266357422 56.07278060913086 -1.2000000476837158
vertex -100.13208770751953 55.95012664794922 -2
endloop
endfacet
facet normal -0.9807839582541837 -0.1950969687905362 0
outer loop
vertex -102.24263000488281 55.123992919921875 -2.4000000953674316
vertex -102.24263000488281 55.123992919921875 -1.2000000476837158
vertex -102.2625732421875 55.22425079345703 -1.2000000476837158
endloop
endfacet
facet normal 0.555568527947208 0.8314707515929662 0
outer loop
vertex -100.21404266357422 56.07278060913086 -2.4000000953674316
vertex -100.60334777832031 56.33290481567383 -2.4000000953674316
vertex -100.60334777832031 56.33290481567383 -1.2000000476837158
endloop
endfacet
facet normal -0.9807844520038236 0.195094486614972 0
outer loop
vertex -102.17122650146484 55.6834716796875 -2.4000000953674316
vertex -102.2625732421875 55.22425079345703 -1.2000000476837158
vertex -102.17122650146484 55.6834716796875 -1.2000000476837158
endloop
endfacet
facet normal -0.195094486614972 0.9807844520038236 0
outer loop
vertex -101.06256866455078 56.424251556396484 -2.4000000953674316
vertex -101.52178955078125 56.33290481567383 -2.4000000953674316
vertex -101.52178955078125 56.33290481567383 -1.2000000476837158
endloop
endfacet
facet normal -0.5555610008593928 0.8314757809606421 0
outer loop
vertex -101.52178955078125 56.33290481567383 -2.4000000953674316
vertex -101.91110229492188 56.07278060913086 -2.4000000953674316
vertex -101.91110229492188 56.07278060913086 -1.2000000476837158
endloop
endfacet
facet normal -0.8314732663023569 0.5555647643834963 0
outer loop
vertex -102.17122650146484 55.6834716796875 -2.4000000953674316
vertex -102.17122650146484 55.6834716796875 -1.2000000476837158
vertex -101.91110229492188 56.07278060913086 -2.4000000953674316
endloop
endfacet
facet normal -0.9807844520038236 0.195094486614972 0
outer loop
vertex -102.17122650146484 55.6834716796875 -2.4000000953674316
vertex -102.2625732421875 55.22425079345703 -2.4000000953674316
vertex -102.2625732421875 55.22425079345703 -1.2000000476837158
endloop
endfacet
facet normal -0.9807839582541837 -0.1950969687905362 0
outer loop
vertex -102.2625732421875 55.22425079345703 -2.4000000953674316
vertex -102.24263000488281 55.123992919921875 -2.4000000953674316
vertex -102.2625732421875 55.22425079345703 -1.2000000476837158
endloop
endfacet
facet normal 0.8314755644632035 0.5555613248783586 0
outer loop
vertex -100.13208770751953 55.95012664794922 -2
vertex -100.06509399414062 55.84986114501953 -2
vertex -100.06509399414062 55.84986114501953 -2.4000000953674316
endloop
endfacet
facet normal 0.8314719460299532 0.5555667403303652 -0.0000019634877795627426
outer loop
vertex -100.13208770751953 55.95012664794922 -2
vertex -100.06509399414062 55.84986114501953 -2.4000000953674316
vertex -100.21404266357422 56.07278060913086 -2.4000000953674316
endloop
endfacet
facet normal 0.17450946626886155 0.2611730322716292 -0.9493866932902524
outer loop
vertex -100.21404266357422 56.07278060913086 -2.4000000953674316
vertex -100.29623413085938 55.99058532714844 -2.4377195835113525
vertex -100.60334777832031 56.33290481567383 -2.4000000953674316
endloop
endfacet
facet normal 0.046716110923841835 -0.06991694870476906 -0.9964583409575967
outer loop
vertex -100.80374908447266 54.96542739868164 -2.581850290298462
vertex -100.92250061035156 54.88608169555664 -2.581850290298462
vertex -100.96910095214844 54.998600006103516 -2.5919299125671387
endloop
endfacet
facet normal 0.17451109778835677 0.2611744208611185 -0.9493860113971355
outer loop
vertex -100.60334777832031 56.33290481567383 -2.4000000953674316
vertex -100.29623413085938 55.99058532714844 -2.4377195835113525
vertex -100.64783477783203 56.22551727294922 -2.4377195835113525
endloop
endfacet
facet normal 0.01640523106579944 -0.08247044964592078 -0.9964584754664277
outer loop
vertex -100.96910095214844 54.998600006103516 -2.5919299125671387
vertex -100.92250061035156 54.88608169555664 -2.581850290298462
vertex -101.06256866455078 54.98000717163086 -2.5919299125671387
endloop
endfacet
facet normal 0.06128241113211781 0.3080806488309783 -0.949384421560475
outer loop
vertex -100.60334777832031 56.33290481567383 -2.4000000953674316
vertex -100.64783477783203 56.22551727294922 -2.4377195835113525
vertex -101.06256866455078 56.424251556396484 -2.4000000953674316
endloop
endfacet
facet normal 0.261183871496306 0.1745158965457632 -0.9493825293963595
outer loop
vertex -100.06509399414062 55.84986114501953 -2.4000000953674316
vertex -100.07830810546875 55.6644401550293 -2.4377195835113525
vertex -100.21404266357422 56.07278060913086 -2.4000000953674316
endloop
endfacet
facet normal 0.26117344327047454 0.1745127486011868 -0.9493859768850093
outer loop
vertex -100.21404266357422 56.07278060913086 -2.4000000953674316
vertex -100.07830810546875 55.6644401550293 -2.4377195835113525
vertex -100.29623413085938 55.99058532714844 -2.4377195835113525
endloop
endfacet
facet normal -0.8314732663023569 0.5555647643834963 0
outer loop
vertex -101.91110229492188 56.07278060913086 -1.2000000476837158
vertex -101.91110229492188 56.07278060913086 -2.4000000953674316
vertex -102.17122650146484 55.6834716796875 -1.2000000476837158
endloop
endfacet
facet normal -0.5555610008593928 0.8314757809606421 0
outer loop
vertex -101.52178955078125 56.33290481567383 -1.2000000476837158
vertex -101.52178955078125 56.33290481567383 -2.4000000953674316
vertex -101.91110229492188 56.07278060913086 -1.2000000476837158
endloop
endfacet
facet normal 0.195094486614972 0.9807844520038236 0
outer loop
vertex -100.60334777832031 56.33290481567383 -1.2000000476837158
vertex -100.60334777832031 56.33290481567383 -2.4000000953674316
vertex -101.06256866455078 56.424251556396484 -1.2000000476837158
endloop
endfacet
facet normal 0.555568527947208 0.8314707515929662 0
outer loop
vertex -100.21404266357422 56.07278060913086 -1.2000000476837158
vertex -100.21404266357422 56.07278060913086 -2.4000000953674316
vertex -100.60334777832031 56.33290481567383 -1.2000000476837158
endloop
endfacet
facet normal 0.8314689880821376 0.5555711672303252 0
outer loop
vertex -100.13208770751953 55.95012664794922 -2
vertex -100.21404266357422 56.07278060913086 -1.2000000476837158
vertex -100.13208770751953 55.95012664794922 -1.2000000476837158
endloop
endfacet
facet normal -0.195094486614972 0.9807844520038236 0
outer loop
vertex -101.06256866455078 56.424251556396484 -1.2000000476837158
vertex -101.06256866455078 56.424251556396484 -2.4000000953674316
vertex -101.52178955078125 56.33290481567383 -1.2000000476837158
endloop
endfacet
facet normal -0.3080694021060031 -0.06128098448406454 0.949388163201287
outer loop
vertex -102.2625732421875 55.22425079345703 -1.2000000476837158
vertex -102.24263000488281 55.123992919921875 -1.2000000476837158
vertex -102.14633178710938 55.22425079345703 -1.162280559539795
endloop
endfacet
facet normal 0.061281333344887286 0.3080785425532297 -0.9493851746271114
outer loop
vertex -100.64783477783203 56.22551727294922 -2.4377195835113525
vertex -101.06256866455078 56.308013916015625 -2.4377195835113525
vertex -101.06256866455078 56.424251556396484 -2.4000000953674316
endloop
endfacet
facet normal -0.06128198968397877 0.3080785301151229 -0.9493851362974239
outer loop
vertex -101.06256866455078 56.424251556396484 -2.4000000953674316
vertex -101.06256866455078 56.308013916015625 -2.4377195835113525
vertex -101.52178955078125 56.33290481567383 -2.4000000953674316
endloop
endfacet
facet normal -0.061281475409927996 0.3080849241430774 -0.9493830945868673
outer loop
vertex -101.06256866455078 56.308013916015625 -2.4377195835113525
vertex -101.47731018066406 56.22551727294922 -2.4377195835113525
vertex -101.52178955078125 56.33290481567383 -2.4000000953674316
endloop
endfacet
facet normal -0.17451375357536722 0.26118456716362626 -0.9493827319309032
outer loop
vertex -101.47731018066406 56.22551727294922 -2.4377195835113525
vertex -101.91110229492188 56.07278060913086 -2.4000000953674316
vertex -101.52178955078125 56.33290481567383 -2.4000000953674316
endloop
endfacet
facet normal 0.05503090434467898 0.2766558735019652 -0.9593920612679007
outer loop
vertex -100.64783477783203 56.22551727294922 -2.4377195835113525
vertex -100.6927719116211 56.117034912109375 -2.4715797901153564
vertex -101.06256866455078 56.308013916015625 -2.4377195835113525
endloop
endfacet
facet normal 0.15671428881281788 0.23453960315457123 -0.9593913728161145
outer loop
vertex -100.29623413085938 55.99058532714844 -2.4377195835113525
vertex -100.37926483154297 55.90755844116211 -2.4715797901153564
vertex -100.64783477783203 56.22551727294922 -2.4377195835113525
endloop
endfacet
facet normal 0.1567107570577662 0.23453675555943868 -0.9593926458515479
outer loop
vertex -100.64783477783203 56.22551727294922 -2.4377195835113525
vertex -100.37926483154297 55.90755844116211 -2.4715797901153564
vertex -100.6927719116211 56.117034912109375 -2.4715797901153564
endloop
endfacet
facet normal 0.1387284011943346 0.2076239674349461 -0.968321598875413
outer loop
vertex -100.37926483154297 55.90755844116211 -2.4715797901153564
vertex -100.4630355834961 55.82378387451172 -2.5015439987182617
vertex -100.6927719116211 56.117034912109375 -2.4715797901153564
endloop
endfacet
facet normal 0.13873126835204075 0.20762612437120348 -0.9683207256173068
outer loop
vertex -100.6927719116211 56.117034912109375 -2.4715797901153564
vertex -100.4630355834961 55.82378387451172 -2.5015439987182617
vertex -100.73810577392578 56.0075798034668 -2.5015439987182617
endloop
endfacet
facet normal 0.2345386264190052 0.1567157052301827 -0.9593913802258662
outer loop
vertex -100.29623413085938 55.99058532714844 -2.4377195835113525
vertex -100.07830810546875 55.6644401550293 -2.4377195835113525
vertex -100.16978454589844 55.59405517578125 -2.4715797901153564
endloop
endfacet
facet normal 0.23453578732110034 0.1567148707755972 -0.9593922105914032
outer loop
vertex -100.29623413085938 55.99058532714844 -2.4377195835113525
vertex -100.16978454589844 55.59405517578125 -2.4715797901153564
vertex -100.37926483154297 55.90755844116211 -2.4715797901153564
endloop
endfacet
facet normal 0.23457595124005043 0.15666665930075493 -0.9593902652014802
outer loop
vertex -100.16978454589844 55.59405517578125 -2.4715797901153564
vertex -100.07830810546875 55.6644401550293 -2.4377195835113525
vertex -100.08164978027344 55.63056182861328 -2.4440689086914062
endloop
endfacet
facet normal 0.27667687083579967 0.05502327314258803 -0.9593864438051991
outer loop
vertex -100.16978454589844 55.59405517578125 -2.4715797901153564
vertex -100.08164978027344 55.63056182861328 -2.4440689086914062
vertex -100.13925170898438 55.44052505493164 -2.4715797901153564
endloop
endfacet
facet normal 0.20761633115792572 0.13872751310132672 -0.9683233634201149
outer loop
vertex -100.16978454589844 55.59405517578125 -2.4715797901153564
vertex -100.27924346923828 55.5487174987793 -2.5015439987182617
vertex -100.37926483154297 55.90755844116211 -2.4715797901153564
endloop
endfacet
facet normal 0.2449006587319493 0.04871204922293599 -0.968323708071407
outer loop
vertex -100.27924346923828 55.5487174987793 -2.5015439987182617
vertex -100.16978454589844 55.59405517578125 -2.4715797901153564
vertex -100.22559356689453 55.27899169921875 -2.5015439987182617
endloop
endfacet
facet normal 0.20762545281034525 0.13872986417965572 -0.9683210707869542
outer loop
vertex -100.37926483154297 55.90755844116211 -2.4715797901153564
vertex -100.27924346923828 55.5487174987793 -2.5015439987182617
vertex -100.4630355834961 55.82378387451172 -2.5015439987182617
endloop
endfacet
facet normal 0.12057444084191918 0.18045249746225914 -0.9761653038165677
outer loop
vertex -100.4630355834961 55.82378387451172 -2.5015439987182617
vertex -100.5474624633789 55.739356994628906 -2.5275793075561523
vertex -100.73810577392578 56.0075798034668 -2.5015439987182617
endloop
endfacet
facet normal 0.12057273161589542 0.18045132415042964 -0.9761657318319661
outer loop
vertex -100.73810577392578 56.0075798034668 -2.5015439987182617
vertex -100.5474624633789 55.739356994628906 -2.5275793075561523
vertex -100.78379821777344 55.89727020263672 -2.5275793075561523
endloop
endfacet
facet normal 0.1804466355115734 0.12056969363512011 -0.9761669737853697
outer loop
vertex -100.27924346923828 55.5487174987793 -2.5015439987182617
vertex -100.38955688476562 55.50302505493164 -2.5275793075561523
vertex -100.4630355834961 55.82378387451172 -2.5015439987182617
endloop
endfacet
facet normal -0.30806941740743704 0.06128017701349444 0.9493882103562469
outer loop
vertex -102.17122650146484 55.6834716796875 -1.2000000476837158
vertex -102.2625732421875 55.22425079345703 -1.2000000476837158
vertex -102.14633178710938 55.22425079345703 -1.162280559539795
endloop
endfacet
facet normal -0.27666572305298576 0.055032357380302516 0.9593891375915903
outer loop
vertex -102.00537109375 55.342613220214844 -1.1284202337265015
vertex -102.06383514404297 55.63898849487305 -1.162280559539795
vertex -102.14633178710938 55.22425079345703 -1.162280559539795
endloop
endfacet
facet normal -0.24490320562015327 0.04871758400478578 0.9683227854830794
outer loop
vertex -101.86030578613281 55.476280212402344 -1.0984560251235962
vertex -101.95535278320312 55.59405517578125 -1.1284202337265015
vertex -102.00537109375 55.342613220214844 -1.1284202337265015
endloop
endfacet
facet normal -0.3080737933934 0.061279825019321645 0.9493868130903241
outer loop
vertex -102.17122650146484 55.6834716796875 -1.2000000476837158
vertex -102.14633178710938 55.22425079345703 -1.162280559539795
vertex -102.06383514404297 55.63898849487305 -1.162280559539795
endloop
endfacet
facet normal 0.18045534647705386 0.1205715399104348 -0.9761651354619633
outer loop
vertex -100.4630355834961 55.82378387451172 -2.5015439987182617
vertex -100.38955688476562 55.50302505493164 -2.5275793075561523
vertex -100.5474624633789 55.739356994628906 -2.5275793075561523
endloop
endfacet
facet normal -0.05503024804828085 0.27665766338228015 -0.9593915827708734
outer loop
vertex -101.06256866455078 56.308013916015625 -2.4377195835113525
vertex -101.06256866455078 56.19059371948242 -2.4715797901153564
vertex -101.47731018066406 56.22551727294922 -2.4377195835113525
endloop
endfacet
facet normal 0.0550318676097257 0.2766576386499408 -0.9593914970042337
outer loop
vertex -100.6927719116211 56.117034912109375 -2.4715797901153564
vertex -101.06256866455078 56.19059371948242 -2.4715797901153564
vertex -101.06256866455078 56.308013916015625 -2.4377195835113525
endloop
endfacet
facet normal -0.05503041938646319 0.27665606576583074 -0.9593920336427243
outer loop
vertex -101.06256866455078 56.19059371948242 -2.4715797901153564
vertex -101.432373046875 56.117034912109375 -2.4715797901153564
vertex -101.47731018066406 56.22551727294922 -2.4377195835113525
endloop
endfacet
facet normal -0.15671202105441243 0.23453620921289245 -0.959392572946595
outer loop
vertex -101.432373046875 56.117034912109375 -2.4715797901153564
vertex -101.82891082763672 55.99058532714844 -2.4377195835113525
vertex -101.47731018066406 56.22551727294922 -2.4377195835113525
endloop
endfacet
facet normal -0.15671330035647113 0.23454056191605308 -0.9593912998914909
outer loop
vertex -101.432373046875 56.117034912109375 -2.4715797901153564
vertex -101.74588012695312 55.90755844116211 -2.4715797901153564
vertex -101.82891082763672 55.99058532714844 -2.4377195835113525
endloop
endfacet
facet normal 0.048716424380456105 0.2449084779049637 -0.9683215103703198
outer loop
vertex -100.6927719116211 56.117034912109375 -2.4715797901153564
vertex -100.73810577392578 56.0075798034668 -2.5015439987182617
vertex -101.06256866455078 56.19059371948242 -2.4715797901153564
endloop
endfacet
facet normal 0.048716111286869916 0.2449079473737223 -0.9683216603041963
outer loop
vertex -100.73810577392578 56.0075798034668 -2.5015439987182617
vertex -101.06256866455078 56.072120666503906 -2.5015439987182617
vertex -101.06256866455078 56.19059371948242 -2.4715797901153564
endloop
endfacet
facet normal -0.04871531568032893 0.24490795688857786 -0.9683216979242116
outer loop
vertex -101.06256866455078 56.19059371948242 -2.4715797901153564
vertex -101.06256866455078 56.072120666503906 -2.5015439987182617
vertex -101.432373046875 56.117034912109375 -2.4715797901153564
endloop
endfacet
facet normal 0.04234058891431588 0.2128566186356198 -0.9761656285863579
outer loop
vertex -100.73810577392578 56.0075798034668 -2.5015439987182617
vertex -100.78379821777344 55.89727020263672 -2.5275793075561523
vertex -101.06256866455078 56.072120666503906 -2.5015439987182617
endloop
endfacet
facet normal 0.042338977237507444 0.21285413996715527 -0.9761662389702506
outer loop
vertex -100.78379821777344 55.89727020263672 -2.5275793075561523
vertex -101.06256866455078 55.952720642089844 -2.5275793075561523
vertex -101.06256866455078 56.072120666503906 -2.5015439987182617
endloop
endfacet
facet normal -0.04233910008863333 0.21285413885802787 -0.9761662338837029
outer loop
vertex -101.06256866455078 56.072120666503906 -2.5015439987182617
vertex -101.06256866455078 55.952720642089844 -2.5275793075561523
vertex -101.38703918457031 56.0075798034668 -2.5015439987182617
endloop
endfacet
facet normal -0.261173063456158 0.17450777715031515 0.9493869951916245
outer loop
vertex -102.17122650146484 55.6834716796875 -1.2000000476837158
vertex -102.06383514404297 55.63898849487305 -1.162280559539795
vertex -101.91110229492188 56.07278060913086 -1.2000000476837158
endloop
endfacet
facet normal -0.26117700436931285 0.17450905008278014 0.9493856770711666
outer loop
vertex -101.91110229492188 56.07278060913086 -1.2000000476837158
vertex -102.06383514404297 55.63898849487305 -1.162280559539795
vertex -101.82891082763672 55.99058532714844 -1.162280559539795
endloop
endfacet
facet normal -0.1745073851434957 0.2611750359026924 0.9493865246313574
outer loop
vertex -101.52178955078125 56.33290481567383 -1.2000000476837158
vertex -101.91110229492188 56.07278060913086 -1.2000000476837158
vertex -101.82891082763672 55.99058532714844 -1.162280559539795
endloop
endfacet
facet normal -0.2766572739700239 0.05503428977599529 0.9593914632246457
outer loop
vertex -102.06383514404297 55.63898849487305 -1.162280559539795
vertex -102.00537109375 55.342613220214844 -1.1284202337265015
vertex -101.95535278320312 55.59405517578125 -1.1284202337265015
endloop
endfacet
facet normal -0.24492029366792067 0.048702882136503686 0.9683192030633377
outer loop
vertex -101.86030578613281 55.476280212402344 -1.0984560251235962
vertex -101.84590148925781 55.5487174987793 -1.0984560251235962
vertex -101.95535278320312 55.59405517578125 -1.1284202337265015
endloop
endfacet
facet normal -0.2076286417916153 0.1387306861280457 0.968320269246808
outer loop
vertex -101.95535278320312 55.59405517578125 -1.1284202337265015
vertex -101.84590148925781 55.5487174987793 -1.0984560251235962
vertex -101.74588012695312 55.90755844116211 -1.1284202337265015
endloop
endfacet
facet normal -0.23454207849506162 0.1567125537007006 0.959391051098467
outer loop
vertex -102.06383514404297 55.63898849487305 -1.162280559539795
vertex -101.95535278320312 55.59405517578125 -1.1284202337265015
vertex -101.82891082763672 55.99058532714844 -1.162280559539795
endloop
endfacet
facet normal -0.2345399063144852 0.15671191530536743 0.9593916864072336
outer loop
vertex -101.82891082763672 55.99058532714844 -1.162280559539795
vertex -101.95535278320312 55.59405517578125 -1.1284202337265015
vertex -101.74588012695312 55.90755844116211 -1.1284202337265015
endloop
endfacet
facet normal -0.20761142246225023 0.13872624789654459 0.968324597130398
outer loop
vertex -101.74588012695312 55.90755844116211 -1.1284202337265015
vertex -101.84590148925781 55.5487174987793 -1.0984560251235962
vertex -101.66210174560547 55.82378387451172 -1.0984560251235962
endloop
endfacet
facet normal -0.21283745804426646 0.04232314716810522 0.9761705627947619
outer loop
vertex -101.80160522460938 55.53036880493164 -1.0880024433135986
vertex -101.84590148925781 55.5487174987793 -1.0984560251235962
vertex -101.86030578613281 55.476280212402344 -1.0984560251235962
endloop
endfacet
facet normal -0.1804286867409959 0.12056270520968372 0.9761711546206651
outer loop
vertex -101.66210174560547 55.82378387451172 -1.0984560251235962
vertex -101.84590148925781 55.5487174987793 -1.0984560251235962
vertex -101.80160522460938 55.53036880493164 -1.0880024433135986
endloop
endfacet
facet normal -0.042338480823501876 0.2128574696327406 -0.9761655344577091
outer loop
vertex -101.06256866455078 55.952720642089844 -2.5275793075561523
vertex -101.34134674072266 55.89727020263672 -2.5275793075561523
vertex -101.38703918457031 56.0075798034668 -2.5015439987182617
endloop
endfacet
facet normal -0.048715171110904926 0.2449089795112803 -0.9683214465550056
outer loop
vertex -101.06256866455078 56.072120666503906 -2.5015439987182617
vertex -101.38703918457031 56.0075798034668 -2.5015439987182617
vertex -101.432373046875 56.117034912109375 -2.4715797901153564
endloop
endfacet
facet normal -0.13873015965317773 0.20762659918301235 -0.9683207826512352
outer loop
vertex -101.38703918457031 56.0075798034668 -2.5015439987182617
vertex -101.74588012695312 55.90755844116211 -2.4715797901153564
vertex -101.432373046875 56.117034912109375 -2.4715797901153564
endloop
endfacet
facet normal -0.13872684781197836 0.20761374999129348 -0.9683240121522882
outer loop
vertex -101.38703918457031 56.0075798034668 -2.5015439987182617
vertex -101.66210174560547 55.82378387451172 -2.5015439987182617
vertex -101.74588012695312 55.90755844116211 -2.4715797901153564
endloop
endfacet
facet normal -0.12057605716511063 0.18044991133325308 -0.9761655822340476
outer loop
vertex -101.34134674072266 55.89727020263672 -2.5275793075561523
vertex -101.66210174560547 55.82378387451172 -2.5015439987182617
vertex -101.38703918457031 56.0075798034668 -2.5015439987182617
endloop
endfacet
facet normal -0.12057623239152827 0.18045073797275002 -0.9761654077805432
outer loop
vertex -101.34134674072266 55.89727020263672 -2.5275793075561523
vertex -101.57767486572266 55.739356994628906 -2.5275793075561523
vertex -101.66210174560547 55.82378387451172 -2.5015439987182617
endloop
endfacet
facet normal -0.18045002197007828 0.12057696144011416 -0.9761654500856233
outer loop
vertex -101.57767486572266 55.739356994628906 -2.5275793075561523
vertex -101.84590148925781 55.5487174987793 -2.5015439987182617
vertex -101.66210174560547 55.82378387451172 -2.5015439987182617
endloop
endfacet
facet normal -0.18046221780161378 0.12057835776514657 0.9761630230575132
outer loop
vertex -101.66210174560547 55.82378387451172 -1.0984560251235962
vertex -101.80160522460938 55.53036880493164 -1.0880024433135986
vertex -101.68363189697266 55.580787658691406 -1.0724207162857056
endloop
endfacet
facet normal -0.06128313231083778 0.3080842743607815 0.9493831984956144
outer loop
vertex -101.06256866455078 56.424251556396484 -1.2000000476837158
vertex -101.52178955078125 56.33290481567383 -1.2000000476837158
vertex -101.47731018066406 56.22551727294922 -1.162280559539795
endloop
endfacet
facet normal -0.1745169460523654 0.26118317341029645 0.9493825285246631
outer loop
vertex -101.52178955078125 56.33290481567383 -1.2000000476837158
vertex -101.82891082763672 55.99058532714844 -1.162280559539795
vertex -101.47731018066406 56.22551727294922 -1.162280559539795
endloop
endfacet
facet normal 0.06128198968397877 0.3080785301151229 0.9493851362974239
outer loop
vertex -101.06256866455078 56.424251556396484 -1.2000000476837158
vertex -101.06256866455078 56.308013916015625 -1.162280559539795
vertex -100.60334777832031 56.33290481567383 -1.2000000476837158
endloop
endfacet
facet normal -0.06128021027497244 0.3080785638359176 0.9493852402125564
outer loop
vertex -101.06256866455078 56.424251556396484 -1.2000000476837158
vertex -101.47731018066406 56.22551727294922 -1.162280559539795
vertex -101.06256866455078 56.308013916015625 -1.162280559539795
endloop
endfacet
facet normal 0.1745098944893774 0.26117261999619906 0.9493867279931965
outer loop
vertex -100.29623413085938 55.99058532714844 -1.162280559539795
vertex -100.21404266357422 56.07278060913086 -1.2000000476837158
vertex -100.64783477783203 56.22551727294922 -1.162280559539795
endloop
endfacet
facet normal 0.17451055302583124 0.2611746587255929 0.9493860460962067
outer loop
vertex -100.64783477783203 56.22551727294922 -1.162280559539795
vertex -100.21404266357422 56.07278060913086 -1.2000000476837158
vertex -100.60334777832031 56.33290481567383 -1.2000000476837158
endloop
endfacet
facet normal 0.061281799995604465 0.308080888537969 0.9493843832225987
outer loop
vertex -101.06256866455078 56.308013916015625 -1.162280559539795
vertex -100.64783477783203 56.22551727294922 -1.162280559539795
vertex -100.60334777832031 56.33290481567383 -1.2000000476837158
endloop
endfacet
facet normal 0.26117450290913224 0.17451164807326836 0.9493858876752483
outer loop
vertex -100.29623413085938 55.99058532714844 -1.162280559539795
vertex -100.13208770751953 55.95012664794922 -1.2000000476837158
vertex -100.21404266357422 56.07278060913086 -1.2000000476837158
endloop
endfacet
facet normal 0.24492113920258904 0.04870794837323335 -0.9683187343726117
outer loop
vertex -100.22559356689453 55.27899169921875 -2.5015439987182617
vertex -100.16978454589844 55.59405517578125 -2.4715797901153564
vertex -100.13925170898438 55.44052505493164 -2.4715797901153564
endloop
endfacet
facet normal 0.21284859632817546 0.042343120368628674 -0.97616726804302
outer loop
vertex -100.27924346923828 55.5487174987793 -2.5015439987182617
vertex -100.33409881591797 55.22425079345703 -2.5275793075561523
vertex -100.38955688476562 55.50302505493164 -2.5275793075561523
endloop
endfacet
facet normal 0.21287060481583928 0.04234110040208131 -0.9761625565560685
outer loop
vertex -100.27924346923828 55.5487174987793 -2.5015439987182617
vertex -100.22559356689453 55.27899169921875 -2.5015439987182617
vertex -100.26756286621094 55.22425079345703 -2.513070583343506
endloop
endfacet
facet normal 0.21286092953938224 0.04234082746954185 -0.97616467822024
outer loop
vertex -100.33409881591797 55.22425079345703 -2.5275793075561523
vertex -100.27924346923828 55.5487174987793 -2.5015439987182617
vertex -100.26756286621094 55.22425079345703 -2.513070583343506
endloop
endfacet
facet normal 0.21286093700770758 -0.042340000303105134 -0.9761647124694346
outer loop
vertex -100.26756286621094 55.22425079345703 -2.513070583343506
vertex -100.35538482666016 55.11723709106445 -2.5275793075561523
vertex -100.33409881591797 55.22425079345703 -2.5275793075561523
endloop
endfacet
facet normal -0.1745098944893774 0.26117261999619906 -0.9493867279931965
outer loop
vertex -101.82891082763672 55.99058532714844 -2.4377195835113525
vertex -101.91110229492188 56.07278060913086 -2.4000000953674316
vertex -101.47731018066406 56.22551727294922 -2.4377195835113525
endloop
endfacet
facet normal -0.26117620738296143 0.17450987782513486 -0.949385744172783
outer loop
vertex -101.82891082763672 55.99058532714844 -2.4377195835113525
vertex -102.17122650146484 55.6834716796875 -2.4000000953674316
vertex -101.91110229492188 56.07278060913086 -2.4000000953674316
endloop
endfacet
facet normal -0.2611735232097709 0.17450672409758736 -0.9493870622769851
outer loop
vertex -102.06383514404297 55.63898849487305 -2.4377195835113525
vertex -102.17122650146484 55.6834716796875 -2.4000000953674316
vertex -101.82891082763672 55.99058532714844 -2.4377195835113525
endloop
endfacet
facet normal -0.3080733486582638 0.06128095900525647 -0.9493868842099515
outer loop
vertex -102.06383514404297 55.63898849487305 -2.4377195835113525
vertex -102.2625732421875 55.22425079345703 -2.4000000953674316
vertex -102.17122650146484 55.6834716796875 -2.4000000953674316
endloop
endfacet
facet normal -0.23453962472835374 0.1567109141823274 -0.9593919187737732
outer loop
vertex -101.74588012695312 55.90755844116211 -2.4715797901153564
vertex -102.06383514404297 55.63898849487305 -2.4377195835113525
vertex -101.82891082763672 55.99058532714844 -2.4377195835113525
endloop
endfacet
facet normal -0.23454104582403446 0.15671267668848035 -0.959391283465146
outer loop
vertex -101.95535278320312 55.59405517578125 -2.4715797901153564
vertex -102.06383514404297 55.63898849487305 -2.4377195835113525
vertex -101.74588012695312 55.90755844116211 -2.4715797901153564
endloop
endfacet
facet normal -0.2766563352286193 0.05503421798040132 -0.9593917380450779
outer loop
vertex -101.95535278320312 55.59405517578125 -2.4715797901153564
vertex -102.13382720947266 55.22425079345703 -2.4413270950317383
vertex -102.06383514404297 55.63898849487305 -2.4377195835113525
endloop
endfacet
facet normal -0.2076155982444473 0.13872197085527532 -0.9683243145597598
outer loop
vertex -101.66210174560547 55.82378387451172 -2.5015439987182617
vertex -101.95535278320312 55.59405517578125 -2.4715797901153564
vertex -101.74588012695312 55.90755844116211 -2.4715797901153564
endloop
endfacet
facet normal -0.2076262882051817 0.13873618120712364 -0.9683199866109359
outer loop
vertex -101.84590148925781 55.5487174987793 -2.5015439987182617
vertex -101.95535278320312 55.59405517578125 -2.4715797901153564
vertex -101.66210174560547 55.82378387451172 -2.5015439987182617
endloop
endfacet
facet normal -0.2449125074248532 0.04872233402394766 -0.9683201938791374
outer loop
vertex -101.84590148925781 55.5487174987793 -2.5015439987182617
vertex -101.95726013183594 55.38694763183594 -2.481518268585205
vertex -101.95535278320312 55.59405517578125 -2.4715797901153564
endloop
endfacet
facet normal -0.18044602292434053 0.12057113561854955 -0.9761669089179583
outer loop
vertex -101.73558807373047 55.50302505493164 -2.5275793075561523
vertex -101.84590148925781 55.5487174987793 -2.5015439987182617
vertex -101.57767486572266 55.739356994628906 -2.5275793075561523
endloop
endfacet
facet normal -0.30508996069040806 0.05975493628631314 -0.9504469808860165
outer loop
vertex -102.13382720947266 55.22425079345703 -2.4413270950317383
vertex -102.2625732421875 55.22425079345703 -2.4000000953674316
vertex -102.06383514404297 55.63898849487305 -2.4377195835113525
endloop
endfacet
facet normal -0.30507281314271656 -0.06068490476790663 -0.9503935611179715
outer loop
vertex -102.24263000488281 55.123992919921875 -2.4000000953674316
vertex -102.2625732421875 55.22425079345703 -2.4000000953674316
vertex -102.13382720947266 55.22425079345703 -2.4413270950317383
endloop
endfacet
facet normal -0.27665596404495874 0.055034029198008 -0.9593918559111221
outer loop
vertex -101.95535278320312 55.59405517578125 -2.4715797901153564
vertex -102.00537109375 55.342613220214844 -2.4715797901153564
vertex -102.13382720947266 55.22425079345703 -2.4413270950317383
endloop
endfacet
facet normal -0.2449268730158218 0.04872229206213332 -0.96831656245822
outer loop
vertex -101.95726013183594 55.38694763183594 -2.481518268585205
vertex -102.00537109375 55.342613220214844 -2.4715797901153564
vertex -101.95535278320312 55.59405517578125 -2.4715797901153564
endloop
endfacet
facet normal -0.24489741477080884 0.048711403981736685 -0.9683245609612009
outer loop
vertex -101.95726013183594 55.38694763183594 -2.481518268585205
vertex -101.84590148925781 55.5487174987793 -2.5015439987182617
vertex -101.89955139160156 55.27899169921875 -2.5015439987182617
endloop
endfacet
facet normal -0.21285098688715767 0.04233719829127223 -0.9761670036535801
outer loop
vertex -101.73558807373047 55.50302505493164 -2.5275793075561523
vertex -101.89955139160156 55.27899169921875 -2.5015439987182617
vertex -101.84590148925781 55.5487174987793 -2.5015439987182617
endloop
endfacet
facet normal -0.21286356398003356 0.042346770048601705 -0.9761638459788239
outer loop
vertex -101.73558807373047 55.50302505493164 -2.5275793075561523
vertex -101.85758209228516 55.22425079345703 -2.513070583343506
vertex -101.89955139160156 55.27899169921875 -2.5015439987182617
endloop
endfacet
facet normal -0.21283768355348512 0.04233512456565443 -0.9761699942569414
outer loop
vertex -101.73558807373047 55.50302505493164 -2.5275793075561523
vertex -101.7910385131836 55.22425079345703 -2.5275793075561523
vertex -101.85758209228516 55.22425079345703 -2.513070583343506
endloop
endfacet
facet normal -0.21283768129714503 -0.042335374528145626 -0.9761699839083441
outer loop
vertex -101.85758209228516 55.22425079345703 -2.513070583343506
vertex -101.7910385131836 55.22425079345703 -2.5275793075561523
vertex -101.7697525024414 55.11723709106445 -2.5275793075561523
endloop
endfacet
facet normal 0.10227083278455755 0.15306037236289688 -0.9829105753697456
outer loop
vertex -100.5474624633789 55.739356994628906 -2.5275793075561523
vertex -100.63245391845703 55.65436553955078 -2.5496575832366943
vertex -100.78379821777344 55.89727020263672 -2.5275793075561523
endloop
endfacet
facet normal 0.10227116082069448 0.15306057083770663 -0.9829105103310388
outer loop
vertex -100.63245391845703 55.65436553955078 -2.5496575832366943
vertex -100.82979583740234 55.786224365234375 -2.5496575832366943
vertex -100.78379821777344 55.89727020263672 -2.5275793075561523
endloop
endfacet
facet normal 0.15305908023549758 0.102272141799312 -0.9829106403784857
outer loop
vertex -100.5474624633789 55.739356994628906 -2.5275793075561523
vertex -100.50059509277344 55.457027435302734 -2.5496575832366943
vertex -100.63245391845703 55.65436553955078 -2.5496575832366943
endloop
endfacet
facet normal 0.1530696758133326 0.1022737585043031 -0.9829088221538175
outer loop
vertex -100.38955688476562 55.50302505493164 -2.5275793075561523
vertex -100.50059509277344 55.457027435302734 -2.5496575832366943
vertex -100.5474624633789 55.739356994628906 -2.5275793075561523
endloop
endfacet
facet normal 0.12548889909520938 0.08385009541909122 -0.9885452431234909
outer loop
vertex -100.50059509277344 55.457027435302734 -2.5496575832366943
vertex -100.61225128173828 55.4107780456543 -2.5677545070648193
vertex -100.63245391845703 55.65436553955078 -2.5496575832366943
endloop
endfacet
facet normal 0.08384993248291212 0.1254910810393453 -0.9885449799590241
outer loop
vertex -100.63245391845703 55.65436553955078 -2.5496575832366943
vertex -100.71791076660156 55.56890869140625 -2.5677545070648193
vertex -100.82979583740234 55.786224365234375 -2.5496575832366943
endloop
endfacet
facet normal 0.08384763957517968 0.1254899289100115 -0.988545320700994
outer loop
vertex -100.71791076660156 55.56890869140625 -2.5677545070648193
vertex -100.87604522705078 55.67456817626953 -2.5677545070648193
vertex -100.82979583740234 55.786224365234375 -2.5496575832366943
endloop
endfacet
facet normal 0.12549078309448186 0.08385023303864518 -0.9885449922880084
outer loop
vertex -100.63245391845703 55.65436553955078 -2.5496575832366943
vertex -100.61225128173828 55.4107780456543 -2.5677545070648193
vertex -100.71791076660156 55.56890869140625 -2.5677545070648193
endloop
endfacet
facet normal 0.06531915761837714 0.09775941800535079 -0.9930641992536438
outer loop
vertex -100.71791076660156 55.56890869140625 -2.5677545070648193
vertex -100.80374908447266 55.48307418823242 -2.581850290298462
vertex -100.87604522705078 55.67456817626953 -2.5677545070648193
endloop
endfacet
facet normal 0.03591286072885733 0.1805476084440999 -0.9829103863116849
outer loop
vertex -100.78379821777344 55.89727020263672 -2.5275793075561523
vertex -100.82979583740234 55.786224365234375 -2.5496575832366943
vertex -101.06256866455078 55.952720642089844 -2.5275793075561523
endloop
endfacet
facet normal 0.03591475035692468 0.18055017851207314 -0.9829098451770937
outer loop
vertex -100.82979583740234 55.786224365234375 -2.5496575832366943
vertex -101.06256866455078 55.83252716064453 -2.5496575832366943
vertex -101.06256866455078 55.952720642089844 -2.5275793075561523
endloop
endfacet
facet normal 0.02944475161063858 0.1480242826891717 -0.9885453041398478
outer loop
vertex -100.82979583740234 55.786224365234375 -2.5496575832366943
vertex -100.87604522705078 55.67456817626953 -2.5677545070648193
vertex -101.06256866455078 55.83252716064453 -2.5496575832366943
endloop
endfacet
facet normal -0.035912392137534326 0.18055019382299176 -0.9829099285292829
outer loop
vertex -101.06256866455078 55.952720642089844 -2.5275793075561523
vertex -101.06256866455078 55.83252716064453 -2.5496575832366943
vertex -101.34134674072266 55.89727020263672 -2.5275793075561523
endloop
endfacet
facet normal -0.035913046967765636 0.18054753271271992 -0.9829103934178539
outer loop
vertex -101.06256866455078 55.83252716064453 -2.5496575832366943
vertex -101.29534912109375 55.786224365234375 -2.5496575832366943
vertex -101.34134674072266 55.89727020263672 -2.5275793075561523
endloop
endfacet
facet normal -0.02944350270394283 0.14802285565991097 -0.98854555502051
outer loop
vertex -101.06256866455078 55.83252716064453 -2.5496575832366943
vertex -101.06256866455078 55.711669921875 -2.5677545070648193
vertex -101.29534912109375 55.786224365234375 -2.5496575832366943
endloop
endfacet
facet normal 0.02944351876364017 0.14802285558985706 -0.9885455545526669
outer loop
vertex -100.87604522705078 55.67456817626953 -2.5677545070648193
vertex -101.06256866455078 55.711669921875 -2.5677545070648193
vertex -101.06256866455078 55.83252716064453 -2.5496575832366943
endloop
endfacet
facet normal -0.02944276037071033 0.1480250973274721 -0.9885452414649243
outer loop
vertex -101.06256866455078 55.711669921875 -2.5677545070648193
vertex -101.24909973144531 55.67456817626953 -2.5677545070648193
vertex -101.29534912109375 55.786224365234375 -2.5496575832366943
endloop
endfacet
facet normal 0.02293763952497372 0.11531552767973628 -0.9930640431356712
outer loop
vertex -100.87604522705078 55.67456817626953 -2.5677545070648193
vertex -100.92250061035156 55.56241989135742 -2.581850290298462
vertex -101.06256866455078 55.711669921875 -2.5677545070648193
endloop
endfacet
facet normal 0.02293898715172201 0.11531677577175915 -0.9930638670770672
outer loop
vertex -100.92250061035156 55.56241989135742 -2.581850290298462
vertex -101.06256866455078 55.59028244018555 -2.581850290298462
vertex -101.06256866455078 55.711669921875 -2.5677545070648193
endloop
endfacet
facet normal 0.06531960645281412 0.09775958408058191 -0.9930641533824697
outer loop
vertex -100.80374908447266 55.48307418823242 -2.581850290298462
vertex -100.92250061035156 55.56241989135742 -2.581850290298462
vertex -100.87604522705078 55.67456817626953 -2.5677545070648193
endloop
endfacet
facet normal -0.022936950664148446 0.11531678116137473 -0.9930639134903705
outer loop
vertex -101.06256866455078 55.711669921875 -2.5677545070648193
vertex -101.06256866455078 55.59028244018555 -2.581850290298462
vertex -101.24909973144531 55.67456817626953 -2.5677545070648193
endloop
endfacet
facet normal -0.022937500834678604 0.11531558470008191 -0.993064039717851
outer loop
vertex -101.06256866455078 55.59028244018555 -2.581850290298462
vertex -101.20264434814453 55.56241989135742 -2.581850290298462
vertex -101.24909973144531 55.67456817626953 -2.5677545070648193
endloop
endfacet
facet normal -0.10227358398515282 0.1530595486290508 -0.9829104173790727
outer loop
vertex -101.29534912109375 55.786224365234375 -2.5496575832366943
vertex -101.57767486572266 55.739356994628906 -2.5275793075561523
vertex -101.34134674072266 55.89727020263672 -2.5275793075561523
endloop
endfacet
facet normal -0.10227450323766288 0.15306557314964925 -0.9829093835668977
outer loop
vertex -101.29534912109375 55.786224365234375 -2.5496575832366943
vertex -101.49269104003906 55.65436553955078 -2.5496575832366943
vertex -101.57767486572266 55.739356994628906 -2.5275793075561523
endloop
endfacet
facet normal -0.08384882931095271 0.12548943001545465 -0.9885452831193821
outer loop
vertex -101.49269104003906 55.65436553955078 -2.5496575832366943
vertex -101.29534912109375 55.786224365234375 -2.5496575832366943
vertex -101.24909973144531 55.67456817626953 -2.5677545070648193
endloop
endfacet
facet normal -0.15306734806921768 0.10227714462049191 -0.9829088323152539
outer loop
vertex -101.49269104003906 55.65436553955078 -2.5496575832366943
vertex -101.73558807373047 55.50302505493164 -2.5275793075561523
vertex -101.57767486572266 55.739356994628906 -2.5275793075561523
endloop
endfacet
facet normal -0.15306186764714722 0.10226808670537968 -0.9829106282434777
outer loop
vertex -101.49269104003906 55.65436553955078 -2.5496575832366943
vertex -101.62454223632812 55.457027435302734 -2.5496575832366943
vertex -101.73558807373047 55.50302505493164 -2.5275793075561523
endloop
endfacet
facet normal -0.12548644473420165 0.08384360394720662 -0.9885461052804335
outer loop
vertex -101.4072265625 55.56890869140625 -2.5677545070648193
vertex -101.62454223632812 55.457027435302734 -2.5496575832366943
vertex -101.49269104003906 55.65436553955078 -2.5496575832366943
endloop
endfacet
facet normal 0.2611734433067996 0.17450613210387975 0.9493871930721486
outer loop
vertex -100.13208770751953 55.95012664794922 -1.2000000476837158
vertex -100.29623413085938 55.99058532714844 -1.162280559539795
vertex -100.26895904541016 55.949764251708984 -1.162280559539795
endloop
endfacet
facet normal -0.1530589989211043 0.10227498927137686 0.9829103567563061
outer loop
vertex -101.49359893798828 55.65528106689453 -1.0505800247192383
vertex -101.57767486572266 55.739356994628906 -1.0724207162857056
vertex -101.68363189697266 55.580787658691406 -1.0724207162857056
endloop
endfacet
facet normal -0.08384851972009402 0.12548519169027864 -0.988545847397683
outer loop
vertex -101.24909973144531 55.67456817626953 -2.5677545070648193
vertex -101.4072265625 55.56890869140625 -2.5677545070648193
vertex -101.49269104003906 55.65436553955078 -2.5496575832366943
endloop
endfacet
facet normal -0.06532180660737524 0.09775866587800268 -0.9930640990526752
outer loop
vertex -101.24909973144531 55.67456817626953 -2.5677545070648193
vertex -101.20264434814453 55.56241989135742 -2.581850290298462
vertex -101.4072265625 55.56890869140625 -2.5677545070648193
endloop
endfacet
facet normal -0.06532165396913489 0.09776264846438314 -0.9930637170332858
outer loop
vertex -101.20264434814453 55.56241989135742 -2.581850290298462
vertex -101.32139587402344 55.48307418823242 -2.581850290298462
vertex -101.4072265625 55.56890869140625 -2.5677545070648193
endloop
endfacet
facet normal -0.09776276106930094 0.06532296712174022 -0.9930636195705282
outer loop
vertex -101.32139587402344 55.48307418823242 -2.581850290298462
vertex -101.51288604736328 55.4107780456543 -2.5677545070648193
vertex -101.4072265625 55.56890869140625 -2.5677545070648193
endloop
endfacet
facet normal -0.12548926635926982 0.08384921958890926 -0.9885452707908439
outer loop
vertex -101.51288604736328 55.4107780456543 -2.5677545070648193
vertex -101.62454223632812 55.457027435302734 -2.5496575832366943
vertex -101.4072265625 55.56890869140625 -2.5677545070648193
endloop
endfacet
facet normal 0.016405152788740048 0.08247048194098536 -0.9964584740822868
outer loop
vertex -100.92250061035156 55.56241989135742 -2.581850290298462
vertex -100.96910095214844 55.44990158081055 -2.5919299125671387
vertex -101.06256866455078 55.59028244018555 -2.581850290298462
endloop
endfacet
facet normal -0.029445057891295544 0.14803067413434146 0.9885443379439846
outer loop
vertex -101.29534912109375 55.786224365234375 -1.0503424406051636
vertex -101.27638244628906 55.74043655395508 -1.0429209470748901
vertex -101.06256866455078 55.83252716064453 -1.0503424406051636
endloop
endfacet
facet normal 0.016405250306757085 0.08247054637180183 -0.9964584671442704
outer loop
vertex -100.96910095214844 55.44990158081055 -2.5919299125671387
vertex -101.06256866455078 55.4684944152832 -2.5919299125671387
vertex -101.06256866455078 55.59028244018555 -2.581850290298462
endloop
endfacet
facet normal 0.04671463626782631 0.06991474168353043 -0.9964585649457232
outer loop
vertex -100.80374908447266 55.48307418823242 -2.581850290298462
vertex -100.8898696899414 55.39695739746094 -2.5919299125671387
vertex -100.92250061035156 55.56241989135742 -2.581850290298462
endloop
endfacet
facet normal -0.01640427234112631 0.08247054769525712 -0.9964584831350488
outer loop
vertex -101.06256866455078 55.59028244018555 -2.581850290298462
vertex -101.06256866455078 55.4684944152832 -2.5919299125671387
vertex -101.20264434814453 55.56241989135742 -2.581850290298462
endloop
endfacet
facet normal -0.0467144649494369 0.06991448528249859 -0.9964585909671164
outer loop
vertex -101.20264434814453 55.56241989135742 -2.581850290298462
vertex -101.15603637695312 55.44990158081055 -2.5919299125671387
vertex -101.32139587402344 55.48307418823242 -2.581850290298462
endloop
endfacet
facet normal -0.01640502808060089 0.08246942922258577 -0.9964585632616019
outer loop
vertex -101.06256866455078 55.4684944152832 -2.5919299125671387
vertex -101.15603637695312 55.44990158081055 -2.5919299125671387
vertex -101.20264434814453 55.56241989135742 -2.581850290298462
endloop
endfacet
facet normal 0.1805583838373782 0.03591579395647559 -0.9829082997769986
outer loop
vertex -100.38955688476562 55.50302505493164 -2.5275793075561523
vertex -100.45429229736328 55.22425079345703 -2.5496575832366943
vertex -100.50059509277344 55.457027435302734 -2.5496575832366943
endloop
endfacet
facet normal 0.18055015859507956 0.035917817781514066 -0.9829097367495682
outer loop
vertex -100.33409881591797 55.22425079345703 -2.5275793075561523
vertex -100.45429229736328 55.22425079345703 -2.5496575832366943
vertex -100.38955688476562 55.50302505493164 -2.5275793075561523
endloop
endfacet
facet normal 0.14802285355694642 0.029443984799892093 -0.9885455409762175
outer loop
vertex -100.45429229736328 55.22425079345703 -2.5496575832366943
vertex -100.57514953613281 55.22425079345703 -2.5677545070648193
vertex -100.50059509277344 55.457027435302734 -2.5496575832366943
endloop
endfacet
facet normal 0.14802486952369848 0.029443317197118256 -0.9885452589916771
outer loop
vertex -100.50059509277344 55.457027435302734 -2.5496575832366943
vertex -100.57514953613281 55.22425079345703 -2.5677545070648193
vertex -100.61225128173828 55.4107780456543 -2.5677545070648193
endloop
endfacet
facet normal 0.09775710999949548 0.06532005165567496 -0.9930643676500767
outer loop
vertex -100.71791076660156 55.56890869140625 -2.5677545070648193
vertex -100.72440338134766 55.36432647705078 -2.581850290298462
vertex -100.80374908447266 55.48307418823242 -2.581850290298462
endloop
endfacet
facet normal 0.09775832787434266 0.06532000495654218 -0.9930642508335952
outer loop
vertex -100.61225128173828 55.4107780456543 -2.5677545070648193
vertex -100.72440338134766 55.36432647705078 -2.581850290298462
vertex -100.71791076660156 55.56890869140625 -2.5677545070648193
endloop
endfacet
facet normal 0.11531272187792307 0.02293693138878949 -0.993064385300153
outer loop
vertex -100.61225128173828 55.4107780456543 -2.5677545070648193
vertex -100.69654083251953 55.22425079345703 -2.581850290298462
vertex -100.72440338134766 55.36432647705078 -2.581850290298462
endloop
endfacet
facet normal 0.11531320620730602 0.02293670866458593 -0.9930643342049029
outer loop
vertex -100.57514953613281 55.22425079345703 -2.5677545070648193
vertex -100.69654083251953 55.22425079345703 -2.581850290298462
vertex -100.61225128173828 55.4107780456543 -2.5677545070648193
endloop
endfacet
facet normal 0.1805447068458476 -0.0367478057381049 -0.9828800575875886
outer loop
vertex -100.45429229736328 55.22425079345703 -2.5496575832366943
vertex -100.33409881591797 55.22425079345703 -2.5275793075561523
vertex -100.50591278076172 54.993675231933594 -2.5505189895629883
endloop
endfacet
facet normal 0.1790712714168991 -0.0356189246963354 -0.9831911166993995
outer loop
vertex -100.50591278076172 54.993675231933594 -2.5505189895629883
vertex -100.33409881591797 55.22425079345703 -2.5275793075561523
vertex -100.35538482666016 55.11723709106445 -2.5275793075561523
endloop
endfacet
facet normal 0.14802730102109488 -0.029446755119823254 -0.9885447924931491
outer loop
vertex -100.45429229736328 55.22425079345703 -2.5496575832366943
vertex -100.50591278076172 54.993675231933594 -2.5505189895629883
vertex -100.61225128173828 55.037723541259766 -2.5677545070648193
endloop
endfacet
facet normal -0.12057646009495959 0.18045051434397702 0.9761654209937795
outer loop
vertex -101.66210174560547 55.82378387451172 -1.0984560251235962
vertex -101.57767486572266 55.739356994628906 -1.0724207162857056
vertex -101.38703918457031 56.0075798034668 -1.0984560251235962
endloop
endfacet
facet normal -0.08402492865545626 0.12542119962346907 0.9885389896455552
outer loop
vertex -101.27638244628906 55.74043655395508 -1.0429209470748901
vertex -101.29534912109375 55.786224365234375 -1.0503424406051636
vertex -101.49359893798828 55.65528106689453 -1.0505800247192383
endloop
endfacet
facet normal -0.18044949876922434 0.12057749417373881 0.9761654809983386
outer loop
vertex -101.66210174560547 55.82378387451172 -1.0984560251235962
vertex -101.68363189697266 55.580787658691406 -1.0724207162857056
vertex -101.57767486572266 55.739356994628906 -1.0724207162857056
endloop
endfacet
facet normal -0.10227392116763669 0.15306005324614524 0.9829103037150864
outer loop
vertex -101.49359893798828 55.65528106689453 -1.0505800247192383
vertex -101.34134674072266 55.89727020263672 -1.0724207162857056
vertex -101.57767486572266 55.739356994628906 -1.0724207162857056
endloop
endfacet
facet normal -0.10227329499744128 0.15305967053819822 0.9829104284649262
outer loop
vertex -101.34134674072266 55.89727020263672 -1.0724207162857056
vertex -101.49359893798828 55.65528106689453 -1.0505800247192383
vertex -101.29534912109375 55.786224365234375 -1.0503424406051636
endloop
endfacet
facet normal -0.12057576342160131 0.1804500361265592 0.9761655954484473
outer loop
vertex -101.38703918457031 56.0075798034668 -1.0984560251235962
vertex -101.57767486572266 55.739356994628906 -1.0724207162857056
vertex -101.34134674072266 55.89727020263672 -1.0724207162857056
endloop
endfacet
facet normal 0.14802285821420585 -0.02944291713175381 -0.9885455720789355
outer loop
vertex -100.45429229736328 55.22425079345703 -2.5496575832366943
vertex -100.61225128173828 55.037723541259766 -2.5677545070648193
vertex -100.57514953613281 55.22425079345703 -2.5677545070648193
endloop
endfacet
facet normal -0.0359135747668982 0.18055018614480656 0.9829098867294692
outer loop
vertex -101.29534912109375 55.786224365234375 -1.0503424406051636
vertex -101.06256866455078 55.83252716064453 -1.0503424406051636
vertex -101.06256866455078 55.952720642089844 -1.0724207162857056
endloop
endfacet
facet normal 0.11531320371118815 -0.02293765189429228 -0.9930643127086173
outer loop
vertex -100.57514953613281 55.22425079345703 -2.5677545070648193
vertex -100.72440338134766 55.08417892456055 -2.581850290298462
vertex -100.69654083251953 55.22425079345703 -2.581850290298462
endloop
endfacet
facet normal 0.11531213231643607 -0.022936495059199077 -0.9930644638365811
outer loop
vertex -100.61225128173828 55.037723541259766 -2.5677545070648193
vertex -100.72440338134766 55.08417892456055 -2.581850290298462
vertex -100.57514953613281 55.22425079345703 -2.5677545070648193
endloop
endfacet
facet normal 0.0977570157227475 -0.06531789036405873 -0.9930645190899587
outer loop
vertex -100.61225128173828 55.037723541259766 -2.5677545070648193
vertex -100.80374908447266 54.96542739868164 -2.581850290298462
vertex -100.72440338134766 55.08417892456055 -2.581850290298462
endloop
endfacet
facet normal 0.06991399696022141 0.046715639332217715 -0.9964585701728038
outer loop
vertex -100.72440338134766 55.36432647705078 -2.581850290298462
vertex -100.83692169189453 55.317718505859375 -2.5919299125671387
vertex -100.80374908447266 55.48307418823242 -2.581850290298462
endloop
endfacet
facet normal 0.08246942922258577 0.01640502808060089 -0.9964585632616019
outer loop
vertex -100.72440338134766 55.36432647705078 -2.581850290298462
vertex -100.81832885742188 55.22425079345703 -2.5919299125671387
vertex -100.83692169189453 55.317718505859375 -2.5919299125671387
endloop
endfacet
facet normal 0.08247054769525712 0.01640427234112631 -0.9964584831350488
outer loop
vertex -100.69654083251953 55.22425079345703 -2.581850290298462
vertex -100.81832885742188 55.22425079345703 -2.5919299125671387
vertex -100.72440338134766 55.36432647705078 -2.581850290298462
endloop
endfacet
facet normal 0.08247054637180183 -0.016405250306757085 -0.9964584671442704
outer loop
vertex -100.69654083251953 55.22425079345703 -2.581850290298462
vertex -100.83692169189453 55.13078308105469 -2.5919299125671387
vertex -100.81832885742188 55.22425079345703 -2.5919299125671387
endloop
endfacet
facet normal 0.08247014208805943 -0.01640463841093674 -0.9964585106779819
outer loop
vertex -100.72440338134766 55.08417892456055 -2.581850290298462
vertex -100.83692169189453 55.13078308105469 -2.5919299125671387
vertex -100.69654083251953 55.22425079345703 -2.581850290298462
endloop
endfacet
facet normal 0.06991477412287057 -0.046717555595293836 -0.9964584258053865
outer loop
vertex -100.72440338134766 55.08417892456055 -2.581850290298462
vertex -100.8898696899414 55.051544189453125 -2.5919299125671387
vertex -100.83692169189453 55.13078308105469 -2.5919299125671387
endloop
endfacet
facet normal 0.0699141299954826 -0.046714227558819085 -0.9964586270240012
outer loop
vertex -100.80374908447266 54.96542739868164 -2.581850290298462
vertex -100.8898696899414 55.051544189453125 -2.5919299125671387
vertex -100.72440338134766 55.08417892456055 -2.581850290298462
endloop
endfacet
facet normal 0.10892158827989808 -0.05233042243357535 -0.9926719571411836
outer loop
vertex -100.50591278076172 54.993675231933594 -2.5505189895629883
vertex -100.67988586425781 54.90037155151367 -2.5646896362304688
vertex -100.72500610351562 54.88668441772461 -2.5689189434051514
endloop
endfacet
facet normal 0.12478521810482575 -0.08553480096295912 -0.9884899833416412
outer loop
vertex -100.61225128173828 55.037723541259766 -2.5677545070648193
vertex -100.50591278076172 54.993675231933594 -2.5505189895629883
vertex -100.72500610351562 54.88668441772461 -2.5689189434051514
endloop
endfacet
facet normal 0.09775924375828088 -0.06532391196671264 -0.9930639036764825
outer loop
vertex -100.61225128173828 55.037723541259766 -2.5677545070648193
vertex -100.72500610351562 54.88668441772461 -2.5689189434051514
vertex -100.80374908447266 54.96542739868164 -2.581850290298462
endloop
endfacet
facet normal 0.06532179739116499 -0.09776134717137602 -0.9930638357048479
outer loop
vertex -100.80374908447266 54.96542739868164 -2.581850290298462
vertex -100.72500610351562 54.88668441772461 -2.5689189434051514
vertex -100.86748504638672 54.84346389770508 -2.574036121368408
endloop
endfacet
facet normal -0.14802446524355536 0.02944430538873953 -0.9885452900952663
outer loop
vertex -101.51288604736328 55.4107780456543 -2.5677545070648193
vertex -101.67084503173828 55.22425079345703 -2.5496575832366943
vertex -101.62454223632812 55.457027435302734 -2.5496575832366943
endloop
endfacet
facet normal -0.18055018232853356 0.03591416255229741 -0.9829098659537916
outer loop
vertex -101.67084503173828 55.22425079345703 -2.5496575832366943
vertex -101.7910385131836 55.22425079345703 -2.5275793075561523
vertex -101.62454223632812 55.457027435302734 -2.5496575832366943
endloop
endfacet
facet normal -0.09776318405580538 0.06532411026248039 -0.9930635027336803
outer loop
vertex -101.32139587402344 55.48307418823242 -2.581850290298462
vertex -101.40074157714844 55.36432647705078 -2.581850290298462
vertex -101.51288604736328 55.4107780456543 -2.5677545070648193
endloop
endfacet
facet normal -0.11532035300984288 0.022938449302393582 -0.9930634640974799
outer loop
vertex -101.42860412597656 55.22425079345703 -2.581850290298462
vertex -101.54998779296875 55.22425079345703 -2.5677545070648193
vertex -101.40074157714844 55.36432647705078 -2.581850290298462
endloop
endfacet
facet normal -0.14802285821420585 0.02944291713175381 -0.9885455720789355
outer loop
vertex -101.54998779296875 55.22425079345703 -2.5677545070648193
vertex -101.67084503173828 55.22425079345703 -2.5496575832366943
vertex -101.51288604736328 55.4107780456543 -2.5677545070648193
endloop
endfacet
facet normal -0.1153199907274991 0.022938058159307446 -0.9930635152025724
outer loop
vertex -101.40074157714844 55.36432647705078 -2.581850290298462
vertex -101.54998779296875 55.22425079345703 -2.5677545070648193
vertex -101.51288604736328 55.4107780456543 -2.5677545070648193
endloop
endfacet
facet normal -0.14802286718057586 -0.029440861498848152 -0.9885456319593179
outer loop
vertex -101.54998779296875 55.22425079345703 -2.5677545070648193
vertex -101.61923217773438 54.993675231933594 -2.5505189895629883
vertex -101.67084503173828 55.22425079345703 -2.5496575832366943
endloop
endfacet
facet normal -0.17984645011083347 -0.036585030616844864 -0.9830141351564056
outer loop
vertex -101.7697525024414 55.11723709106445 -2.5275793075561523
vertex -101.67084503173828 55.22425079345703 -2.5496575832366943
vertex -101.61923217773438 54.993675231933594 -2.5505189895629883
endloop
endfacet
facet normal -0.11531892113477075 -0.02293878918185042 -0.9930636225233422
outer loop
vertex -101.40074157714844 55.08417892456055 -2.581850290298462
vertex -101.51288604736328 55.037723541259766 -2.5677545070648193
vertex -101.42860412597656 55.22425079345703 -2.581850290298462
endloop
endfacet
facet normal -0.03591195143723946 0.18054797819437668 0.9829103516160018
outer loop
vertex -101.34134674072266 55.89727020263672 -1.0724207162857056
vertex -101.29534912109375 55.786224365234375 -1.0503424406051636
vertex -101.06256866455078 55.952720642089844 -1.0724207162857056
endloop
endfacet
facet normal -0.11532035385389579 -0.022938130388019517 -0.9930634713659116
outer loop
vertex -101.42860412597656 55.22425079345703 -2.581850290298462
vertex -101.51288604736328 55.037723541259766 -2.5677545070648193
vertex -101.54998779296875 55.22425079345703 -2.5677545070648193
endloop
endfacet
facet normal -0.14801883081279485 -0.029442116049762615 -0.988546198984815
outer loop
vertex -101.61923217773438 54.993675231933594 -2.5505189895629883
vertex -101.54998779296875 55.22425079345703 -2.5677545070648193
vertex -101.51288604736328 55.037723541259766 -2.5677545070648193
endloop
endfacet
facet normal 0.04671926491057111 0.06991563745173009 -0.9964582850907178
outer loop
vertex -100.8898696899414 55.39695739746094 -2.5919299125671387
vertex -100.96910095214844 55.44990158081055 -2.5919299125671387
vertex -100.92250061035156 55.56241989135742 -2.581850290298462
endloop
endfacet
facet normal 0.009850856842905516 0.04952106983275973 -0.9987244986792302
outer loop
vertex -100.96910095214844 55.44990158081055 -2.5919299125671387
vertex -101.01581573486328 55.33713912963867 -2.5979819297790527
vertex -101.06256866455078 55.4684944152832 -2.5919299125671387
endloop
endfacet
facet normal 0.06991239588833352 0.04671596644184812 -0.9964586671711763
outer loop
vertex -100.83692169189453 55.317718505859375 -2.5919299125671387
vertex -100.8898696899414 55.39695739746094 -2.5919299125671387
vertex -100.80374908447266 55.48307418823242 -2.581850290298462
endloop
endfacet
facet normal 0.028052551013721984 0.041980797215577896 -0.9987245200988945
outer loop
vertex -100.8898696899414 55.39695739746094 -2.5919299125671387
vertex -100.9761734008789 55.31064987182617 -2.5979819297790527
vertex -100.96910095214844 55.44990158081055 -2.5919299125671387
endloop
endfacet
facet normal 0.028051857754301898 0.041980833206034754 -0.9987245380583475
outer loop
vertex -100.9761734008789 55.31064987182617 -2.5979819297790527
vertex -101.01581573486328 55.33713912963867 -2.5979819297790527
vertex -100.96910095214844 55.44990158081055 -2.5919299125671387
endloop
endfacet
facet normal 0.04198230381410861 0.028052877765252626 -0.9987244475907996
outer loop
vertex -100.83692169189453 55.317718505859375 -2.5919299125671387
vertex -100.9496841430664 55.27101135253906 -2.5979819297790527
vertex -100.8898696899414 55.39695739746094 -2.5919299125671387
endloop
endfacet
facet normal 0.041979977712504446 0.028053985683344326 -0.9987245142473155
outer loop
vertex -100.9496841430664 55.27101135253906 -2.5979819297790527
vertex -100.9761734008789 55.31064987182617 -2.5979819297790527
vertex -100.8898696899414 55.39695739746094 -2.5919299125671387
endloop
endfacet
facet normal 0.04952228999863174 0.009849514033012251 -0.998724451421214
outer loop
vertex -100.83692169189453 55.317718505859375 -2.5919299125671387
vertex -100.94038391113281 55.22425079345703 -2.5979819297790527
vertex -100.9496841430664 55.27101135253906 -2.5979819297790527
endloop
endfacet
facet normal 0.04952107814959563 0.00985085849731161 -0.9987244982505273
outer loop
vertex -100.81832885742188 55.22425079345703 -2.5919299125671387
vertex -100.94038391113281 55.22425079345703 -2.5979819297790527
vertex -100.83692169189453 55.317718505859375 -2.5919299125671387
endloop
endfacet
facet normal 0.009354349000024144 0.013999192800727376 -0.9998582493312309
outer loop
vertex -100.9761734008789 55.31064987182617 -2.5979819297790527
vertex -101.06256866455078 55.22425079345703 -2.5999999046325684
vertex -101.01581573486328 55.33713912963867 -2.5979819297790527
endloop
endfacet
facet normal 0.013998776097192156 0.009354970764979533 -0.9998582493482598
outer loop
vertex -100.9496841430664 55.27101135253906 -2.5979819297790527
vertex -101.06256866455078 55.22425079345703 -2.5999999046325684
vertex -100.9761734008789 55.31064987182617 -2.5979819297790527
endloop
endfacet
facet normal -0.04671435532073022 0.06991502188358009 -0.9964585584568918
outer loop
vertex -101.15603637695312 55.44990158081055 -2.5919299125671387
vertex -101.23527526855469 55.39695739746094 -2.5919299125671387
vertex -101.32139587402344 55.48307418823242 -2.581850290298462
endloop
endfacet
facet normal -0.00985085849731161 0.04952107814959563 -0.9987244982505273
outer loop
vertex -101.06256866455078 55.4684944152832 -2.5919299125671387
vertex -101.06256866455078 55.346439361572266 -2.5979819297790527
vertex -101.15603637695312 55.44990158081055 -2.5919299125671387
endloop
endfacet
facet normal -0.02805129524324022 0.041982960212737654 -0.9987244644480039
outer loop
vertex -101.15603637695312 55.44990158081055 -2.5919299125671387
vertex -101.10932922363281 55.33713912963867 -2.5979819297790527
vertex -101.23527526855469 55.39695739746094 -2.5919299125671387
endloop
endfacet
facet normal 0.009850880262958986 0.04952107813897676 -0.9987244980363695
outer loop
vertex -101.01581573486328 55.33713912963867 -2.5979819297790527
vertex -101.06256866455078 55.346439361572266 -2.5979819297790527
vertex -101.06256866455078 55.4684944152832 -2.5919299125671387
endloop
endfacet
facet normal -0.009849514033012251 0.04952228999863174 -0.998724451421214
outer loop
vertex -101.06256866455078 55.346439361572266 -2.5979819297790527
vertex -101.10932922363281 55.33713912963867 -2.5979819297790527
vertex -101.15603637695312 55.44990158081055 -2.5919299125671387
endloop
endfacet
facet normal -0.028052120850255147 0.041981226940646814 -0.9987245141180628
outer loop
vertex -101.10932922363281 55.33713912963867 -2.5979819297790527
vertex -101.14897155761719 55.31064987182617 -2.5979819297790527
vertex -101.23527526855469 55.39695739746094 -2.5919299125671387
endloop
endfacet
facet normal -0.041981572688042146 0.028052389221549442 -0.9987244920465311
outer loop
vertex -101.28822326660156 55.317718505859375 -2.5919299125671387
vertex -101.23527526855469 55.39695739746094 -2.5919299125671387
vertex -101.14897155761719 55.31064987182617 -2.5979819297790527
endloop
endfacet
facet normal -0.04198143917539518 0.028054962336054676 -0.9987244253812385
outer loop
vertex -101.14897155761719 55.31064987182617 -2.5979819297790527
vertex -101.17546081542969 55.27101135253906 -2.5979819297790527
vertex -101.28822326660156 55.317718505859375 -2.5919299125671387
endloop
endfacet
facet normal -0.049521684025994064 0.009850979019781858 -0.9987244670195988
outer loop
vertex -101.17546081542969 55.27101135253906 -2.5979819297790527
vertex -101.30681610107422 55.22425079345703 -2.5919299125671387
vertex -101.28822326660156 55.317718505859375 -2.5919299125671387
endloop
endfacet
facet normal 0.0032847971935890787 0.016512909928067164 -0.9998582569110007
outer loop
vertex -101.01581573486328 55.33713912963867 -2.5979819297790527
vertex -101.06256866455078 55.22425079345703 -2.5999999046325684
vertex -101.06256866455078 55.346439361572266 -2.5979819297790527
endloop
endfacet
facet normal -0.003284261255954937 0.0165129099571352 -0.9998582586710729
outer loop
vertex -101.10932922363281 55.33713912963867 -2.5979819297790527
vertex -101.06256866455078 55.346439361572266 -2.5979819297790527
vertex -101.06256866455078 55.22425079345703 -2.5999999046325684
endloop
endfacet
facet normal -0.009354018231221738 0.013998697790733915 -0.9998582593563419
outer loop
vertex -101.14897155761719 55.31064987182617 -2.5979819297790527
vertex -101.10932922363281 55.33713912963867 -2.5979819297790527
vertex -101.06256866455078 55.22425079345703 -2.5999999046325684
endloop
endfacet
facet normal -0.01399803535017009 0.00935447574550872 -0.9998582643504339
outer loop
vertex -101.17546081542969 55.27101135253906 -2.5979819297790527
vertex -101.14897155761719 55.31064987182617 -2.5979819297790527
vertex -101.06256866455078 55.22425079345703 -2.5999999046325684
endloop
endfacet
facet normal 0.04952107892297507 -0.00984927316154456 -0.9987245138477846
outer loop
vertex -100.81832885742188 55.22425079345703 -2.5919299125671387
vertex -100.9496841430664 55.177490234375 -2.5979819297790527
vertex -100.94038391113281 55.22425079345703 -2.5979819297790527
endloop
endfacet
facet normal 0.049521684025994064 -0.009850979019781858 -0.9987244670195988
outer loop
vertex -100.83692169189453 55.13078308105469 -2.5919299125671387
vertex -100.9496841430664 55.177490234375 -2.5979819297790527
vertex -100.81832885742188 55.22425079345703 -2.5919299125671387
endloop
endfacet
facet normal 0.04198143917539518 -0.028054962336054676 -0.9987244253812385
outer loop
vertex -100.83692169189453 55.13078308105469 -2.5919299125671387
vertex -100.9761734008789 55.13785171508789 -2.5979819297790527
vertex -100.9496841430664 55.177490234375 -2.5979819297790527
endloop
endfacet
facet normal 0.016513425356103235 0.0032843637639239425 -0.999858249822281
outer loop
vertex -100.94038391113281 55.22425079345703 -2.5979819297790527
vertex -101.06256866455078 55.22425079345703 -2.5999999046325684
vertex -100.9496841430664 55.27101135253906 -2.5979819297790527
endloop
endfacet
facet normal 0.016513425356103235 -0.0032843637639239425 -0.999858249822281
outer loop
vertex -100.9496841430664 55.177490234375 -2.5979819297790527
vertex -101.06256866455078 55.22425079345703 -2.5999999046325684
vertex -100.94038391113281 55.22425079345703 -2.5979819297790527
endloop
endfacet
facet normal 0.013998776097192156 -0.009354970764979533 -0.9998582493482598
outer loop
vertex -100.9496841430664 55.177490234375 -2.5979819297790527
vertex -100.9761734008789 55.13785171508789 -2.5979819297790527
vertex -101.06256866455078 55.22425079345703 -2.5999999046325684
endloop
endfacet
facet normal 0.009354349000024144 -0.013999192800727376 -0.9998582493312309
outer loop
vertex -100.9761734008789 55.13785171508789 -2.5979819297790527
vertex -101.01581573486328 55.11136245727539 -2.5979819297790527
vertex -101.06256866455078 55.22425079345703 -2.5999999046325684
endloop
endfacet
facet normal 0.041981572688042146 -0.028052389221549442 -0.9987244920465311
outer loop
vertex -100.83692169189453 55.13078308105469 -2.5919299125671387
vertex -100.8898696899414 55.051544189453125 -2.5919299125671387
vertex -100.9761734008789 55.13785171508789 -2.5979819297790527
endloop
endfacet
facet normal 0.028052120850255147 -0.041981226940646814 -0.9987245141180628
outer loop
vertex -101.01581573486328 55.11136245727539 -2.5979819297790527
vertex -100.9761734008789 55.13785171508789 -2.5979819297790527
vertex -100.8898696899414 55.051544189453125 -2.5919299125671387
endloop
endfacet
facet normal 0.009850876955489918 -0.04952106151209369 -0.9987244988934252
outer loop
vertex -101.01581573486328 55.11136245727539 -2.5979819297790527
vertex -100.96910095214844 54.998600006103516 -2.5919299125671387
vertex -101.06256866455078 55.1020622253418 -2.5979819297790527
endloop
endfacet
facet normal 0.028052419375787563 -0.04198060021868346 -0.9987245320770107
outer loop
vertex -100.8898696899414 55.051544189453125 -2.5919299125671387
vertex -100.96910095214844 54.998600006103516 -2.5919299125671387
vertex -101.01581573486328 55.11136245727539 -2.5979819297790527
endloop
endfacet
facet normal 0.00985085849731161 -0.04952107814959563 -0.9987244982505273
outer loop
vertex -100.96910095214844 54.998600006103516 -2.5919299125671387
vertex -101.06256866455078 54.98000717163086 -2.5919299125671387
vertex -101.06256866455078 55.1020622253418 -2.5979819297790527
endloop
endfacet
facet normal -0.04952107892297507 0.00984927316154456 -0.9987245138477846
outer loop
vertex -101.17546081542969 55.27101135253906 -2.5979819297790527
vertex -101.18476104736328 55.22425079345703 -2.5979819297790527
vertex -101.30681610107422 55.22425079345703 -2.5919299125671387
endloop
endfacet
facet normal -0.04952107814959563 -0.00985085849731161 -0.9987244982505273
outer loop
vertex -101.18476104736328 55.22425079345703 -2.5979819297790527
vertex -101.28822326660156 55.13078308105469 -2.5919299125671387
vertex -101.30681610107422 55.22425079345703 -2.5919299125671387
endloop
endfacet
facet normal -0.04952228999863174 -0.009849514033012251 -0.998724451421214
outer loop
vertex -101.17546081542969 55.177490234375 -2.5979819297790527
vertex -101.28822326660156 55.13078308105469 -2.5919299125671387
vertex -101.18476104736328 55.22425079345703 -2.5979819297790527
endloop
endfacet
facet normal -0.01651239459033374 0.0032841587543835584 -0.9998582675190366
outer loop
vertex -101.06256866455078 55.22425079345703 -2.5999999046325684
vertex -101.18476104736328 55.22425079345703 -2.5979819297790527
vertex -101.17546081542969 55.27101135253906 -2.5979819297790527
endloop
endfacet
facet normal -0.01651239459033374 -0.0032841587543835584 -0.9998582675190366
outer loop
vertex -101.06256866455078 55.22425079345703 -2.5999999046325684
vertex -101.17546081542969 55.177490234375 -2.5979819297790527
vertex -101.18476104736328 55.22425079345703 -2.5979819297790527
endloop
endfacet
facet normal -0.01399803535017009 -0.00935447574550872 -0.9998582643504339
outer loop
vertex -101.06256866455078 55.22425079345703 -2.5999999046325684
vertex -101.14897155761719 55.13785171508789 -2.5979819297790527
vertex -101.17546081542969 55.177490234375 -2.5979819297790527
endloop
endfacet
facet normal -0.009354018231221738 -0.013998697790733915 -0.9998582593563419
outer loop
vertex -101.06256866455078 55.22425079345703 -2.5999999046325684
vertex -101.10932922363281 55.11136245727539 -2.5979819297790527
vertex -101.14897155761719 55.13785171508789 -2.5979819297790527
endloop
endfacet
facet normal 0.0032847971935890787 -0.016512909928067164 -0.9998582569110007
outer loop
vertex -101.01581573486328 55.11136245727539 -2.5979819297790527
vertex -101.06256866455078 55.1020622253418 -2.5979819297790527
vertex -101.06256866455078 55.22425079345703 -2.5999999046325684
endloop
endfacet
facet normal -0.003284261255954937 -0.0165129099571352 -0.9998582586710729
outer loop
vertex -101.06256866455078 55.1020622253418 -2.5979819297790527
vertex -101.10932922363281 55.11136245727539 -2.5979819297790527
vertex -101.06256866455078 55.22425079345703 -2.5999999046325684
endloop
endfacet
facet normal -0.041979977712504446 -0.028053985683344326 -0.9987245142473155
outer loop
vertex -101.14897155761719 55.13785171508789 -2.5979819297790527
vertex -101.23527526855469 55.051544189453125 -2.5919299125671387
vertex -101.17546081542969 55.177490234375 -2.5979819297790527
endloop
endfacet
facet normal -0.04198230381410861 -0.028052877765252626 -0.9987244475907996
outer loop
vertex -101.23527526855469 55.051544189453125 -2.5919299125671387
vertex -101.28822326660156 55.13078308105469 -2.5919299125671387
vertex -101.17546081542969 55.177490234375 -2.5979819297790527
endloop
endfacet
facet normal -0.028052848527420078 -0.041982315941380965 -0.998724447902271
outer loop
vertex -101.10932922363281 55.11136245727539 -2.5979819297790527
vertex -101.15603637695312 54.998600006103516 -2.5919299125671387
vertex -101.14897155761719 55.13785171508789 -2.5979819297790527
endloop
endfacet
facet normal -0.00984927316154456 -0.04952107892297507 -0.9987245138477846
outer loop
vertex -101.06256866455078 55.1020622253418 -2.5979819297790527
vertex -101.06256866455078 54.98000717163086 -2.5919299125671387
vertex -101.10932922363281 55.11136245727539 -2.5979819297790527
endloop
endfacet
facet normal -0.028050931204320118 -0.041982415374028206 -0.9987244975757494
outer loop
vertex -101.15603637695312 54.998600006103516 -2.5919299125671387
vertex -101.23527526855469 55.051544189453125 -2.5919299125671387
vertex -101.14897155761719 55.13785171508789 -2.5979819297790527
endloop
endfacet
facet normal -0.009850979019781858 -0.049521684025994064 -0.9987244670195988
outer loop
vertex -101.06256866455078 54.98000717163086 -2.5919299125671387
vertex -101.15603637695312 54.998600006103516 -2.5919299125671387
vertex -101.10932922363281 55.11136245727539 -2.5979819297790527
endloop
endfacet
facet normal -0.06991323189944175 0.046715128128381515 -0.99645864781702
outer loop
vertex -101.23527526855469 55.39695739746094 -2.5919299125671387
vertex -101.40074157714844 55.36432647705078 -2.581850290298462
vertex -101.32139587402344 55.48307418823242 -2.581850290298462
endloop
endfacet
facet normal -0.06991354239022951 0.04671673254267213 -0.9964585508143257
outer loop
vertex -101.23527526855469 55.39695739746094 -2.5919299125671387
vertex -101.28822326660156 55.317718505859375 -2.5919299125671387
vertex -101.40074157714844 55.36432647705078 -2.581850290298462
endloop
endfacet
facet normal -0.0824698022564133 0.016404124065382428 -0.9964585472710018
outer loop
vertex -101.28822326660156 55.317718505859375 -2.5919299125671387
vertex -101.42860412597656 55.22425079345703 -2.581850290298462
vertex -101.40074157714844 55.36432647705078 -2.581850290298462
endloop
endfacet
facet normal -0.048715493432234726 0.24490885050602598 0.968321462967475
outer loop
vertex -101.432373046875 56.117034912109375 -1.1284202337265015
vertex -101.38703918457031 56.0075798034668 -1.0984560251235962
vertex -101.06256866455078 56.19059371948242 -1.1284202337265015
endloop
endfacet
facet normal -0.05503014434193057 0.2766571420116238 0.9593917390657826
outer loop
vertex -101.47731018066406 56.22551727294922 -1.162280559539795
vertex -101.432373046875 56.117034912109375 -1.1284202337265015
vertex -101.06256866455078 56.308013916015625 -1.162280559539795
endloop
endfacet
facet normal -0.048714968525474606 0.2449079610402399 0.9683217143391314
outer loop
vertex -101.38703918457031 56.0075798034668 -1.0984560251235962
vertex -101.06256866455078 56.072120666503906 -1.0984560251235962
vertex -101.06256866455078 56.19059371948242 -1.1284202337265015
endloop
endfacet
facet normal 0.048716232124274304 0.2449085548532582 0.9683215005809293
outer loop
vertex -100.73810577392578 56.0075798034668 -1.0984560251235962
vertex -100.6927719116211 56.117034912109375 -1.1284202337265015
vertex -101.06256866455078 56.072120666503906 -1.0984560251235962
endloop
endfacet
facet normal 0.048716318356248095 0.2449079448973028 0.9683216505128823
outer loop
vertex -101.06256866455078 56.072120666503906 -1.0984560251235962
vertex -100.6927719116211 56.117034912109375 -1.1284202337265015
vertex -101.06256866455078 56.19059371948242 -1.1284202337265015
endloop
endfacet
facet normal -0.05503091401862721 0.2766585524448353 0.9593912881934059
outer loop
vertex -101.432373046875 56.117034912109375 -1.1284202337265015
vertex -101.06256866455078 56.19059371948242 -1.1284202337265015
vertex -101.06256866455078 56.308013916015625 -1.162280559539795
endloop
endfacet
facet normal 0.05503143564114049 0.2766585444790897 0.9593912605699443
outer loop
vertex -101.06256866455078 56.308013916015625 -1.162280559539795
vertex -101.06256866455078 56.19059371948242 -1.1284202337265015
vertex -100.64783477783203 56.22551727294922 -1.162280559539795
endloop
endfacet
facet normal -0.04233966734370539 0.21285699065671096 0.9761655874378042
outer loop
vertex -101.38703918457031 56.0075798034668 -1.0984560251235962
vertex -101.34134674072266 55.89727020263672 -1.0724207162857056
vertex -101.06256866455078 56.072120666503906 -1.0984560251235962
endloop
endfacet
facet normal 0.042339737856615725 0.21285604465051616 0.9761657906595428
outer loop
vertex -100.76586151123047 55.9405632019043 -1.0826389789581299
vertex -100.73810577392578 56.0075798034668 -1.0984560251235962
vertex -101.06256866455078 55.952720642089844 -1.0724207162857056
endloop
endfacet
facet normal 0.042340093862155974 0.21285412988589977 0.9761661927368005
outer loop
vertex -101.06256866455078 56.072120666503906 -1.0984560251235962
vertex -101.06256866455078 55.952720642089844 -1.0724207162857056
vertex -100.73810577392578 56.0075798034668 -1.0984560251235962
endloop
endfacet
facet normal -0.04233782061233057 0.21285415040926792 0.9761662868586206
outer loop
vertex -101.34134674072266 55.89727020263672 -1.0724207162857056
vertex -101.06256866455078 55.952720642089844 -1.0724207162857056
vertex -101.06256866455078 56.072120666503906 -1.0984560251235962
endloop
endfacet
facet normal 0.04233975747801211 0.21285663185179163 0.9761656617672094
outer loop
vertex -100.76586151123047 55.9405632019043 -1.0826389789581299
vertex -101.06256866455078 55.952720642089844 -1.0724207162857056
vertex -100.84516906738281 55.90947723388672 -1.0724207162857056
endloop
endfacet
facet normal 0.1567129362728508 0.23453835534162426 0.9593918987975598
outer loop
vertex -100.6927719116211 56.117034912109375 -1.1284202337265015
vertex -100.44174194335938 55.949302673339844 -1.1284202337265015
vertex -100.29623413085938 55.99058532714844 -1.162280559539795
endloop
endfacet
facet normal -0.08247054637180183 0.016405250306757085 -0.9964584671442704
outer loop
vertex -101.30681610107422 55.22425079345703 -2.5919299125671387
vertex -101.42860412597656 55.22425079345703 -2.581850290298462
vertex -101.28822326660156 55.317718505859375 -2.5919299125671387
endloop
endfacet
facet normal -0.08247054709085234 -0.016404718972509752 -0.9964584758322689
outer loop
vertex -101.30681610107422 55.22425079345703 -2.5919299125671387
vertex -101.40074157714844 55.08417892456055 -2.581850290298462
vertex -101.42860412597656 55.22425079345703 -2.581850290298462
endloop
endfacet
facet normal -0.08246993943110802 -0.016405129572574503 -0.9964585193644222
outer loop
vertex -101.28822326660156 55.13078308105469 -2.5919299125671387
vertex -101.40074157714844 55.08417892456055 -2.581850290298462
vertex -101.30681610107422 55.22425079345703 -2.5919299125671387
endloop
endfacet
facet normal -0.06991571697201192 -0.04671528792219235 -0.9964584659656598
outer loop
vertex -101.28822326660156 55.13078308105469 -2.5919299125671387
vertex -101.32139587402344 54.96542739868164 -2.581850290298462
vertex -101.40074157714844 55.08417892456055 -2.581850290298462
endloop
endfacet
facet normal -0.06991239588833352 -0.04671596644184812 -0.9964586671711763
outer loop
vertex -101.23527526855469 55.051544189453125 -2.5919299125671387
vertex -101.32139587402344 54.96542739868164 -2.581850290298462
vertex -101.28822326660156 55.13078308105469 -2.5919299125671387
endloop
endfacet
facet normal 0.06532229086641765 -0.09776360166690296 -0.9930635813003508
outer loop
vertex -100.90338134765625 54.83993148803711 -2.576049327850342
vertex -100.92250061035156 54.88608169555664 -2.581850290298462
vertex -100.80374908447266 54.96542739868164 -2.581850290298462
endloop
endfacet
facet normal 0.06531494132866558 -0.09775781548226324 -0.9930646343271765
outer loop
vertex -100.86748504638672 54.84346389770508 -2.574036121368408
vertex -100.90338134765625 54.83993148803711 -2.576049327850342
vertex -100.80374908447266 54.96542739868164 -2.581850290298462
endloop
endfacet
facet normal 0.0229411814333802 -0.1153213525158498 -0.9930632849161003
outer loop
vertex -100.92250061035156 54.88608169555664 -2.581850290298462
vertex -100.90338134765625 54.83993148803711 -2.576049327850342
vertex -101.06256866455078 54.824249267578125 -2.5779056549072266
endloop
endfacet
facet normal 0.022938859751464407 -0.11531613531684969 -0.993063944390737
outer loop
vertex -101.06256866455078 54.824249267578125 -2.5779056549072266
vertex -101.06256866455078 54.858219146728516 -2.581850290298462
vertex -100.92250061035156 54.88608169555664 -2.581850290298462
endloop
endfacet
facet normal 0.15671252888087653 0.23453696922921427 0.9593923041991399
outer loop
vertex -100.6927719116211 56.117034912109375 -1.1284202337265015
vertex -100.29623413085938 55.99058532714844 -1.162280559539795
vertex -100.64783477783203 56.22551727294922 -1.162280559539795
endloop
endfacet
facet normal 0.13873042937483693 0.20762340470919965 0.968321428959637
outer loop
vertex -100.44174194335938 55.949302673339844 -1.1284202337265015
vertex -100.73810577392578 56.0075798034668 -1.0984560251235962
vertex -100.65005493164062 55.94874572753906 -1.0984560251235962
endloop
endfacet
facet normal 0.13873092386079816 0.20762627190319954 0.9683207433388528
outer loop
vertex -100.73810577392578 56.0075798034668 -1.0984560251235962
vertex -100.44174194335938 55.949302673339844 -1.1284202337265015
vertex -100.6927719116211 56.117034912109375 -1.1284202337265015
endloop
endfacet
facet normal 0.055031650075630545 0.27665654505687004 0.9593918248386055
outer loop
vertex -101.06256866455078 56.19059371948242 -1.1284202337265015
vertex -100.6927719116211 56.117034912109375 -1.1284202337265015
vertex -100.64783477783203 56.22551727294922 -1.162280559539795
endloop
endfacet
facet normal 0.23454030478254798 0.15671088488881582 0.9593917573076567
outer loop
vertex -100.26895904541016 55.949764251708984 -1.162280559539795
vertex -100.29623413085938 55.99058532714844 -1.162280559539795
vertex -100.33724212646484 55.949581146240234 -1.1455576419830322
endloop
endfacet
facet normal 0.15670978654706322 0.2345479543240446 0.9593900666166916
outer loop
vertex -100.33724212646484 55.949581146240234 -1.1455576419830322
vertex -100.29623413085938 55.99058532714844 -1.162280559539795
vertex -100.44174194335938 55.949302673339844 -1.1284202337265015
endloop
endfacet
facet normal 0.12057589223761742 0.18045339717491313 0.9761649582212709
outer loop
vertex -100.76586151123047 55.9405632019043 -1.0826389789581299
vertex -100.65005493164062 55.94874572753906 -1.0984560251235962
vertex -100.73810577392578 56.0075798034668 -1.0984560251235962
endloop
endfacet
facet normal 0.04671705462856449 -0.06991232975252429 -0.9964586207943639
outer loop
vertex -100.96910095214844 54.998600006103516 -2.5919299125671387
vertex -100.8898696899414 55.051544189453125 -2.5919299125671387
vertex -100.80374908447266 54.96542739868164 -2.581850290298462
endloop
endfacet
facet normal -0.12548367698591223 -0.08384881773593156 -0.9885460143940603
outer loop
vertex -101.44525146484375 54.90037155151367 -2.5646896362304688
vertex -101.61923217773438 54.993675231933594 -2.5505189895629883
vertex -101.51288604736328 55.037723541259766 -2.5677545070648193
endloop
endfacet
facet normal -0.04671409857506256 -0.06991463762527557 -0.9964585974540265
outer loop
vertex -101.15603637695312 54.998600006103516 -2.5919299125671387
vertex -101.20264434814453 54.88608169555664 -2.581850290298462
vertex -101.23527526855469 55.051544189453125 -2.5919299125671387
endloop
endfacet
facet normal -0.04671463626782631 -0.06991474168353043 -0.9964585649457232
outer loop
vertex -101.20264434814453 54.88608169555664 -2.581850290298462
vertex -101.32139587402344 54.96542739868164 -2.581850290298462
vertex -101.23527526855469 55.051544189453125 -2.5919299125671387
endloop
endfacet
facet normal -0.016405250306757085 -0.08247054637180183 -0.9964584671442704
outer loop
vertex -101.06256866455078 54.98000717163086 -2.5919299125671387
vertex -101.06256866455078 54.858219146728516 -2.581850290298462
vertex -101.15603637695312 54.998600006103516 -2.5919299125671387
endloop
endfacet
facet normal -0.016404124065382428 -0.0824698022564133 -0.9964585472710018
outer loop
vertex -101.06256866455078 54.858219146728516 -2.581850290298462
vertex -101.20264434814453 54.88608169555664 -2.581850290298462
vertex -101.15603637695312 54.998600006103516 -2.5919299125671387
endloop
endfacet
facet normal -0.15671479664536014 0.23454036317998966 0.9593911040612175
outer loop
vertex -101.82891082763672 55.99058532714844 -1.162280559539795
vertex -101.74588012695312 55.90755844116211 -1.1284202337265015
vertex -101.47731018066406 56.22551727294922 -1.162280559539795
endloop
endfacet
facet normal 0.035913614795427824 0.1805501858849181 0.9829098853146442
outer loop
vertex -101.06256866455078 55.83252716064453 -1.0503424406051636
vertex -100.84516906738281 55.90947723388672 -1.0724207162857056
vertex -101.06256866455078 55.952720642089844 -1.0724207162857056
endloop
endfacet
facet normal -0.18054779332160054 0.035912406077296975 -0.9829103689637422
outer loop
vertex -101.62454223632812 55.457027435302734 -2.5496575832366943
vertex -101.7910385131836 55.22425079345703 -2.5275793075561523
vertex -101.73558807373047 55.50302505493164 -2.5275793075561523
endloop
endfacet
facet normal -0.06532179739116499 -0.09776134717137602 -0.9930638357048479
outer loop
vertex -101.40013885498047 54.88668441772461 -2.5689189434051514
vertex -101.32139587402344 54.96542739868164 -2.581850290298462
vertex -101.25765991210938 54.84346389770508 -2.574036121368408
endloop
endfacet
facet normal -0.1805501892592389 -0.03591309507241839 -0.982909903684347
outer loop
vertex -101.67084503173828 55.22425079345703 -2.5496575832366943
vertex -101.7697525024414 55.11723709106445 -2.5275793075561523
vertex -101.7910385131836 55.22425079345703 -2.5275793075561523
endloop
endfacet
facet normal -0.06531494132866558 -0.09775781548226324 -0.9930646343271765
outer loop
vertex -101.32139587402344 54.96542739868164 -2.581850290298462
vertex -101.22176361083984 54.83993148803711 -2.576049327850342
vertex -101.25765991210938 54.84346389770508 -2.574036121368408
endloop
endfacet
facet normal -0.09776195244044104 -0.06532118890977108 -0.9930638161439813
outer loop
vertex -101.40013885498047 54.88668441772461 -2.5689189434051514
vertex -101.40074157714844 55.08417892456055 -2.581850290298462
vertex -101.32139587402344 54.96542739868164 -2.581850290298462
endloop
endfacet
facet normal -0.09603868188860433 -0.0694478880498434 -0.9929519436642017
outer loop
vertex -101.40074157714844 55.08417892456055 -2.581850290298462
vertex -101.44525146484375 54.90037155151367 -2.5646896362304688
vertex -101.51288604736328 55.037723541259766 -2.5677545070648193
endloop
endfacet
facet normal -0.11275179175036841 -0.06526307267855509 -0.991477566464131
outer loop
vertex -101.40074157714844 55.08417892456055 -2.581850290298462
vertex -101.40013885498047 54.88668441772461 -2.5689189434051514
vertex -101.44525146484375 54.90037155151367 -2.5646896362304688
endloop
endfacet
facet normal -0.13872365633564365 0.2076168661753781 0.9683238012423249
outer loop
vertex -101.74588012695312 55.90755844116211 -1.1284202337265015
vertex -101.66210174560547 55.82378387451172 -1.0984560251235962
vertex -101.432373046875 56.117034912109375 -1.1284202337265015
endloop
endfacet
facet normal 0.195094486614972 0.9807844520038236 0
outer loop
vertex -100.60334777832031 56.33290481567383 -2.4000000953674316
vertex -101.06256866455078 56.424251556396484 -2.4000000953674316
vertex -101.06256866455078 56.424251556396484 -1.2000000476837158
endloop
endfacet
facet normal -0.13873426018298193 0.20762484308657136 0.9683205717037913
outer loop
vertex -101.432373046875 56.117034912109375 -1.1284202337265015
vertex -101.66210174560547 55.82378387451172 -1.0984560251235962
vertex -101.38703918457031 56.0075798034668 -1.0984560251235962
endloop
endfacet
facet normal -0.022939575349944046 -0.11531613342290768 -0.9930639280807426
outer loop
vertex -101.06256866455078 54.858219146728516 -2.581850290298462
vertex -101.06256866455078 54.824249267578125 -2.5779056549072266
vertex -101.22176361083984 54.83993148803711 -2.576049327850342
endloop
endfacet
facet normal -0.022938839647332124 -0.11532231542306073 -0.9930632271920545
outer loop
vertex -101.22176361083984 54.83993148803711 -2.576049327850342
vertex -101.20264434814453 54.88608169555664 -2.581850290298462
vertex -101.06256866455078 54.858219146728516 -2.581850290298462
endloop
endfacet
facet normal -0.1567112648802115 0.2345375155776465 0.9593923771045451
outer loop
vertex -101.47731018066406 56.22551727294922 -1.162280559539795
vertex -101.74588012695312 55.90755844116211 -1.1284202337265015
vertex -101.432373046875 56.117034912109375 -1.1284202337265015
endloop
endfacet
facet normal -0.15671733008859953 0.23454415474728377 -0.9593897632994544
outer loop
vertex 100.36991119384766 56.135780334472656 -2.4715797901153564
vertex 99.97338104248047 56.00933074951172 -2.4377195835113525
vertex 100.32498168945312 56.2442626953125 -2.4377195835113525
endloop
endfacet
facet normal -0.013999068189500396 -0.009354265734015661 -0.9998582518549333
outer loop
vertex 100.73971557617188 55.24299621582031 -2.5999999046325684
vertex 100.6533203125 55.156593322753906 -2.5979819297790527
vertex 100.6268310546875 55.19623565673828 -2.5979819297790527
endloop
endfacet
facet normal 0.013998327411564761 -0.009353770741522873 -0.999858266857155
outer loop
vertex 100.85260772705078 55.19623565673828 -2.5979819297790527
vertex 100.82611846923828 55.156593322753906 -2.5979819297790527
vertex 100.73971557617188 55.24299621582031 -2.5999999046325684
endloop
endfacet
facet normal -0.016513425356103235 -0.0032843637639239425 -0.999858249822281
outer loop
vertex 100.73971557617188 55.24299621582031 -2.5999999046325684
vertex 100.6268310546875 55.19623565673828 -2.5979819297790527
vertex 100.6175308227539 55.24299621582031 -2.5979819297790527
endloop
endfacet
facet normal -0.04198011749910103 -0.02805137951441085 -0.9987245815749707
outer loop
vertex 100.6533203125 55.156593322753906 -2.5979819297790527
vertex 100.56700897216797 55.070289611816406 -2.5919299125671387
vertex 100.6268310546875 55.19623565673828 -2.5979819297790527
endloop
endfacet
facet normal -0.04952107853102388 0.0098500766467028 -0.9987245059430445
outer loop
vertex 100.6268310546875 55.28975296020508 -2.5979819297790527
vertex 100.6175308227539 55.24299621582031 -2.5979819297790527
vertex 100.49547576904297 55.24299621582031 -2.5919299125671387
endloop
endfacet
facet normal -0.08247054637180183 0.016405250306757085 -0.9964584671442704
outer loop
vertex 100.49547576904297 55.24299621582031 -2.5919299125671387
vertex 100.37368774414062 55.24299621582031 -2.581850290298462
vertex 100.51406860351562 55.336463928222656 -2.5919299125671387
endloop
endfacet
facet normal -0.04952137692747493 0.009850917930965342 -0.9987244828495616
outer loop
vertex 100.6268310546875 55.28975296020508 -2.5979819297790527
vertex 100.49547576904297 55.24299621582031 -2.5919299125671387
vertex 100.51406860351562 55.336463928222656 -2.5919299125671387
endloop
endfacet
facet normal -0.08247014208805943 0.01640463841093674 -0.9964585106779819
outer loop
vertex 100.51406860351562 55.336463928222656 -2.5919299125671387
vertex 100.37368774414062 55.24299621582031 -2.581850290298462
vertex 100.40155029296875 55.3830680847168 -2.581850290298462
endloop
endfacet
facet normal -0.04198170767729388 0.028049787643612947 -0.9987245594425154
outer loop
vertex 100.51406860351562 55.336463928222656 -2.5919299125671387
vertex 100.56700897216797 55.41569900512695 -2.5919299125671387
vertex 100.6533203125 55.32939529418945 -2.5979819297790527
endloop
endfacet
facet normal -0.06991623275997724 0.046714047385439515 -0.9964584879329009
outer loop
vertex 100.56700897216797 55.41569900512695 -2.5919299125671387
vertex 100.51406860351562 55.336463928222656 -2.5919299125671387
vertex 100.40155029296875 55.3830680847168 -2.581850290298462
endloop
endfacet
facet normal -0.06991691867478575 0.04671759158455278 -0.9964582736470015
outer loop
vertex 100.56700897216797 55.41569900512695 -2.5919299125671387
vertex 100.40155029296875 55.3830680847168 -2.581850290298462
vertex 100.48089599609375 55.50181579589844 -2.581850290298462
endloop
endfacet
facet normal -0.04671802121394084 0.0699154709406325 -0.9964583550841467
outer loop
vertex 100.64624786376953 55.46864700317383 -2.5919299125671387
vertex 100.56700897216797 55.41569900512695 -2.5919299125671387
vertex 100.48089599609375 55.50181579589844 -2.581850290298462
endloop
endfacet
facet normal -0.016513425341569635 0.003284631719241802 -0.9998582489422975
outer loop
vertex 100.6175308227539 55.24299621582031 -2.5979819297790527
vertex 100.6268310546875 55.28975296020508 -2.5979819297790527
vertex 100.73971557617188 55.24299621582031 -2.5999999046325684
endloop
endfacet
facet normal -0.01399931570321772 0.00935443112424402 -0.9998582468421129
outer loop
vertex 100.6268310546875 55.28975296020508 -2.5979819297790527
vertex 100.6533203125 55.32939529418945 -2.5979819297790527
vertex 100.73971557617188 55.24299621582031 -2.5999999046325684
endloop
endfacet
facet normal 0.013998574899091273 0.009353936114250366 -0.9998582618451303
outer loop
vertex 100.85260772705078 55.28975296020508 -2.5979819297790527
vertex 100.73971557617188 55.24299621582031 -2.5999999046325684
vertex 100.82611846923828 55.32939529418945 -2.5979819297790527
endloop
endfacet
facet normal -0.00935462072408161 0.013998921118134514 -0.9998582505928713
outer loop
vertex 100.6533203125 55.32939529418945 -2.5979819297790527
vertex 100.69295501708984 55.35588073730469 -2.5979819297790527
vertex 100.73971557617188 55.24299621582031 -2.5999999046325684
endloop
endfacet
facet normal 0.00935321067087779 0.013999505299115944 -0.9998582556050264
outer loop
vertex 100.82611846923828 55.32939529418945 -2.5979819297790527
vertex 100.73971557617188 55.24299621582031 -2.5999999046325684
vertex 100.7864761352539 55.35588073730469 -2.5979819297790527
endloop
endfacet
facet normal -0.0032843637639239425 0.016513425356103235 -0.999858249822281
outer loop
vertex 100.69295501708984 55.35588073730469 -2.5979819297790527
vertex 100.73971557617188 55.36518096923828 -2.5979819297790527
vertex 100.73971557617188 55.24299621582031 -2.5999999046325684
endloop
endfacet
facet normal 0.0032843637639239425 0.016513425356103235 -0.999858249822281
outer loop
vertex 100.7864761352539 55.35588073730469 -2.5979819297790527
vertex 100.73971557617188 55.24299621582031 -2.5999999046325684
vertex 100.73971557617188 55.36518096923828 -2.5979819297790527
endloop
endfacet
facet normal -0.04198157456063251 0.028052353132123956 -0.9987244929815032
outer loop
vertex 100.6533203125 55.32939529418945 -2.5979819297790527
vertex 100.6268310546875 55.28975296020508 -2.5979819297790527
vertex 100.51406860351562 55.336463928222656 -2.5919299125671387
endloop
endfacet
facet normal -0.028052686538469835 0.04198003933957966 -0.9987245481487984
outer loop
vertex 100.69295501708984 55.35588073730469 -2.5979819297790527
vertex 100.6533203125 55.32939529418945 -2.5979819297790527
vertex 100.56700897216797 55.41569900512695 -2.5919299125671387
endloop
endfacet
facet normal 0.02804894394562463 0.041982518433376234 -0.9987245490572094
outer loop
vertex 100.82611846923828 55.32939529418945 -2.5979819297790527
vertex 100.7864761352539 55.35588073730469 -2.5979819297790527
vertex 100.83318328857422 55.46864700317383 -2.5919299125671387
endloop
endfacet
facet normal -0.009849206984069062 0.049520746189794324 -0.9987245309987088
outer loop
vertex 100.73971557617188 55.36518096923828 -2.5979819297790527
vertex 100.69295501708984 55.35588073730469 -2.5979819297790527
vertex 100.64624786376953 55.46864700317383 -2.5919299125671387
endloop
endfacet
facet normal 0.00984927316154456 0.04952107892297507 -0.9987245138477846
outer loop
vertex 100.7864761352539 55.35588073730469 -2.5979819297790527
vertex 100.73971557617188 55.36518096923828 -2.5979819297790527
vertex 100.73971557617188 55.48723602294922 -2.5919299125671387
endloop
endfacet
facet normal -0.028052136390438402 0.041981194315719485 -0.998724515052954
outer loop
vertex 100.64624786376953 55.46864700317383 -2.5919299125671387
vertex 100.69295501708984 55.35588073730469 -2.5979819297790527
vertex 100.56700897216797 55.41569900512695 -2.5919299125671387
endloop
endfacet
facet normal -0.009848837589870098 0.0495210791354396 -0.998724518132698
outer loop
vertex 100.73971557617188 55.48723602294922 -2.5919299125671387
vertex 100.73971557617188 55.36518096923828 -2.5979819297790527
vertex 100.64624786376953 55.46864700317383 -2.5919299125671387
endloop
endfacet
facet normal 0.009848804483578888 0.04952091267323002 -0.9987245267130744
outer loop
vertex 100.83318328857422 55.46864700317383 -2.5919299125671387
vertex 100.7864761352539 55.35588073730469 -2.5979819297790527
vertex 100.73971557617188 55.48723602294922 -2.5919299125671387
endloop
endfacet
facet normal -0.09603526073507528 -0.06944621340947355 -0.9929523916777842
outer loop
vertex 100.40155029296875 55.10292053222656 -2.581850290298462
vertex 100.3570327758789 54.91911697387695 -2.5646896362304688
vertex 100.28939819335938 55.05646896362305 -2.5677545070648193
endloop
endfacet
facet normal -0.14802841873403916 -0.029444023163123806 -0.988544706498937
outer loop
vertex 100.18305969238281 55.012420654296875 -2.5505189895629883
vertex 100.2522964477539 55.24299621582031 -2.5677545070648193
vertex 100.28939819335938 55.05646896362305 -2.5677545070648193
endloop
endfacet
facet normal -0.11531272187792307 -0.02293693138878949 -0.993064385300153
outer loop
vertex 100.40155029296875 55.10292053222656 -2.581850290298462
vertex 100.28939819335938 55.05646896362305 -2.5677545070648193
vertex 100.37368774414062 55.24299621582031 -2.581850290298462
endloop
endfacet
facet normal -0.11531320620730602 -0.02293670866458593 -0.9930643342049029
outer loop
vertex 100.37368774414062 55.24299621582031 -2.581850290298462
vertex 100.28939819335938 55.05646896362305 -2.5677545070648193
vertex 100.2522964477539 55.24299621582031 -2.5677545070648193
endloop
endfacet
facet normal -0.17984140313938174 -0.03658984878363473 -0.9830148791767341
outer loop
vertex 100.03253173828125 55.135982513427734 -2.5275793075561523
vertex 100.13143920898438 55.24299621582031 -2.5496575832366943
vertex 100.18305969238281 55.012420654296875 -2.5505189895629883
endloop
endfacet
facet normal -0.1805501892592389 -0.03591309507241839 -0.982909903684347
outer loop
vertex 100.03253173828125 55.135982513427734 -2.5275793075561523
vertex 100.01124572753906 55.24299621582031 -2.5275793075561523
vertex 100.13143920898438 55.24299621582031 -2.5496575832366943
endloop
endfacet
facet normal -0.14802284583435654 -0.029445755103978496 -0.9885454894022099
outer loop
vertex 100.2522964477539 55.24299621582031 -2.5677545070648193
vertex 100.18305969238281 55.012420654296875 -2.5505189895629883
vertex 100.13143920898438 55.24299621582031 -2.5496575832366943
endloop
endfacet
facet normal -0.11531320371118815 0.02293765189429228 -0.9930643127086173
outer loop
vertex 100.37368774414062 55.24299621582031 -2.581850290298462
vertex 100.2522964477539 55.24299621582031 -2.5677545070648193
vertex 100.40155029296875 55.3830680847168 -2.581850290298462
endloop
endfacet
facet normal -0.11531213231643607 0.022936495059199077 -0.9930644638365811
outer loop
vertex 100.40155029296875 55.3830680847168 -2.581850290298462
vertex 100.2522964477539 55.24299621582031 -2.5677545070648193
vertex 100.28939819335938 55.42952346801758 -2.5677545070648193
endloop
endfacet
facet normal -0.14802285821420585 0.02944291713175381 -0.9885455720789355
outer loop
vertex 100.2522964477539 55.24299621582031 -2.5677545070648193
vertex 100.13143920898438 55.24299621582031 -2.5496575832366943
vertex 100.28939819335938 55.42952346801758 -2.5677545070648193
endloop
endfacet
facet normal -0.18055018232853356 0.03591416255229741 -0.9829098659537916
outer loop
vertex 100.17774200439453 55.475772857666016 -2.5496575832366943
vertex 100.13143920898438 55.24299621582031 -2.5496575832366943
vertex 100.01124572753906 55.24299621582031 -2.5275793075561523
endloop
endfacet
facet normal -0.18054870961111574 0.03591307976281752 -0.9829101760383349
outer loop
vertex 100.17774200439453 55.475772857666016 -2.5496575832366943
vertex 100.01124572753906 55.24299621582031 -2.5275793075561523
vertex 100.06669616699219 55.521766662597656 -2.5275793075561523
endloop
endfacet
facet normal -0.14802446524355536 0.02944430538873953 -0.9885452900952663
outer loop
vertex 100.28939819335938 55.42952346801758 -2.5677545070648193
vertex 100.13143920898438 55.24299621582031 -2.5496575832366943
vertex 100.17774200439453 55.475772857666016 -2.5496575832366943
endloop
endfacet
facet normal -0.09775633099428448 0.06531953113434794 -0.9930644785727283
outer loop
vertex 100.48089599609375 55.50181579589844 -2.581850290298462
vertex 100.40155029296875 55.3830680847168 -2.581850290298462
vertex 100.28939819335938 55.42952346801758 -2.5677545070648193
endloop
endfacet
facet normal 0.0467144649494369 -0.06991448528249859 -0.9964585909671164
outer loop
vertex 100.99854278564453 54.98417282104492 -2.581850290298462
vertex 100.87979125976562 54.90482711791992 -2.581850290298462
vertex 100.83318328857422 55.0173454284668 -2.5919299125671387
endloop
endfacet
facet normal 0.022936590683948467 -0.11531384564385945 -0.9930642626792192
outer loop
vertex 100.87979125976562 54.90482711791992 -2.581850290298462
vertex 100.89891052246094 54.858673095703125 -2.576049327850342
vertex 100.73971557617188 54.842994689941406 -2.5779056549072266
endloop
endfacet
facet normal 0.0653258106020009 -0.09776341445135732 -0.993063368201649
outer loop
vertex 100.93480682373047 54.86220932006836 -2.574036121368408
vertex 100.89891052246094 54.858673095703125 -2.576049327850342
vertex 100.99854278564453 54.98417282104492 -2.581850290298462
endloop
endfacet
facet normal 0.06531812075030478 -0.09775736052677826 -0.9930644699940111
outer loop
vertex 100.89891052246094 54.858673095703125 -2.576049327850342
vertex 100.87979125976562 54.90482711791992 -2.581850290298462
vertex 100.99854278564453 54.98417282104492 -2.581850290298462
endloop
endfacet
facet normal 0.06532179739116499 -0.09776134717137602 -0.9930638357048479
outer loop
vertex 100.99854278564453 54.98417282104492 -2.581850290298462
vertex 101.07728576660156 54.90542984008789 -2.5689189434051514
vertex 100.93480682373047 54.86220932006836 -2.574036121368408
endloop
endfacet
facet normal 0.10933413550916835 -0.053665499289906785 -0.99255531886058
outer loop
vertex 101.12239837646484 54.91911697387695 -2.5646896362304688
vertex 101.07728576660156 54.90542984008789 -2.5689189434051514
vertex 100.99854278564453 54.98417282104492 -2.581850290298462
endloop
endfacet
facet normal 0.10000601181685344 -0.07138965727184393 -0.9924224475671115
outer loop
vertex 100.99854278564453 54.98417282104492 -2.581850290298462
vertex 101.19003295898438 55.05646896362305 -2.5677545070648193
vertex 101.12239837646484 54.91911697387695 -2.5646896362304688
endloop
endfacet
facet normal 0.12548367698591223 -0.08384881773593156 -0.9885460143940603
outer loop
vertex 101.19003295898438 55.05646896362305 -2.5677545070648193
vertex 101.29637908935547 55.012420654296875 -2.5505189895629883
vertex 101.12239837646484 54.91911697387695 -2.5646896362304688
endloop
endfacet
facet normal 0.04671435532073022 -0.06991502188358009 -0.9964585584568918
outer loop
vertex 100.83318328857422 55.0173454284668 -2.5919299125671387
vertex 100.91242218017578 55.070289611816406 -2.5919299125671387
vertex 100.99854278564453 54.98417282104492 -2.581850290298462
endloop
endfacet
facet normal 0.06991323189944175 -0.046715128128381515 -0.99645864781702
outer loop
vertex 100.99854278564453 54.98417282104492 -2.581850290298462
vertex 100.91242218017578 55.070289611816406 -2.5919299125671387
vertex 101.07788848876953 55.10292053222656 -2.581850290298462
endloop
endfacet
facet normal 0.02805129524324022 -0.041982960212737654 -0.9987244644480039
outer loop
vertex 100.91242218017578 55.070289611816406 -2.5919299125671387
vertex 100.83318328857422 55.0173454284668 -2.5919299125671387
vertex 100.7864761352539 55.13010787963867 -2.5979819297790527
endloop
endfacet
facet normal 0.06991354239022951 -0.04671673254267213 -0.9964585508143257
outer loop
vertex 101.07788848876953 55.10292053222656 -2.581850290298462
vertex 100.91242218017578 55.070289611816406 -2.5919299125671387
vertex 100.96537017822266 55.14952850341797 -2.5919299125671387
endloop
endfacet
facet normal 0.028050439453791296 -0.04198475684917171 -0.998724412958232
outer loop
vertex 100.7864761352539 55.13010787963867 -2.5979819297790527
vertex 100.82611846923828 55.156593322753906 -2.5979819297790527
vertex 100.91242218017578 55.070289611816406 -2.5919299125671387
endloop
endfacet
facet normal 0.04198231406971064 -0.02805288461811976 -0.9987244469672076
outer loop
vertex 100.96537017822266 55.14952850341797 -2.5919299125671387
vertex 100.91242218017578 55.070289611816406 -2.5919299125671387
vertex 100.82611846923828 55.156593322753906 -2.5979819297790527
endloop
endfacet
facet normal 0.01651239459033374 -0.0032841587543835584 -0.9998582675190366
outer loop
vertex 100.85260772705078 55.19623565673828 -2.5979819297790527
vertex 100.73971557617188 55.24299621582031 -2.5999999046325684
vertex 100.86190795898438 55.24299621582031 -2.5979819297790527
endloop
endfacet
facet normal 0.041982315941380965 -0.028052848527420078 -0.998724447902271
outer loop
vertex 100.96537017822266 55.14952850341797 -2.5919299125671387
vertex 100.82611846923828 55.156593322753906 -2.5979819297790527
vertex 100.85260772705078 55.19623565673828 -2.5979819297790527
endloop
endfacet
facet normal 0.049521684025994064 -0.009850979019781858 -0.9987244670195988
outer loop
vertex 100.96537017822266 55.14952850341797 -2.5919299125671387
vertex 100.85260772705078 55.19623565673828 -2.5979819297790527
vertex 100.98396301269531 55.24299621582031 -2.5919299125671387
endloop
endfacet
facet normal 0.08247054637180183 -0.016405250306757085 -0.9964584671442704
outer loop
vertex 101.10575103759766 55.24299621582031 -2.581850290298462
vertex 100.96537017822266 55.14952850341797 -2.5919299125671387
vertex 100.98396301269531 55.24299621582031 -2.5919299125671387
endloop
endfacet
facet normal 0.04952107892297507 -0.00984927316154456 -0.9987245138477846
outer loop
vertex 100.98396301269531 55.24299621582031 -2.5919299125671387
vertex 100.85260772705078 55.19623565673828 -2.5979819297790527
vertex 100.86190795898438 55.24299621582031 -2.5979819297790527
endloop
endfacet
facet normal 0.0824698022564133 -0.016404124065382428 -0.9964585472710018
outer loop
vertex 101.07788848876953 55.10292053222656 -2.581850290298462
vertex 100.96537017822266 55.14952850341797 -2.5919299125671387
vertex 101.10575103759766 55.24299621582031 -2.581850290298462
endloop
endfacet
facet normal 0.01651239457580286 0.0032844266929760437 -0.9998582666391629
outer loop
vertex 100.86190795898438 55.24299621582031 -2.5979819297790527
vertex 100.73971557617188 55.24299621582031 -2.5999999046325684
vertex 100.85260772705078 55.28975296020508 -2.5979819297790527
endloop
endfacet
facet normal 0.04952107814959563 0.00985085849731161 -0.9987244982505273
outer loop
vertex 100.98396301269531 55.24299621582031 -2.5919299125671387
vertex 100.86190795898438 55.24299621582031 -2.5979819297790527
vertex 100.96537017822266 55.336463928222656 -2.5919299125671387
endloop
endfacet
facet normal 0.04952167579787846 0.009850195447110034 -0.9987244751560981
outer loop
vertex 100.96537017822266 55.336463928222656 -2.5919299125671387
vertex 100.86190795898438 55.24299621582031 -2.5979819297790527
vertex 100.85260772705078 55.28975296020508 -2.5979819297790527
endloop
endfacet
facet normal 0.08246993943110802 0.016405129572574503 -0.9964585193644222
outer loop
vertex 101.07788848876953 55.3830680847168 -2.581850290298462
vertex 100.98396301269531 55.24299621582031 -2.5919299125671387
vertex 100.96537017822266 55.336463928222656 -2.5919299125671387
endloop
endfacet
facet normal 0.041982336440759375 0.028052862225234135 -0.9987244466558066
outer loop
vertex 100.85260772705078 55.28975296020508 -2.5979819297790527
vertex 100.82611846923828 55.32939529418945 -2.5979819297790527
vertex 100.91242218017578 55.41569900512695 -2.5919299125671387
endloop
endfacet
facet normal 0.0419811237925739 0.02805343980746838 -0.9987244814061991
outer loop
vertex 100.96537017822266 55.336463928222656 -2.5919299125671387
vertex 100.85260772705078 55.28975296020508 -2.5979819297790527
vertex 100.91242218017578 55.41569900512695 -2.5919299125671387
endloop
endfacet
facet normal 0.02805288461811976 0.04198231406971064 -0.9987244469672076
outer loop
vertex 100.91242218017578 55.41569900512695 -2.5919299125671387
vertex 100.82611846923828 55.32939529418945 -2.5979819297790527
vertex 100.83318328857422 55.46864700317383 -2.5919299125671387
endloop
endfacet
facet normal 0.06991104992485386 0.04671731611174097 -0.9964586983280945
outer loop
vertex 100.96537017822266 55.336463928222656 -2.5919299125671387
vertex 100.91242218017578 55.41569900512695 -2.5919299125671387
vertex 100.99854278564453 55.50181579589844 -2.581850290298462
endloop
endfacet
facet normal 0.0699152286720707 0.046716462346335266 -0.9964584451674718
outer loop
vertex 101.07788848876953 55.3830680847168 -2.581850290298462
vertex 100.96537017822266 55.336463928222656 -2.5919299125671387
vertex 100.99854278564453 55.50181579589844 -2.581850290298462
endloop
endfacet
facet normal 0.08247054709085234 0.016404718972509752 -0.9964584758322689
outer loop
vertex 101.10575103759766 55.24299621582031 -2.581850290298462
vertex 100.98396301269531 55.24299621582031 -2.5919299125671387
vertex 101.07788848876953 55.3830680847168 -2.581850290298462
endloop
endfacet
facet normal 0.09776318405580538 -0.06532411026248039 -0.9930635027336803
outer loop
vertex 101.19003295898438 55.05646896362305 -2.5677545070648193
vertex 100.99854278564453 54.98417282104492 -2.581850290298462
vertex 101.07788848876953 55.10292053222656 -2.581850290298462
endloop
endfacet
facet normal 0.1153199907274991 -0.022938058159307446 -0.9930635152025724
outer loop
vertex 101.19003295898438 55.05646896362305 -2.5677545070648193
vertex 101.07788848876953 55.10292053222656 -2.581850290298462
vertex 101.22713470458984 55.24299621582031 -2.5677545070648193
endloop
endfacet
facet normal 0.11532035300984288 -0.022938449302393582 -0.9930634640974799
outer loop
vertex 101.22713470458984 55.24299621582031 -2.5677545070648193
vertex 101.07788848876953 55.10292053222656 -2.581850290298462
vertex 101.10575103759766 55.24299621582031 -2.581850290298462
endloop
endfacet
facet normal 0.14802285821420585 -0.02944291713175381 -0.9885455720789355
outer loop
vertex 101.34799194335938 55.24299621582031 -2.5496575832366943
vertex 101.19003295898438 55.05646896362305 -2.5677545070648193
vertex 101.22713470458984 55.24299621582031 -2.5677545070648193
endloop
endfacet
facet normal 0.11532035385389579 0.022938130388019517 -0.9930634713659116
outer loop
vertex 101.22713470458984 55.24299621582031 -2.5677545070648193
vertex 101.10575103759766 55.24299621582031 -2.581850290298462
vertex 101.19003295898438 55.42952346801758 -2.5677545070648193
endloop
endfacet
facet normal 0.11531892113477075 0.02293878918185042 -0.9930636225233422
outer loop
vertex 101.19003295898438 55.42952346801758 -2.5677545070648193
vertex 101.10575103759766 55.24299621582031 -2.581850290298462
vertex 101.07788848876953 55.3830680847168 -2.581850290298462
endloop
endfacet
facet normal 0.09776174858925142 0.06532229060442153 -0.9930637637447878
outer loop
vertex 101.19003295898438 55.42952346801758 -2.5677545070648193
vertex 101.07788848876953 55.3830680847168 -2.581850290298462
vertex 101.0843734741211 55.58765411376953 -2.5677545070648193
endloop
endfacet
facet normal 0.14802486952369848 0.029443317197118256 -0.9885452589916771
outer loop
vertex 101.30168914794922 55.475772857666016 -2.5496575832366943
vertex 101.22713470458984 55.24299621582031 -2.5677545070648193
vertex 101.19003295898438 55.42952346801758 -2.5677545070648193
endloop
endfacet
facet normal 0.14801964031286718 -0.029440137299616954 -0.9885461367065419
outer loop
vertex 101.34799194335938 55.24299621582031 -2.5496575832366943
vertex 101.29637908935547 55.012420654296875 -2.5505189895629883
vertex 101.19003295898438 55.05646896362305 -2.5677545070648193
endloop
endfacet
facet normal 0.17908175760039494 -0.035621010494785006 -0.9831891311981046
outer loop
vertex 101.46818542480469 55.24299621582031 -2.5275793075561523
vertex 101.4468994140625 55.135982513427734 -2.5275793075561523
vertex 101.29637908935547 55.012420654296875 -2.5505189895629883
endloop
endfacet
facet normal 0.1805447464775358 -0.03674183985370211 -0.9828802733413299
outer loop
vertex 101.46818542480469 55.24299621582031 -2.5275793075561523
vertex 101.29637908935547 55.012420654296875 -2.5505189895629883
vertex 101.34799194335938 55.24299621582031 -2.5496575832366943
endloop
endfacet
facet normal 0.14802285355694642 0.029443984799892093 -0.9885455409762175
outer loop
vertex 101.34799194335938 55.24299621582031 -2.5496575832366943
vertex 101.22713470458984 55.24299621582031 -2.5677545070648193
vertex 101.30168914794922 55.475772857666016 -2.5496575832366943
endloop
endfacet
facet normal 0.18055018745010956 0.035913373720884434 -0.9829098938355002
outer loop
vertex 101.46818542480469 55.24299621582031 -2.5275793075561523
vertex 101.34799194335938 55.24299621582031 -2.5496575832366943
vertex 101.41273498535156 55.521766662597656 -2.5275793075561523
endloop
endfacet
facet normal 0.18054841248967154 0.03591381050457438 -0.9829102039161568
outer loop
vertex 101.41273498535156 55.521766662597656 -2.5275793075561523
vertex 101.34799194335938 55.24299621582031 -2.5496575832366943
vertex 101.30168914794922 55.475772857666016 -2.5496575832366943
endloop
endfacet
facet normal -0.04671804551889434 0.06991535196692995 -0.9964583622922912
outer loop
vertex 100.59963989257812 55.58116149902344 -2.581850290298462
vertex 100.64624786376953 55.46864700317383 -2.5919299125671387
vertex 100.48089599609375 55.50181579589844 -2.581850290298462
endloop
endfacet
facet normal -0.016402427661419774 0.08247327776731117 -0.9964582875470142
outer loop
vertex 100.73971557617188 55.48723602294922 -2.5919299125671387
vertex 100.64624786376953 55.46864700317383 -2.5919299125671387
vertex 100.59963989257812 55.58116149902344 -2.581850290298462
endloop
endfacet
facet normal 0.016401885342357543 0.0824705509251887 -0.996458522161014
outer loop
vertex 100.83318328857422 55.46864700317383 -2.5919299125671387
vertex 100.73971557617188 55.48723602294922 -2.5919299125671387
vertex 100.73971557617188 55.60902404785156 -2.581850290298462
endloop
endfacet
facet normal 0.016404634260754527 0.08247236720357423 -0.9964583265860193
outer loop
vertex 100.87979125976562 55.58116149902344 -2.581850290298462
vertex 100.83318328857422 55.46864700317383 -2.5919299125671387
vertex 100.73971557617188 55.60902404785156 -2.581850290298462
endloop
endfacet
facet normal -0.01640427234112631 0.08247054769525712 -0.9964584831350488
outer loop
vertex 100.73971557617188 55.60902404785156 -2.581850290298462
vertex 100.73971557617188 55.48723602294922 -2.5919299125671387
vertex 100.59963989257812 55.58116149902344 -2.581850290298462
endloop
endfacet
facet normal -0.12548926635926982 0.08384921958890926 -0.9885452707908439
outer loop
vertex 100.28939819335938 55.42952346801758 -2.5677545070648193
vertex 100.17774200439453 55.475772857666016 -2.5496575832366943
vertex 100.39505767822266 55.58765411376953 -2.5677545070648193
endloop
endfacet
facet normal -0.125490114472947 0.08385090751912559 -0.9885450199549769
outer loop
vertex 100.39505767822266 55.58765411376953 -2.5677545070648193
vertex 100.17774200439453 55.475772857666016 -2.5496575832366943
vertex 100.30960083007812 55.67311096191406 -2.5496575832366943
endloop
endfacet
facet normal -0.15306257874358603 0.10227447945817392 -0.9829098523465533
outer loop
vertex 100.30960083007812 55.67311096191406 -2.5496575832366943
vertex 100.17774200439453 55.475772857666016 -2.5496575832366943
vertex 100.06669616699219 55.521766662597656 -2.5275793075561523
endloop
endfacet
facet normal -0.15306037236289688 0.10227083278455755 -0.9829105753697456
outer loop
vertex 100.30960083007812 55.67311096191406 -2.5496575832366943
vertex 100.06669616699219 55.521766662597656 -2.5275793075561523
vertex 100.224609375 55.75810241699219 -2.5275793075561523
endloop
endfacet
facet normal -0.10227095053927591 0.15306025612734542 -0.9829105812178566
outer loop
vertex 100.50694274902344 55.804969787597656 -2.5496575832366943
vertex 100.30960083007812 55.67311096191406 -2.5496575832366943
vertex 100.224609375 55.75810241699219 -2.5275793075561523
endloop
endfacet
facet normal -0.09775590808887875 0.06531838810811676 -0.9930645953857563
outer loop
vertex 100.48089599609375 55.50181579589844 -2.581850290298462
vertex 100.28939819335938 55.42952346801758 -2.5677545070648193
vertex 100.39505767822266 55.58765411376953 -2.5677545070648193
endloop
endfacet
facet normal -0.06532016553761688 0.0977541400411028 -0.9930646525171274
outer loop
vertex 100.59963989257812 55.58116149902344 -2.581850290298462
vertex 100.48089599609375 55.50181579589844 -2.581850290298462
vertex 100.39505767822266 55.58765411376953 -2.5677545070648193
endloop
endfacet
facet normal -0.06531979143739461 0.09776389624312223 -0.9930637167060025
outer loop
vertex 100.55319213867188 55.69330978393555 -2.5677545070648193
vertex 100.59963989257812 55.58116149902344 -2.581850290298462
vertex 100.39505767822266 55.58765411376953 -2.5677545070648193
endloop
endfacet
facet normal -0.08384719516541819 0.12549379457656953 -0.9885448676644201
outer loop
vertex 100.55319213867188 55.69330978393555 -2.5677545070648193
vertex 100.39505767822266 55.58765411376953 -2.5677545070648193
vertex 100.30960083007812 55.67311096191406 -2.5496575832366943
endloop
endfacet
facet normal -0.022937783632219474 0.11531700643142101 -0.9930638680919456
outer loop
vertex 100.73971557617188 55.60902404785156 -2.581850290298462
vertex 100.59963989257812 55.58116149902344 -2.581850290298462
vertex 100.55319213867188 55.69330978393555 -2.5677545070648193
endloop
endfacet
facet normal 0.022937027559214243 0.11531320536341005 -0.993064326937366
outer loop
vertex 100.87979125976562 55.58116149902344 -2.581850290298462
vertex 100.73971557617188 55.60902404785156 -2.581850290298462
vertex 100.73971557617188 55.73041534423828 -2.5677545070648193
endloop
endfacet
facet normal -0.022939534604727703 0.11531319872856644 -0.9930642697988407
outer loop
vertex 100.73971557617188 55.73041534423828 -2.5677545070648193
vertex 100.73971557617188 55.60902404785156 -2.581850290298462
vertex 100.55319213867188 55.69330978393555 -2.5677545070648193
endloop
endfacet
facet normal -0.02944576529205383 0.14801893078238554 -0.9885460753229485
outer loop
vertex 100.73971557617188 55.73041534423828 -2.5677545070648193
vertex 100.55319213867188 55.69330978393555 -2.5677545070648193
vertex 100.50694274902344 55.804969787597656 -2.5496575832366943
endloop
endfacet
facet normal 0.029445340076110983 0.1480228476448725 -0.9885455014934339
outer loop
vertex 100.9262466430664 55.69330978393555 -2.5677545070648193
vertex 100.73971557617188 55.73041534423828 -2.5677545070648193
vertex 100.73971557617188 55.85127258300781 -2.5496575832366943
endloop
endfacet
facet normal -0.08384663678464052 0.12548614864731306 -0.988545885630793
outer loop
vertex 100.55319213867188 55.69330978393555 -2.5677545070648193
vertex 100.30960083007812 55.67311096191406 -2.5496575832366943
vertex 100.50694274902344 55.804969787597656 -2.5496575832366943
endloop
endfacet
facet normal -0.10227173951359364 0.15306542697971207 -0.982909693898876
outer loop
vertex 100.50694274902344 55.804969787597656 -2.5496575832366943
vertex 100.224609375 55.75810241699219 -2.5275793075561523
vertex 100.46094512939453 55.916011810302734 -2.5275793075561523
endloop
endfacet
facet normal -0.03591523720170594 0.18055262597199673 -0.9829093778122995
outer loop
vertex 100.73971557617188 55.85127258300781 -2.5496575832366943
vertex 100.50694274902344 55.804969787597656 -2.5496575832366943
vertex 100.46094512939453 55.916011810302734 -2.5275793075561523
endloop
endfacet
facet normal -0.02944446691162205 0.14802285145387853 -0.9885455269312352
outer loop
vertex 100.73971557617188 55.85127258300781 -2.5496575832366943
vertex 100.73971557617188 55.73041534423828 -2.5677545070648193
vertex 100.50694274902344 55.804969787597656 -2.5496575832366943
endloop
endfacet
facet normal 0.0359135747668982 0.18055018614480656 -0.9829098867294692
outer loop
vertex 100.97249603271484 55.804969787597656 -2.5496575832366943
vertex 100.73971557617188 55.85127258300781 -2.5496575832366943
vertex 100.73971557617188 55.971466064453125 -2.5275793075561523
endloop
endfacet
facet normal -0.03591584118435033 0.18055017142945265 -0.9829098066195168
outer loop
vertex 100.73971557617188 55.971466064453125 -2.5275793075561523
vertex 100.73971557617188 55.85127258300781 -2.5496575832366943
vertex 100.46094512939453 55.916011810302734 -2.5275793075561523
endloop
endfacet
facet normal 0.04671796428605016 0.06991538574566528 -0.9964583637307692
outer loop
vertex 100.91242218017578 55.41569900512695 -2.5919299125671387
vertex 100.83318328857422 55.46864700317383 -2.5919299125671387
vertex 100.87979125976562 55.58116149902344 -2.581850290298462
endloop
endfacet
facet normal 0.04671463626782631 0.06991474168353043 -0.9964585649457232
outer loop
vertex 100.99854278564453 55.50181579589844 -2.581850290298462
vertex 100.91242218017578 55.41569900512695 -2.5919299125671387
vertex 100.87979125976562 55.58116149902344 -2.581850290298462
endloop
endfacet
facet normal 0.06531960645281412 0.09775958408058191 -0.9930641533824697
outer loop
vertex 100.99854278564453 55.50181579589844 -2.581850290298462
vertex 100.87979125976562 55.58116149902344 -2.581850290298462
vertex 100.9262466430664 55.69330978393555 -2.5677545070648193
endloop
endfacet
facet normal 0.06532021130388331 0.09775980788419579 -0.9930640915659277
outer loop
vertex 101.0843734741211 55.58765411376953 -2.5677545070648193
vertex 100.99854278564453 55.50181579589844 -2.581850290298462
vertex 100.9262466430664 55.69330978393555 -2.5677545070648193
endloop
endfacet
facet normal 0.022938952266922573 0.11531498796627737 -0.9930640754851788
outer loop
vertex 100.9262466430664 55.69330978393555 -2.5677545070648193
vertex 100.87979125976562 55.58116149902344 -2.581850290298462
vertex 100.73971557617188 55.73041534423828 -2.5677545070648193
endloop
endfacet
facet normal 0.08384624238955304 0.12548631402432583 -0.9885458980895832
outer loop
vertex 101.0843734741211 55.58765411376953 -2.5677545070648193
vertex 100.9262466430664 55.69330978393555 -2.5677545070648193
vertex 100.97249603271484 55.804969787597656 -2.5496575832366943
endloop
endfacet
facet normal 0.09776053060696736 0.06532233726187546 -0.9930638805787321
outer loop
vertex 101.07788848876953 55.3830680847168 -2.581850290298462
vertex 100.99854278564453 55.50181579589844 -2.581850290298462
vertex 101.0843734741211 55.58765411376953 -2.5677545070648193
endloop
endfacet
facet normal 0.12549078309448186 0.08385023303864518 -0.9885449922880084
outer loop
vertex 101.16983032226562 55.67311096191406 -2.5496575832366943
vertex 101.19003295898438 55.42952346801758 -2.5677545070648193
vertex 101.0843734741211 55.58765411376953 -2.5677545070648193
endloop
endfacet
facet normal 0.12548889909520938 0.08385009541909122 -0.9885452431234909
outer loop
vertex 101.30168914794922 55.475772857666016 -2.5496575832366943
vertex 101.19003295898438 55.42952346801758 -2.5677545070648193
vertex 101.16983032226562 55.67311096191406 -2.5496575832366943
endloop
endfacet
facet normal 0.08385188257785726 0.12548914788383256 -0.9885450599499948
outer loop
vertex 101.16983032226562 55.67311096191406 -2.5496575832366943
vertex 101.0843734741211 55.58765411376953 -2.5677545070648193
vertex 100.97249603271484 55.804969787597656 -2.5496575832366943
endloop
endfacet
facet normal 0.15305908023549758 0.102272141799312 -0.9829106403784857
outer loop
vertex 101.25482177734375 55.75810241699219 -2.5275793075561523
vertex 101.30168914794922 55.475772857666016 -2.5496575832366943
vertex 101.16983032226562 55.67311096191406 -2.5496575832366943
endloop
endfacet
facet normal 0.029442951009810044 0.1480200820992444 -0.9885459867558852
outer loop
vertex 100.97249603271484 55.804969787597656 -2.5496575832366943
vertex 100.9262466430664 55.69330978393555 -2.5677545070648193
vertex 100.73971557617188 55.85127258300781 -2.5496575832366943
endloop
endfacet
facet normal 0.035915338339909196 0.18055258484422948 -0.9829093816715745
outer loop
vertex 101.01849365234375 55.916011810302734 -2.5275793075561523
vertex 100.97249603271484 55.804969787597656 -2.5496575832366943
vertex 100.73971557617188 55.971466064453125 -2.5275793075561523
endloop
endfacet
facet normal 0.10227690393914515 0.1530632483009888 -0.9829094958032367
outer loop
vertex 101.16983032226562 55.67311096191406 -2.5496575832366943
vertex 100.97249603271484 55.804969787597656 -2.5496575832366943
vertex 101.01849365234375 55.916011810302734 -2.5275793075561523
endloop
endfacet
facet normal 0.1022713335122089 0.15305987809514113 -0.9829106002374451
outer loop
vertex 101.25482177734375 55.75810241699219 -2.5275793075561523
vertex 101.16983032226562 55.67311096191406 -2.5496575832366943
vertex 101.01849365234375 55.916011810302734 -2.5275793075561523
endloop
endfacet
facet normal 0.15306329362213844 0.10227278469157831 -0.9829099173662726
outer loop
vertex 101.41273498535156 55.521766662597656 -2.5275793075561523
vertex 101.30168914794922 55.475772857666016 -2.5496575832366943
vertex 101.25482177734375 55.75810241699219 -2.5275793075561523
endloop
endfacet
facet normal -0.21286093700770758 -0.042340000303105134 -0.9761647124694346
outer loop
vertex 99.94470977783203 55.24299621582031 -2.513070583343506
vertex 100.01124572753906 55.24299621582031 -2.5275793075561523
vertex 100.03253173828125 55.135982513427734 -2.5275793075561523
endloop
endfacet
facet normal -0.21286093404312412 0.04234032865227363 -0.9761646988740713
outer loop
vertex 100.01124572753906 55.24299621582031 -2.5275793075561523
vertex 99.94470977783203 55.24299621582031 -2.513070583343506
vertex 100.06669616699219 55.521766662597656 -2.5275793075561523
endloop
endfacet
facet normal -0.2128700825812977 0.04234444505731821 -0.9761625253586717
outer loop
vertex 99.94470977783203 55.24299621582031 -2.513070583343506
vertex 99.90274047851562 55.297733306884766 -2.5015439987182617
vertex 100.06669616699219 55.521766662597656 -2.5275793075561523
endloop
endfacet
facet normal -0.21286394759109406 0.04233977624451818 -0.9761640656997677
outer loop
vertex 100.06669616699219 55.521766662597656 -2.5275793075561523
vertex 99.90274047851562 55.297733306884766 -2.5015439987182617
vertex 99.95639038085938 55.56745910644531 -2.5015439987182617
endloop
endfacet
facet normal 0.21286093700770758 -0.042340000303105134 -0.9761647124694346
outer loop
vertex 101.53472137451172 55.24299621582031 -2.513070583343506
vertex 101.4468994140625 55.135982513427734 -2.5275793075561523
vertex 101.46818542480469 55.24299621582031 -2.5275793075561523
endloop
endfacet
facet normal 0.21285055651268303 0.04233826444988041 -0.9761670512548624
outer loop
vertex 101.5230484008789 55.56745910644531 -2.5015439987182617
vertex 101.46818542480469 55.24299621582031 -2.5275793075561523
vertex 101.41273498535156 55.521766662597656 -2.5275793075561523
endloop
endfacet
facet normal 0.21286097016107056 0.042336328153368095 -0.9761648645083361
outer loop
vertex 101.46818542480469 55.24299621582031 -2.5275793075561523
vertex 101.5230484008789 55.56745910644531 -2.5015439987182617
vertex 101.53472137451172 55.24299621582031 -2.513070583343506
endloop
endfacet
facet normal 0.21284424168124264 0.04233585663378444 -0.9761685325937425
outer loop
vertex 101.5230484008789 55.56745910644531 -2.5015439987182617
vertex 101.57669830322266 55.297733306884766 -2.5015439987182617
vertex 101.53472137451172 55.24299621582031 -2.513070583343506
endloop
endfacet
facet normal 0.2449024015905401 0.04871760242344243 -0.968322987907081
outer loop
vertex 101.57669830322266 55.297733306884766 -2.5015439987182617
vertex 101.63249969482422 55.612796783447266 -2.4715797901153564
vertex 101.66304016113281 55.45927047729492 -2.4715797901153564
endloop
endfacet
facet normal -0.1804559816409605 0.12057584362606451 -0.9761644864590497
outer loop
vertex 100.06669616699219 55.521766662597656 -2.5275793075561523
vertex 99.95639038085938 55.56745910644531 -2.5015439987182617
vertex 100.224609375 55.75810241699219 -2.5275793075561523
endloop
endfacet
facet normal -0.20761821841368777 0.13872310649541628 -0.9683235900808096
outer loop
vertex 99.95639038085938 55.56745910644531 -2.5015439987182617
vertex 99.84693145751953 55.612796783447266 -2.4715797901153564
vertex 100.14018249511719 55.842529296875 -2.5015439987182617
endloop
endfacet
facet normal -0.18045398142256514 0.12057292984050574 -0.9761652161281004
outer loop
vertex 100.224609375 55.75810241699219 -2.5275793075561523
vertex 99.95639038085938 55.56745910644531 -2.5015439987182617
vertex 100.14018249511719 55.842529296875 -2.5015439987182617
endloop
endfacet
facet normal -0.12057212352694295 0.18045477330567034 -0.976165169333245
outer loop
vertex 100.46094512939453 55.916011810302734 -2.5275793075561523
vertex 100.224609375 55.75810241699219 -2.5275793075561523
vertex 100.14018249511719 55.842529296875 -2.5015439987182617
endloop
endfacet
facet normal -0.20762423801936447 0.13873110832516525 -0.9683211530116181
outer loop
vertex 100.14018249511719 55.842529296875 -2.5015439987182617
vertex 99.84693145751953 55.612796783447266 -2.4715797901153564
vertex 100.05641174316406 55.92630386352539 -2.4715797901153564
endloop
endfacet
facet normal -0.23453641265432032 0.15671422602098334 -0.9593921630396438
outer loop
vertex 99.75545501708984 55.68318557739258 -2.4377195835113525
vertex 99.97338104248047 56.00933074951172 -2.4377195835113525
vertex 100.05641174316406 55.92630386352539 -2.4715797901153564
endloop
endfacet
facet normal -0.12057034041937507 0.18044636074303766 -0.9761669446901741
outer loop
vertex 100.46094512939453 55.916011810302734 -2.5275793075561523
vertex 100.14018249511719 55.842529296875 -2.5015439987182617
vertex 100.41525268554688 56.02632522583008 -2.5015439987182617
endloop
endfacet
facet normal -0.13872926416734488 0.20762312489526794 -0.9683216558934903
outer loop
vertex 100.41525268554688 56.02632522583008 -2.5015439987182617
vertex 100.14018249511719 55.842529296875 -2.5015439987182617
vertex 100.05641174316406 55.92630386352539 -2.4715797901153564
endloop
endfacet
facet normal -0.13872803950161236 0.20761837346933343 -0.9683228501145615
outer loop
vertex 100.41525268554688 56.02632522583008 -2.5015439987182617
vertex 100.05641174316406 55.92630386352539 -2.4715797901153564
vertex 100.36991119384766 56.135780334472656 -2.4715797901153564
endloop
endfacet
facet normal -0.04234096059908755 0.21284946816125197 -0.9761671716253415
outer loop
vertex 100.73971557617188 55.971466064453125 -2.5275793075561523
vertex 100.46094512939453 55.916011810302734 -2.5275793075561523
vertex 100.41525268554688 56.02632522583008 -2.5015439987182617
endloop
endfacet
facet normal -0.042338884799153605 0.21286063278619274 -0.976164827190483
outer loop
vertex 100.73971557617188 56.09086227416992 -2.5015439987182617
vertex 100.73971557617188 55.971466064453125 -2.5275793075561523
vertex 100.41525268554688 56.02632522583008 -2.5015439987182617
endloop
endfacet
facet normal -0.048712980004495345 0.24490668088795106 -0.9683221381521383
outer loop
vertex 100.73971557617188 56.09086227416992 -2.5015439987182617
vertex 100.41525268554688 56.02632522583008 -2.5015439987182617
vertex 100.36991119384766 56.135780334472656 -2.4715797901153564
endloop
endfacet
facet normal -0.04871384495127988 0.24490056304864255 -0.9683236419341007
outer loop
vertex 100.73971557617188 56.2093391418457 -2.4715797901153564
vertex 100.73971557617188 56.09086227416992 -2.5015439987182617
vertex 100.36991119384766 56.135780334472656 -2.4715797901153564
endloop
endfacet
facet normal -0.1567156144012191 0.23453831738788605 -0.9593914706102549
outer loop
vertex 100.05641174316406 55.92630386352539 -2.4715797901153564
vertex 99.97338104248047 56.00933074951172 -2.4377195835113525
vertex 100.36991119384766 56.135780334472656 -2.4715797901153564
endloop
endfacet
facet normal 0.009352963188271661 -0.013999134877217212 -0.9998582631064706
outer loop
vertex 100.82611846923828 55.156593322753906 -2.5979819297790527
vertex 100.7864761352539 55.13010787963867 -2.5979819297790527
vertex 100.73971557617188 55.24299621582031 -2.5999999046325684
endloop
endfacet
facet normal -0.055031074033439355 0.2766593568920644 -0.959391047037023
outer loop
vertex 100.73971557617188 56.2093391418457 -2.4715797901153564
vertex 100.36991119384766 56.135780334472656 -2.4715797901153564
vertex 100.32498168945312 56.2442626953125 -2.4377195835113525
endloop
endfacet
facet normal -0.05503036588752344 0.27666595973602537 -0.9593891835713123
outer loop
vertex 100.73971557617188 56.32675552368164 -2.4377195835113525
vertex 100.73971557617188 56.2093391418457 -2.4715797901153564
vertex 100.32498168945312 56.2442626953125 -2.4377195835113525
endloop
endfacet
facet normal 0.12057038283075974 0.18044634272572116 -0.976166942782307
outer loop
vertex 101.0641860961914 56.02632522583008 -2.5015439987182617
vertex 101.25482177734375 55.75810241699219 -2.5275793075561523
vertex 101.01849365234375 55.916011810302734 -2.5275793075561523
endloop
endfacet
facet normal 0.12057646009495959 0.18045051434397702 -0.9761654209937795
outer loop
vertex 101.33924865722656 55.842529296875 -2.5015439987182617
vertex 101.25482177734375 55.75810241699219 -2.5275793075561523
vertex 101.0641860961914 56.02632522583008 -2.5015439987182617
endloop
endfacet
facet normal 0.18044553269829183 0.120572289572157 -0.9761668570057875
outer loop
vertex 101.5230484008789 55.56745910644531 -2.5015439987182617
vertex 101.41273498535156 55.521766662597656 -2.5275793075561523
vertex 101.33924865722656 55.842529296875 -2.5015439987182617
endloop
endfacet
facet normal 0.24491544685601124 0.048714990659806556 -0.9683198198820138
outer loop
vertex 101.5230484008789 55.56745910644531 -2.5015439987182617
vertex 101.63249969482422 55.612796783447266 -2.4715797901153564
vertex 101.57669830322266 55.297733306884766 -2.5015439987182617
endloop
endfacet
facet normal 0.1804530461181077 0.12057388218848156 -0.9761652713965471
outer loop
vertex 101.33924865722656 55.842529296875 -2.5015439987182617
vertex 101.41273498535156 55.521766662597656 -2.5275793075561523
vertex 101.25482177734375 55.75810241699219 -2.5275793075561523
endloop
endfacet
facet normal 0.20761255920413144 0.1387250835909117 -0.9683245202117963
outer loop
vertex 101.42302703857422 55.92630386352539 -2.4715797901153564
vertex 101.5230484008789 55.56745910644531 -2.5015439987182617
vertex 101.33924865722656 55.842529296875 -2.5015439987182617
endloop
endfacet
facet normal 0.20762920392522125 0.138729373672999 -0.968320336746924
outer loop
vertex 101.63249969482422 55.612796783447266 -2.4715797901153564
vertex 101.5230484008789 55.56745910644531 -2.5015439987182617
vertex 101.42302703857422 55.92630386352539 -2.4715797901153564
endloop
endfacet
facet normal 0.27665329361978236 0.05503369946628181 -0.9593926448813235
outer loop
vertex 101.63249969482422 55.612796783447266 -2.4715797901153564
vertex 101.69540405273438 55.565162658691406 -2.4561729431152344
vertex 101.66304016113281 55.45927047729492 -2.4715797901153564
endloop
endfacet
facet normal 0.2766542303654448 0.05503504891412953 -0.9593922973486512
outer loop
vertex 101.63249969482422 55.612796783447266 -2.4715797901153564
vertex 101.74098205566406 55.65773391723633 -2.4377195835113525
vertex 101.69540405273438 55.565162658691406 -2.4561729431152344
endloop
endfacet
facet normal 0.23455216040452828 0.15671819614685897 -0.9593876646309578
outer loop
vertex 101.50605010986328 56.00933074951172 -2.4377195835113525
vertex 101.63249969482422 55.612796783447266 -2.4715797901153564
vertex 101.42302703857422 55.92630386352539 -2.4715797901153564
endloop
endfacet
facet normal 0.23453563898353397 0.15671334030357195 -0.9593924968528169
outer loop
vertex 101.74098205566406 55.65773391723633 -2.4377195835113525
vertex 101.63249969482422 55.612796783447266 -2.4715797901153564
vertex 101.50605010986328 56.00933074951172 -2.4377195835113525
endloop
endfacet
facet normal 0.04234201707302534 0.2128606045055164 -0.976164697497166
outer loop
vertex 101.01849365234375 55.916011810302734 -2.5275793075561523
vertex 100.73971557617188 55.971466064453125 -2.5275793075561523
vertex 100.73971557617188 56.09086227416992 -2.5015439987182617
endloop
endfacet
facet normal 0.04233606194106788 0.21285144559542213 -0.9761669529170004
outer loop
vertex 101.0641860961914 56.02632522583008 -2.5015439987182617
vertex 101.01849365234375 55.916011810302734 -2.5275793075561523
vertex 100.73971557617188 56.09086227416992 -2.5015439987182617
endloop
endfacet
facet normal 0.0487106254201513 0.24490060154789156 -0.9683237941580587
outer loop
vertex 101.0641860961914 56.02632522583008 -2.5015439987182617
vertex 100.73971557617188 56.09086227416992 -2.5015439987182617
vertex 100.73971557617188 56.2093391418457 -2.4715797901153564
endloop
endfacet
facet normal 0.048715493432234726 0.24490885050602598 -0.968321462967475
outer loop
vertex 101.1095199584961 56.135780334472656 -2.4715797901153564
vertex 101.0641860961914 56.02632522583008 -2.5015439987182617
vertex 100.73971557617188 56.2093391418457 -2.4715797901153564
endloop
endfacet
facet normal 0.13873426018298193 0.20762484308657136 -0.9683205717037913
outer loop
vertex 101.1095199584961 56.135780334472656 -2.4715797901153564
vertex 101.33924865722656 55.842529296875 -2.5015439987182617
vertex 101.0641860961914 56.02632522583008 -2.5015439987182617
endloop
endfacet
facet normal 0.13872365633564365 0.2076168661753781 -0.9683238012423249
outer loop
vertex 101.42302703857422 55.92630386352539 -2.4715797901153564
vertex 101.33924865722656 55.842529296875 -2.5015439987182617
vertex 101.1095199584961 56.135780334472656 -2.4715797901153564
endloop
endfacet
facet normal 0.1567107570577662 0.23453675555943868 -0.9593926458515479
outer loop
vertex 101.15445709228516 56.2442626953125 -2.4377195835113525
vertex 101.42302703857422 55.92630386352539 -2.4715797901153564
vertex 101.1095199584961 56.135780334472656 -2.4715797901153564
endloop
endfacet
facet normal 0.055032381301066025 0.2766659289575244 -0.9593890768413014
outer loop
vertex 101.1095199584961 56.135780334472656 -2.4715797901153564
vertex 100.73971557617188 56.2093391418457 -2.4715797901153564
vertex 100.73971557617188 56.32675552368164 -2.4377195835113525
endloop
endfacet
facet normal 0.05502760738714579 0.2766571805940007 -0.959391873454755
outer loop
vertex 101.15445709228516 56.2442626953125 -2.4377195835113525
vertex 101.1095199584961 56.135780334472656 -2.4715797901153564
vertex 100.73971557617188 56.32675552368164 -2.4377195835113525
endloop
endfacet
facet normal 0.15672166146895697 0.23454554759638271 -0.9593887152396169
outer loop
vertex 101.50605010986328 56.00933074951172 -2.4377195835113525
vertex 101.42302703857422 55.92630386352539 -2.4715797901153564
vertex 101.15445709228516 56.2442626953125 -2.4377195835113525
endloop
endfacet
facet normal -0.1745142706720258 0.26117916941903385 -0.9493841218355163
outer loop
vertex 99.97338104248047 56.00933074951172 -2.4377195835113525
vertex 99.89118957519531 56.091522216796875 -2.4000000953674316
vertex 100.32498168945312 56.2442626953125 -2.4377195835113525
endloop
endfacet
facet normal -0.1745125341903626 0.2611737936716468 -0.949385919902764
outer loop
vertex 100.32498168945312 56.2442626953125 -2.4377195835113525
vertex 99.89118957519531 56.091522216796875 -2.4000000953674316
vertex 100.2804946899414 56.35165023803711 -2.4000000953674316
endloop
endfacet
facet normal -0.061279171363774476 0.3080819195685346 -0.9493842183183455
outer loop
vertex 100.73971557617188 56.32675552368164 -2.4377195835113525
vertex 100.32498168945312 56.2442626953125 -2.4377195835113525
vertex 100.2804946899414 56.35165023803711 -2.4000000953674316
endloop
endfacet
facet normal -0.06127944011993379 0.3080785784304811 -0.949385285187653
outer loop
vertex 100.73971557617188 56.4429931640625 -2.4000000953674316
vertex 100.73971557617188 56.32675552368164 -2.4377195835113525
vertex 100.2804946899414 56.35165023803711 -2.4000000953674316
endloop
endfacet
facet normal 0.2611649616692734 0.1745066706741298 -0.9493894273092143
outer loop
vertex 101.58824920654297 56.091522216796875 -2.4000000953674316
vertex 101.74098205566406 55.65773391723633 -2.4377195835113525
vertex 101.50605010986328 56.00933074951172 -2.4377195835113525
endloop
endfacet
facet normal 0.06127738727937464 0.3080786173312448 -0.9493854050655519
outer loop
vertex 101.15445709228516 56.2442626953125 -2.4377195835113525
vertex 100.73971557617188 56.32675552368164 -2.4377195835113525
vertex 100.73971557617188 56.4429931640625 -2.4000000953674316
endloop
endfacet
facet normal 0.06128075827618123 0.3080852053791292 -0.9493830496125344
outer loop
vertex 101.19893646240234 56.35165023803711 -2.4000000953674316
vertex 101.15445709228516 56.2442626953125 -2.4377195835113525
vertex 100.73971557617188 56.4429931640625 -2.4000000953674316
endloop
endfacet
facet normal 0.17450747060920258 0.2611713337609476 -0.9493875273686221
outer loop
vertex 101.58824920654297 56.091522216796875 -2.4000000953674316
vertex 101.50605010986328 56.00933074951172 -2.4377195835113525
vertex 101.19893646240234 56.35165023803711 -2.4000000953674316
endloop
endfacet
facet normal 0.17451987775678857 0.2611818934999462 -0.9493823417230479
outer loop
vertex 101.19893646240234 56.35165023803711 -2.4000000953674316
vertex 101.50605010986328 56.00933074951172 -2.4377195835113525
vertex 101.15445709228516 56.2442626953125 -2.4377195835113525
endloop
endfacet
facet normal 0.27664757460348965 0.05503866713045307 -0.9593940090424319
outer loop
vertex 101.69540405273438 55.565162658691406 -2.4561729431152344
vertex 101.74098205566406 55.65773391723633 -2.4377195835113525
vertex 101.7655258178711 55.534366607666016 -2.4377195835113525
endloop
endfacet
facet normal 0.3080932559915965 0.0612783327238161 -0.9493805936246463
outer loop
vertex 101.7655258178711 55.534366607666016 -2.4377195835113525
vertex 101.84837341308594 55.702213287353516 -2.4000000953674316
vertex 101.89288330078125 55.47842788696289 -2.4000000953674316
endloop
endfacet
facet normal 0.30807158754340447 0.06129043272276637 -0.949386844128958
outer loop
vertex 101.84837341308594 55.702213287353516 -2.4000000953674316
vertex 101.7655258178711 55.534366607666016 -2.4377195835113525
vertex 101.74098205566406 55.65773391723633 -2.4377195835113525
endloop
endfacet
facet normal 0.2611774395599504 0.1745107011277548 -0.949385253865262
outer loop
vertex 101.84837341308594 55.702213287353516 -2.4000000953674316
vertex 101.74098205566406 55.65773391723633 -2.4377195835113525
vertex 101.58824920654297 56.091522216796875 -2.4000000953674316
endloop
endfacet
facet normal -0.5555741605347476 0.8314669880074076 0
outer loop
vertex 100.2804946899414 56.35165023803711 -2.4000000953674316
vertex 99.89118957519531 56.091522216796875 -2.4000000953674316
vertex 99.89118957519531 56.091522216796875 -1.2000000476837158
endloop
endfacet
facet normal -0.19508664942816537 0.9807860109192484 0
outer loop
vertex 100.73971557617188 56.4429931640625 -2.4000000953674316
vertex 100.2804946899414 56.35165023803711 -2.4000000953674316
vertex 100.2804946899414 56.35165023803711 -1.2000000476837158
endloop
endfacet
facet normal 0.8314732663023569 0.5555647643834963 0
outer loop
vertex 101.84837341308594 55.702213287353516 -2.4000000953674316
vertex 101.58824920654297 56.091522216796875 -2.4000000953674316
vertex 101.58824920654297 56.091522216796875 -1.2000000476837158
endloop
endfacet
facet normal 0.5555666334387602 0.8314720174542991 0
outer loop
vertex 101.58824920654297 56.091522216796875 -2.4000000953674316
vertex 101.19893646240234 56.35165023803711 -2.4000000953674316
vertex 101.19893646240234 56.35165023803711 -1.2000000476837158
endloop
endfacet
facet normal 0.980788463654827 0.19507431804726102 0
outer loop
vertex 101.84837341308594 55.702213287353516 -1.2000000476837158
vertex 101.89288330078125 55.47842788696289 -2.4000000953674316
vertex 101.84837341308594 55.702213287353516 -2.4000000953674316
endloop
endfacet
facet normal 0.19508664942816537 0.9807860109192484 0
outer loop
vertex 101.19893646240234 56.35165023803711 -2.4000000953674316
vertex 100.73971557617188 56.4429931640625 -2.4000000953674316
vertex 100.73971557617188 56.4429931640625 -1.2000000476837158
endloop
endfacet
facet normal -0.8314731349781013 0.5555649609268822 0
outer loop
vertex 99.89118957519531 56.091522216796875 -2.4000000953674316
vertex 99.72610473632812 55.844451904296875 -1.2000000476837158
vertex 99.89118957519531 56.091522216796875 -1.2000000476837158
endloop
endfacet
facet normal -0.2611825137291343 0.17451418083223222 0.9493832183110177
outer loop
vertex 99.86308288574219 55.84425735473633 -1.162280559539795
vertex 99.89118957519531 56.091522216796875 -1.2000000476837158
vertex 99.72610473632812 55.844451904296875 -1.2000000476837158
endloop
endfacet
facet normal -0.26117946092399613 0.17451396790507762 0.9493840972954394
outer loop
vertex 99.89118957519531 56.091522216796875 -1.2000000476837158
vertex 99.86308288574219 55.84425735473633 -1.162280559539795
vertex 99.97338104248047 56.00933074951172 -1.162280559539795
endloop
endfacet
facet normal -0.009354373214495627 -0.013998550727151024 -0.9998582580942678
outer loop
vertex 100.73971557617188 55.24299621582031 -2.5999999046325684
vertex 100.69295501708984 55.13010787963867 -2.5979819297790527
vertex 100.6533203125 55.156593322753906 -2.5979819297790527
endloop
endfacet
facet normal 0.003284261255954937 -0.0165129099571352 -0.9998582586710729
outer loop
vertex 100.7864761352539 55.13010787963867 -2.5979819297790527
vertex 100.73971557617188 55.12080764770508 -2.5979819297790527
vertex 100.73971557617188 55.24299621582031 -2.5999999046325684
endloop
endfacet
facet normal -0.003284261255954937 -0.0165129099571352 -0.9998582586710729
outer loop
vertex 100.73971557617188 55.12080764770508 -2.5979819297790527
vertex 100.69295501708984 55.13010787963867 -2.5979819297790527
vertex 100.73971557617188 55.24299621582031 -2.5999999046325684
endloop
endfacet
facet normal -0.028053912851008195 -0.04198187448105648 -0.9987244365633621
outer loop
vertex 100.69295501708984 55.13010787963867 -2.5979819297790527
vertex 100.64624786376953 55.0173454284668 -2.5919299125671387
vertex 100.6533203125 55.156593322753906 -2.5979819297790527
endloop
endfacet
facet normal 0.00985085849731161 -0.04952107814959563 -0.9987244982505273
outer loop
vertex 100.83318328857422 55.0173454284668 -2.5919299125671387
vertex 100.73971557617188 54.99875259399414 -2.5919299125671387
vertex 100.73971557617188 55.12080764770508 -2.5979819297790527
endloop
endfacet
facet normal -0.009850979019781858 -0.049521684025994064 -0.9987244670195988
outer loop
vertex 100.73971557617188 54.99875259399414 -2.5919299125671387
vertex 100.64624786376953 55.0173454284668 -2.5919299125671387
vertex 100.69295501708984 55.13010787963867 -2.5979819297790527
endloop
endfacet
facet normal -0.08247054769525712 -0.01640427234112631 -0.9964584831350488
outer loop
vertex 100.49547576904297 55.24299621582031 -2.5919299125671387
vertex 100.40155029296875 55.10292053222656 -2.581850290298462
vertex 100.37368774414062 55.24299621582031 -2.581850290298462
endloop
endfacet
facet normal -0.04952107814959563 -0.00985085849731161 -0.9987244982505273
outer loop
vertex 100.6175308227539 55.24299621582031 -2.5979819297790527
vertex 100.51406860351562 55.14952850341797 -2.5919299125671387
vertex 100.49547576904297 55.24299621582031 -2.5919299125671387
endloop
endfacet
facet normal -0.04952228999863174 -0.009849514033012251 -0.998724451421214
outer loop
vertex 100.6268310546875 55.19623565673828 -2.5979819297790527
vertex 100.51406860351562 55.14952850341797 -2.5919299125671387
vertex 100.6175308227539 55.24299621582031 -2.5979819297790527
endloop
endfacet
facet normal -0.08246942922258577 -0.01640502808060089 -0.9964585632616019
outer loop
vertex 100.51406860351562 55.14952850341797 -2.5919299125671387
vertex 100.40155029296875 55.10292053222656 -2.581850290298462
vertex 100.49547576904297 55.24299621582031 -2.5919299125671387
endloop
endfacet
facet normal -0.5555741605347476 0.8314669880074076 0
outer loop
vertex 100.2804946899414 56.35165023803711 -1.2000000476837158
vertex 100.2804946899414 56.35165023803711 -2.4000000953674316
vertex 99.89118957519531 56.091522216796875 -1.2000000476837158
endloop
endfacet
facet normal 0.19508664942816537 0.9807860109192484 0
outer loop
vertex 101.19893646240234 56.35165023803711 -1.2000000476837158
vertex 101.19893646240234 56.35165023803711 -2.4000000953674316
vertex 100.73971557617188 56.4429931640625 -1.2000000476837158
endloop
endfacet
facet normal 0.5555666334387602 0.8314720174542991 0
outer loop
vertex 101.58824920654297 56.091522216796875 -1.2000000476837158
vertex 101.58824920654297 56.091522216796875 -2.4000000953674316
vertex 101.19893646240234 56.35165023803711 -1.2000000476837158
endloop
endfacet
facet normal -0.04198361663176952 -0.02804971267165884 -0.9987244813028037
outer loop
vertex 100.56700897216797 55.070289611816406 -2.5919299125671387
vertex 100.51406860351562 55.14952850341797 -2.5919299125671387
vertex 100.6268310546875 55.19623565673828 -2.5979819297790527
endloop
endfacet
facet normal 0.980788463654827 0.19507431804726102 0
outer loop
vertex 101.84837341308594 55.702213287353516 -1.2000000476837158
vertex 101.89288330078125 55.47842788696289 -1.2000000476837158
vertex 101.89288330078125 55.47842788696289 -2.4000000953674316
endloop
endfacet
facet normal 0.8314732663023569 0.5555647643834963 0
outer loop
vertex 101.84837341308594 55.702213287353516 -1.2000000476837158
vertex 101.84837341308594 55.702213287353516 -2.4000000953674316
vertex 101.58824920654297 56.091522216796875 -1.2000000476837158
endloop
endfacet
facet normal -0.06991399696022141 -0.046715639332217715 -0.9964585701728038
outer loop
vertex 100.51406860351562 55.14952850341797 -2.5919299125671387
vertex 100.48089599609375 54.98417282104492 -2.581850290298462
vertex 100.40155029296875 55.10292053222656 -2.581850290298462
endloop
endfacet
facet normal -0.19508664942816537 0.9807860109192484 0
outer loop
vertex 100.73971557617188 56.4429931640625 -1.2000000476837158
vertex 100.73971557617188 56.4429931640625 -2.4000000953674316
vertex 100.2804946899414 56.35165023803711 -1.2000000476837158
endloop
endfacet
facet normal -0.17451539978972788 0.2611780823003166 0.9493842133520867
outer loop
vertex 100.2804946899414 56.35165023803711 -1.2000000476837158
vertex 99.89118957519531 56.091522216796875 -1.2000000476837158
vertex 99.97338104248047 56.00933074951172 -1.162280559539795
endloop
endfacet
facet normal -0.17451109778835677 0.2611744208611185 0.9493860113971355
outer loop
vertex 100.2804946899414 56.35165023803711 -1.2000000476837158
vertex 99.97338104248047 56.00933074951172 -1.162280559539795
vertex 100.32498168945312 56.2442626953125 -1.162280559539795
endloop
endfacet
facet normal -0.061280037153448146 0.30808157997938584 0.9493842726335198
outer loop
vertex 100.73971557617188 56.4429931640625 -1.2000000476837158
vertex 100.2804946899414 56.35165023803711 -1.2000000476837158
vertex 100.32498168945312 56.2442626953125 -1.162280559539795
endloop
endfacet
facet normal -0.061278510297943026 0.308078596050514 0.9493853394861378
outer loop
vertex 100.73971557617188 56.4429931640625 -1.2000000476837158
vertex 100.32498168945312 56.2442626953125 -1.162280559539795
vertex 100.73971557617188 56.32675552368164 -1.162280559539795
endloop
endfacet
facet normal 0.26117598388091773 0.17451403555740216 0.9493850414016983
outer loop
vertex 101.74098205566406 55.65773391723633 -1.162280559539795
vertex 101.84837341308594 55.702213287353516 -1.2000000476837158
vertex 101.50605010986328 56.00933074951172 -1.162280559539795
endloop
endfacet
facet normal 0.06127944011993379 0.3080785784304811 0.949385285187653
outer loop
vertex 100.73971557617188 56.4429931640625 -1.2000000476837158
vertex 100.73971557617188 56.32675552368164 -1.162280559539795
vertex 101.19893646240234 56.35165023803711 -1.2000000476837158
endloop
endfacet
facet normal 0.06127884675726935 0.3080859550124318 0.9493829297307683
outer loop
vertex 100.73971557617188 56.32675552368164 -1.162280559539795
vertex 101.15445709228516 56.2442626953125 -1.162280559539795
vertex 101.19893646240234 56.35165023803711 -1.2000000476837158
endloop
endfacet
facet normal 0.2611674849109619 0.17450404973865555 0.949389214943003
outer loop
vertex 101.50605010986328 56.00933074951172 -1.162280559539795
vertex 101.84837341308594 55.702213287353516 -1.2000000476837158
vertex 101.58824920654297 56.091522216796875 -1.2000000476837158
endloop
endfacet
facet normal 0.17451072679950946 0.26116819841615285 0.9493877913518627
outer loop
vertex 101.50605010986328 56.00933074951172 -1.162280559539795
vertex 101.58824920654297 56.091522216796875 -1.2000000476837158
vertex 101.15445709228516 56.2442626953125 -1.162280559539795
endloop
endfacet
facet normal 0.1745157348517132 0.2611837021898263 0.9493826056967669
outer loop
vertex 101.15445709228516 56.2442626953125 -1.162280559539795
vertex 101.58824920654297 56.091522216796875 -1.2000000476837158
vertex 101.19893646240234 56.35165023803711 -1.2000000476837158
endloop
endfacet
facet normal -0.2345353672970742 0.1567110117169506 0.9593929436333563
outer loop
vertex 100.00145721435547 55.84405517578125 -1.1284202337265015
vertex 99.97338104248047 56.00933074951172 -1.162280559539795
vertex 99.86308288574219 55.84425735473633 -1.162280559539795
endloop
endfacet
facet normal -0.23454219133202417 0.15670955931214417 0.9593915126294196
outer loop
vertex 99.97338104248047 56.00933074951172 -1.162280559539795
vertex 100.00145721435547 55.84405517578125 -1.1284202337265015
vertex 100.05641174316406 55.92630386352539 -1.1284202337265015
endloop
endfacet
facet normal -0.20762414962123651 0.138724247458074 0.9683221548953889
outer loop
vertex 100.13885498046875 55.8438606262207 -1.0989320278167725
vertex 100.05641174316406 55.92630386352539 -1.1284202337265015
vertex 100.00145721435547 55.84405517578125 -1.1284202337265015
endloop
endfacet
facet normal -0.12086473001750675 0.18053968562261408 0.97611328182393
outer loop
vertex 100.35250091552734 55.84355163574219 -1.0724207162857056
vertex 100.41525268554688 56.02632522583008 -1.0984560251235962
vertex 100.13885498046875 55.8438606262207 -1.0989320278167725
endloop
endfacet
facet normal -0.10227465915724393 0.1530647017911098 0.982909503036708
outer loop
vertex 100.49104309082031 55.843353271484375 -1.057974100112915
vertex 100.46094512939453 55.916011810302734 -1.0724207162857056
vertex 100.35250091552734 55.84355163574219 -1.0724207162857056
endloop
endfacet
facet normal -0.03591462281767541 0.18055352785785886 0.9829092345918546
outer loop
vertex 100.46094512939453 55.916011810302734 -1.0724207162857056
vertex 100.49104309082031 55.843353271484375 -1.057974100112915
vertex 100.69841003417969 55.843055725097656 -1.0503424406051636
endloop
endfacet
facet normal -0.03591661050049425 0.18055016643423946 0.9829097794257234
outer loop
vertex 100.69841003417969 55.843055725097656 -1.0503424406051636
vertex 100.73971557617188 55.85127258300781 -1.0503424406051636
vertex 100.73971557617188 55.971466064453125 -1.0724207162857056
endloop
endfacet
facet normal -0.03591579030896373 0.18054991567713086 0.9829098554574898
outer loop
vertex 100.69841003417969 55.843055725097656 -1.0503424406051636
vertex 100.73971557617188 55.971466064453125 -1.0724207162857056
vertex 100.46094512939453 55.916011810302734 -1.0724207162857056
endloop
endfacet
facet normal 0.03591942336166766 0.18055014816926085 0.9829096799917189
outer loop
vertex 100.78163146972656 55.842933654785156 -1.0503424406051636
vertex 100.73971557617188 55.971466064453125 -1.0724207162857056
vertex 100.73971557617188 55.85127258300781 -1.0503424406051636
endloop
endfacet
facet normal -0.15671479664536014 0.23454036317998966 0.9593911040612175
outer loop
vertex 99.97338104248047 56.00933074951172 -1.162280559539795
vertex 100.05641174316406 55.92630386352539 -1.1284202337265015
vertex 100.32498168945312 56.2442626953125 -1.162280559539795
endloop
endfacet
facet normal -0.15671953316312662 0.2345441821501661 0.9593893967230622
outer loop
vertex 100.32498168945312 56.2442626953125 -1.162280559539795
vertex 100.05641174316406 55.92630386352539 -1.1284202337265015
vertex 100.36991119384766 56.135780334472656 -1.1284202337265015
endloop
endfacet
facet normal -0.1387288780697172 0.2076196284582066 0.9683224608922348
outer loop
vertex 100.13885498046875 55.8438606262207 -1.0989320278167725
vertex 100.36991119384766 56.135780334472656 -1.1284202337265015
vertex 100.05641174316406 55.92630386352539 -1.1284202337265015
endloop
endfacet
facet normal -0.13872752035540906 0.2076185958333154 0.9683228768134325
outer loop
vertex 100.36991119384766 56.135780334472656 -1.1284202337265015
vertex 100.13885498046875 55.8438606262207 -1.0989320278167725
vertex 100.41525268554688 56.02632522583008 -1.0984560251235962
endloop
endfacet
facet normal -0.0487149083242984 0.24490590897547768 0.9683222363737447
outer loop
vertex 100.36991119384766 56.135780334472656 -1.1284202337265015
vertex 100.41525268554688 56.02632522583008 -1.0984560251235962
vertex 100.73971557617188 56.2093391418457 -1.1284202337265015
endloop
endfacet
facet normal -0.04871176808015021 0.2449005878842213 0.9683237401326421
outer loop
vertex 100.41525268554688 56.02632522583008 -1.0984560251235962
vertex 100.73971557617188 56.09086227416992 -1.0984560251235962
vertex 100.73971557617188 56.2093391418457 -1.1284202337265015
endloop
endfacet
facet normal -0.05502937860203965 0.2766609961439885 0.959390671574041
outer loop
vertex 100.32498168945312 56.2442626953125 -1.162280559539795
vertex 100.36991119384766 56.135780334472656 -1.1284202337265015
vertex 100.73971557617188 56.32675552368164 -1.162280559539795
endloop
endfacet
facet normal -0.05503255963260522 0.2766668254889807 0.9593888080721672
outer loop
vertex 100.73971557617188 56.32675552368164 -1.162280559539795
vertex 100.36991119384766 56.135780334472656 -1.1284202337265015
vertex 100.73971557617188 56.2093391418457 -1.1284202337265015
endloop
endfacet
facet normal -0.04233698343955461 0.2128510736159568 0.9761669940608386
outer loop
vertex 100.41525268554688 56.02632522583008 -1.0984560251235962
vertex 100.46094512939453 55.916011810302734 -1.0724207162857056
vertex 100.73971557617188 56.09086227416992 -1.0984560251235962
endloop
endfacet
facet normal -0.12057047700054198 0.1804463027202636 0.9761669385460916
outer loop
vertex 100.41525268554688 56.02632522583008 -1.0984560251235962
vertex 100.35250091552734 55.84355163574219 -1.0724207162857056
vertex 100.46094512939453 55.916011810302734 -1.0724207162857056
endloop
endfacet
facet normal -0.04234317381243335 0.212860594061017 0.9761646495993804
outer loop
vertex 100.46094512939453 55.916011810302734 -1.0724207162857056
vertex 100.73971557617188 55.971466064453125 -1.0724207162857056
vertex 100.73971557617188 56.09086227416992 -1.0984560251235962
endloop
endfacet
facet normal 0.2345384726841436 0.15670905056983955 0.9593925048177564
outer loop
vertex 101.63249969482422 55.612796783447266 -1.1284202337265015
vertex 101.74098205566406 55.65773391723633 -1.162280559539795
vertex 101.42302703857422 55.92630386352539 -1.1284202337265015
endloop
endfacet
facet normal 0.2345492812845755 0.15672245589289097 0.9593876726682441
outer loop
vertex 101.42302703857422 55.92630386352539 -1.1284202337265015
vertex 101.74098205566406 55.65773391723633 -1.162280559539795
vertex 101.50605010986328 56.00933074951172 -1.162280559539795
endloop
endfacet
facet normal 0.20761910123443406 0.13872428002341777 0.9683232326731557
outer loop
vertex 101.63249969482422 55.612796783447266 -1.1284202337265015
vertex 101.33924865722656 55.842529296875 -1.0984560251235962
vertex 101.45362091064453 55.671356201171875 -1.0984560251235962
endloop
endfacet
facet normal 0.20761659560532655 0.13872094930740403 0.9683242470642296
outer loop
vertex 101.33924865722656 55.842529296875 -1.0984560251235962
vertex 101.63249969482422 55.612796783447266 -1.1284202337265015
vertex 101.42302703857422 55.92630386352539 -1.1284202337265015
endloop
endfacet
facet normal 0.1022754884684812 0.1530588305244807 0.982910331035854
outer loop
vertex 101.01849365234375 55.916011810302734 -1.0724207162857056
vertex 100.98809814453125 55.84263610839844 -1.057831883430481
vertex 101.06389617919922 55.842529296875 -1.0657023191452026
endloop
endfacet
facet normal 0.035914614547893645 0.1805484493945369 0.9829101677585315
outer loop
vertex 100.78163146972656 55.842933654785156 -1.0503424406051636
vertex 100.98809814453125 55.84263610839844 -1.057831883430481
vertex 101.01849365234375 55.916011810302734 -1.0724207162857056
endloop
endfacet
facet normal 0.03591455327554384 0.1805486381905994 0.9829101353178417
outer loop
vertex 100.73971557617188 55.971466064453125 -1.0724207162857056
vertex 100.78163146972656 55.842933654785156 -1.0503424406051636
vertex 101.01849365234375 55.916011810302734 -1.0724207162857056
endloop
endfacet
facet normal 0.10226733966791388 0.15305394274534365 0.9829119400268533
outer loop
vertex 101.01849365234375 55.916011810302734 -1.0724207162857056
vertex 101.06389617919922 55.842529296875 -1.0657023191452026
vertex 101.25232696533203 55.759769439697266 -1.0724207162857056
endloop
endfacet
facet normal 0.12057448904096497 0.1804525374586911 0.9761652904694113
outer loop
vertex 101.01849365234375 55.916011810302734 -1.0724207162857056
vertex 101.25232696533203 55.759769439697266 -1.0724207162857056
vertex 101.33924865722656 55.842529296875 -1.0984560251235962
endloop
endfacet
facet normal -0.06992011169556057 -0.046714390049633625 -0.9964581996966914
outer loop
vertex 100.56700897216797 55.070289611816406 -2.5919299125671387
vertex 100.48089599609375 54.98417282104492 -2.581850290298462
vertex 100.51406860351562 55.14952850341797 -2.5919299125671387
endloop
endfacet
facet normal 0.022937611015597905 -0.1153161386216806 -0.9930639728508341
outer loop
vertex 100.73971557617188 54.842994689941406 -2.5779056549072266
vertex 100.73971557617188 54.8769645690918 -2.581850290298462
vertex 100.87979125976562 54.90482711791992 -2.581850290298462
endloop
endfacet
facet normal -0.022937799421774697 -0.11531708581155077 -0.9930638585094202
outer loop
vertex 100.58052825927734 54.858673095703125 -2.576049327850342
vertex 100.59963989257812 54.90482711791992 -2.581850290298462
vertex 100.73971557617188 54.8769645690918 -2.581850290298462
endloop
endfacet
facet normal -0.02293791226709522 -0.11531613782442258 -0.9930639659851151
outer loop
vertex 100.73971557617188 54.8769645690918 -2.581850290298462
vertex 100.73971557617188 54.842994689941406 -2.5779056549072266
vertex 100.58052825927734 54.858673095703125 -2.576049327850342
endloop
endfacet
facet normal 0.17878284665211963 0.11945683963995032 0.976609828542699
outer loop
vertex 101.45362091064453 55.671356201171875 -1.0984560251235962
vertex 101.33924865722656 55.842529296875 -1.0984560251235962
vertex 101.25232696533203 55.759769439697266 -1.0724207162857056
endloop
endfacet
facet normal 0.1567151674094718 0.23453582875647383 0.9593921520073714
outer loop
vertex 101.1095199584961 56.135780334472656 -1.1284202337265015
vertex 101.50605010986328 56.00933074951172 -1.162280559539795
vertex 101.15445709228516 56.2442626953125 -1.162280559539795
endloop
endfacet
facet normal 0.048712504105984676 0.24491004694685214 0.9683213107477368
outer loop
vertex 101.0641860961914 56.02632522583008 -1.0984560251235962
vertex 101.1095199584961 56.135780334472656 -1.1284202337265015
vertex 100.73971557617188 56.09086227416992 -1.0984560251235962
endloop
endfacet
facet normal 0.04871384495127988 0.24490056304864255 0.9683236419341007
outer loop
vertex 100.73971557617188 56.09086227416992 -1.0984560251235962
vertex 101.1095199584961 56.135780334472656 -1.1284202337265015
vertex 100.73971557617188 56.2093391418457 -1.1284202337265015
endloop
endfacet
facet normal 0.13873015965317773 0.20762659918301235 0.9683207826512352
outer loop
vertex 101.0641860961914 56.02632522583008 -1.0984560251235962
vertex 101.42302703857422 55.92630386352539 -1.1284202337265015
vertex 101.1095199584961 56.135780334472656 -1.1284202337265015
endloop
endfacet
facet normal 0.05502953496151909 0.27666687168029036 0.959388968248312
outer loop
vertex 101.15445709228516 56.2442626953125 -1.162280559539795
vertex 100.73971557617188 56.32675552368164 -1.162280559539795
vertex 100.73971557617188 56.2093391418457 -1.1284202337265015
endloop
endfacet
facet normal 0.05503059771274403 0.2766569622708516 0.9593917648919251
outer loop
vertex 100.73971557617188 56.2093391418457 -1.1284202337265015
vertex 101.1095199584961 56.135780334472656 -1.1284202337265015
vertex 101.15445709228516 56.2442626953125 -1.162280559539795
endloop
endfacet
facet normal 0.15671911731378557 0.2345492677019313 0.9593882213623824
outer loop
vertex 101.42302703857422 55.92630386352539 -1.1284202337265015
vertex 101.50605010986328 56.00933074951172 -1.162280559539795
vertex 101.1095199584961 56.135780334472656 -1.1284202337265015
endloop
endfacet
facet normal 0.13872684781197836 0.20761374999129348 0.9683240121522882
outer loop
vertex 101.33924865722656 55.842529296875 -1.0984560251235962
vertex 101.42302703857422 55.92630386352539 -1.1284202337265015
vertex 101.0641860961914 56.02632522583008 -1.0984560251235962
endloop
endfacet
facet normal 0.042337891053907215 0.2128606417580825 0.9761648683349778
outer loop
vertex 100.73971557617188 56.09086227416992 -1.0984560251235962
vertex 100.73971557617188 55.971466064453125 -1.0724207162857056
vertex 101.0641860961914 56.02632522583008 -1.0984560251235962
endloop
endfacet
facet normal 0.12057294525061872 0.18044525415082946 0.9761668275085124
outer loop
vertex 101.01849365234375 55.916011810302734 -1.0724207162857056
vertex 101.33924865722656 55.842529296875 -1.0984560251235962
vertex 101.0641860961914 56.02632522583008 -1.0984560251235962
endloop
endfacet
facet normal 0.042339887971863215 0.21284990114767585 0.9761671237385301
outer loop
vertex 100.73971557617188 55.971466064453125 -1.0724207162857056
vertex 101.01849365234375 55.916011810302734 -1.0724207162857056
vertex 101.0641860961914 56.02632522583008 -1.0984560251235962
endloop
endfacet
facet normal -0.1017828023073272 -0.06800996781112165 -0.9924791712841119
outer loop
vertex 100.3570327758789 54.91911697387695 -2.5646896362304688
vertex 100.40155029296875 55.10292053222656 -2.581850290298462
vertex 100.48089599609375 54.98417282104492 -2.581850290298462
endloop
endfacet
facet normal 0.3080775571164841 0.061275210289703 0.9493858896176476
outer loop
vertex 101.74098205566406 55.65773391723633 -1.162280559539795
vertex 101.89288330078125 55.47842788696289 -1.2000000476837158
vertex 101.84837341308594 55.702213287353516 -1.2000000476837158
endloop
endfacet
facet normal 0.30810006497545656 0.06129609827000889 0.9493772370870247
outer loop
vertex 101.89288330078125 55.47842788696289 -1.2000000476837158
vertex 101.74098205566406 55.65773391723633 -1.162280559539795
vertex 101.7655258178711 55.534366607666016 -1.162280559539795
endloop
endfacet
facet normal 0.27665331067370363 0.05503980831399534 0.9593922895218816
outer loop
vertex 101.74098205566406 55.65773391723633 -1.162280559539795
vertex 101.63249969482422 55.612796783447266 -1.1284202337265015
vertex 101.7655258178711 55.534366607666016 -1.162280559539795
endloop
endfacet
facet normal -0.10932003730855566 -0.05367972616757772 -0.9925561024150876
outer loop
vertex 100.48089599609375 54.98417282104492 -2.581850290298462
vertex 100.40215301513672 54.90542984008789 -2.5689189434051514
vertex 100.3570327758789 54.91911697387695 -2.5646896362304688
endloop
endfacet
facet normal -0.06532448691042075 -0.09775867184934361 -0.9930639221561433
outer loop
vertex 100.40215301513672 54.90542984008789 -2.5689189434051514
vertex 100.48089599609375 54.98417282104492 -2.581850290298462
vertex 100.54462432861328 54.86220932006836 -2.574036121368408
endloop
endfacet
facet normal -0.06532697566727023 -0.0977643316620571 -0.9930632012640682
outer loop
vertex 100.59963989257812 54.90482711791992 -2.581850290298462
vertex 100.58052825927734 54.858673095703125 -2.576049327850342
vertex 100.48089599609375 54.98417282104492 -2.581850290298462
endloop
endfacet
facet normal -0.065310892321703 -0.09775166985876252 -0.9930655055855914
outer loop
vertex 100.48089599609375 54.98417282104492 -2.581850290298462
vertex 100.58052825927734 54.858673095703125 -2.576049327850342
vertex 100.54462432861328 54.86220932006836 -2.574036121368408
endloop
endfacet
facet normal -0.12549099821903795 -0.08385239533309986 -0.988544781566769
outer loop
vertex 100.28939819335938 55.05646896362305 -2.5677545070648193
vertex 100.3570327758789 54.91911697387695 -2.5646896362304688
vertex 100.18305969238281 55.012420654296875 -2.5505189895629883
endloop
endfacet
facet normal -0.04671409857506256 -0.06991463762527557 -0.9964585974540265
outer loop
vertex 100.64624786376953 55.0173454284668 -2.5919299125671387
vertex 100.59963989257812 54.90482711791992 -2.581850290298462
vertex 100.56700897216797 55.070289611816406 -2.5919299125671387
endloop
endfacet
facet normal 0.01640502808060089 -0.08246942922258577 -0.9964585632616019
outer loop
vertex 100.83318328857422 55.0173454284668 -2.5919299125671387
vertex 100.87979125976562 54.90482711791992 -2.581850290298462
vertex 100.73971557617188 54.99875259399414 -2.5919299125671387
endloop
endfacet
facet normal -0.016405250306757085 -0.08247054637180183 -0.9964584671442704
outer loop
vertex 100.73971557617188 54.99875259399414 -2.5919299125671387
vertex 100.73971557617188 54.8769645690918 -2.581850290298462
vertex 100.64624786376953 55.0173454284668 -2.5919299125671387
endloop
endfacet
facet normal -0.016404124065382428 -0.0824698022564133 -0.9964585472710018
outer loop
vertex 100.73971557617188 54.8769645690918 -2.581850290298462
vertex 100.59963989257812 54.90482711791992 -2.581850290298462
vertex 100.64624786376953 55.0173454284668 -2.5919299125671387
endloop
endfacet
facet normal 0.01640427234112631 -0.08247054769525712 -0.9964584831350488
outer loop
vertex 100.87979125976562 54.90482711791992 -2.581850290298462
vertex 100.73971557617188 54.8769645690918 -2.581850290298462
vertex 100.73971557617188 54.99875259399414 -2.5919299125671387
endloop
endfacet
facet normal -0.04671808350743039 -0.06991540881823526 -0.9964583565223245
outer loop
vertex 100.59963989257812 54.90482711791992 -2.581850290298462
vertex 100.48089599609375 54.98417282104492 -2.581850290298462
vertex 100.56700897216797 55.070289611816406 -2.5919299125671387
endloop
endfacet
facet normal -0.8314731349781013 0.5555649609268822 0
outer loop
vertex 99.89118957519531 56.091522216796875 -2.4000000953674316
vertex 99.72610473632812 55.844451904296875 -2.4000000953674316
vertex 99.72610473632812 55.844451904296875 -1.2000000476837158
endloop
endfacet
facet normal -0.2611805312659809 0.17451285621088483 -0.9493840071882078
outer loop
vertex 99.72610473632812 55.844451904296875 -2.4000000953674316
vertex 99.89118957519531 56.091522216796875 -2.4000000953674316
vertex 99.97338104248047 56.00933074951172 -2.4377195835113525
endloop
endfacet
facet normal -0.2611853371224737 0.1745206959207069 -0.9493812439518552
outer loop
vertex 99.72610473632812 55.844451904296875 -2.4000000953674316
vertex 99.97338104248047 56.00933074951172 -2.4377195835113525
vertex 99.75545501708984 55.68318557739258 -2.4377195835113525
endloop
endfacet
facet normal -0.23450726356404833 0.15667628689285495 -0.9594054849025879
outer loop
vertex 99.75545501708984 55.68318557739258 -2.4377195835113525
vertex 100.05641174316406 55.92630386352539 -2.4715797901153564
vertex 99.75879669189453 55.64930725097656 -2.4440689086914062
endloop
endfacet
facet normal -0.23454653246274773 0.15672014362478498 -0.9593887224123118
outer loop
vertex 99.84693145751953 55.612796783447266 -2.4715797901153564
vertex 99.75879669189453 55.64930725097656 -2.4440689086914062
vertex 100.05641174316406 55.92630386352539 -2.4715797901153564
endloop
endfacet
facet normal -0.2766692905593581 0.05503688168310444 -0.9593878492643011
outer loop
vertex 99.84693145751953 55.612796783447266 -2.4715797901153564
vertex 99.81639099121094 55.45927047729492 -2.4715797901153564
vertex 99.75879669189453 55.64930725097656 -2.4440689086914062
endloop
endfacet
facet normal -0.24489872847775349 0.048716871743599226 -0.9683239536423218
outer loop
vertex 99.81639099121094 55.45927047729492 -2.4715797901153564
vertex 99.84693145751953 55.612796783447266 -2.4715797901153564
vertex 99.95639038085938 55.56745910644531 -2.5015439987182617
endloop
endfacet
facet normal -0.24489433278567718 0.04871079095843076 -0.9683253712537239
outer loop
vertex 99.81639099121094 55.45927047729492 -2.4715797901153564
vertex 99.95639038085938 55.56745910644531 -2.5015439987182617
vertex 99.90274047851562 55.297733306884766 -2.5015439987182617
endloop
endfacet
facet normal 0.009849514033012251 -0.04952228999863174 -0.998724451421214
outer loop
vertex 100.7864761352539 55.13010787963867 -2.5979819297790527
vertex 100.83318328857422 55.0173454284668 -2.5919299125671387
vertex 100.73971557617188 55.12080764770508 -2.5979819297790527
endloop
endfacet
facet normal -0.02805068187879479 -0.041982042221076835 -0.9987245202642631
outer loop
vertex 100.64624786376953 55.0173454284668 -2.5919299125671387
vertex 100.56700897216797 55.070289611816406 -2.5919299125671387
vertex 100.6533203125 55.156593322753906 -2.5979819297790527
endloop
endfacet
facet normal -0.00984927316154456 -0.04952107892297507 -0.9987245138477846
outer loop
vertex 100.73971557617188 55.12080764770508 -2.5979819297790527
vertex 100.73971557617188 54.99875259399414 -2.5919299125671387
vertex 100.69295501708984 55.13010787963867 -2.5979819297790527
endloop
endfacet
endsolid auto-kdk-case
